scenario,group,day,mean_demand,demand_p05,demand_p50,demand_p95,optimized_capacity,optimized_expected_cost,optimized_shortage_probability,optimized_expected_shortage,optimized_expected_unused,mean_policy_capacity,mean_policy_expected_cost,mean_policy_shortage_probability,mean_policy_expected_shortage,mean_policy_expected_unused
behaviour_alpha_0.5,behaviour,0,1500.0,1126.0,1502.0,1874.0,1715,339.1561,0.1736,21.1245,233.5336,1500,548.7095,0.5024,91.8834,89.2925
behaviour_alpha_0.5,behaviour,1,3459.675946568386,2610.0,3459.0,4301.0,3945,765.1796,0.1702,46.5593,532.3831,3460,1225.4748,0.4995,204.1085,204.9323
behaviour_alpha_0.5,behaviour,2,7421.13928482227,5629.95,7404.5,9223.05,8551,1662.1145,0.152,88.2504,1220.8625,7421,2636.1813,0.4933,438.9282,441.5403
behaviour_alpha_0.5,behaviour,3,14507.50062508552,11006.65,14512.5,18110.199999999997,16601,3266.8363,0.1728,199.4993,2269.3398,14508,5258.9057,0.5007,880.3442,857.1847
behaviour_alpha_0.5,behaviour,4,24982.83386230559,18863.95,25037.5,31117.299999999996,28626,5569.2143,0.1652,325.6209,3941.1098,24983,8969.8897,0.5051,1499.5668,1472.0557
behaviour_alpha_0.5,behaviour,5,36976.76419123307,27761.850000000002,36932.0,46156.45,42244,8436.3515,0.1757,525.4099,5809.302,36977,13408.8111,0.4973,2231.9865,2248.8786
behaviour_alpha_0.5,behaviour,6,47493.01426033977,35655.0,47519.0,59142.149999999994,54236,10655.0666,0.1774,653.1536,7389.2986,47493,17094.2832,0.5016,2850.1897,2843.3347
behaviour_alpha_0.5,behaviour,7,55016.86666341643,41336.7,55000.0,68350.59999999999,63027,12269.5636,0.1645,699.0583,8774.2721,55017,19723.3936,0.4989,3276.3633,3341.5771
behaviour_alpha_0.5,behaviour,8,59851.34931084506,45071.75,59647.0,74619.74999999997,68486,13522.6824,0.1615,789.6503,9574.4309,59851,21185.9096,0.49,3506.0215,3655.8021
behaviour_alpha_0.5,behaviour,9,62797.510131448806,48013.75,62896.5,78419.45,71929,13989.2541,0.1643,841.9115,9779.6966,62798,22432.0003,0.5039,3770.8692,3577.6543
behaviour_alpha_0.5,behaviour,10,64422.20855476767,48680.3,64472.0,80209.4,74009,14292.4053,0.157,784.9906,10367.4523,64422,22883.4967,0.5021,3814.6725,3810.1342
behaviour_alpha_0.5,behaviour,11,65024.68192442067,49204.95,64996.5,80769.59999999999,74701,14443.9456,0.1581,785.1549,10518.1711,65025,23032.5282,0.4992,3829.252,3886.2682
behaviour_alpha_0.5,behaviour,12,64776.70741653596,48845.8,64845.5,81126.5,74506,14776.9274,0.1625,853.8952,10507.4514,64777,23601.1838,0.5021,3946.1046,3870.6608
behaviour_alpha_0.5,behaviour,13,63817.1878400708,47841.8,63951.0,79688.0,72796,14382.4701,0.1805,908.0817,9842.0616,63817,23237.5071,0.5049,3880.4212,3835.4011
behaviour_alpha_0.5,behaviour,14,62284.39777359118,46932.9,62284.0,77601.15,71403,13958.7288,0.1671,801.1051,9953.2033,62284,22365.8908,0.5,3722.1321,3755.2303
behaviour_alpha_0.5,behaviour,15,60315.6952159783,45566.95,60205.0,74995.1,69301,13622.4297,0.1593,758.5629,9829.6152,60316,21473.9205,0.4947,3564.6447,3650.697
behaviour_alpha_0.5,behaviour,16,58038.37926144698,43829.4,58306.5,72488.39999999998,66481,13098.132,0.1755,817.3104,9011.58,58038,21402.8522,0.5122,3608.5971,3359.8667
behaviour_alpha_0.5,behaviour,17,55562.40051116041,42075.75,55668.5,69081.0,63620,12424.2134,0.1653,731.5073,8766.6769,55562,19902.6152,0.5052,3320.9076,3298.0772
behaviour_alpha_0.5,behaviour,18,52977.39292271389,40021.45,53124.5,65949.05,60806,11788.0605,0.1604,663.8913,8468.604,52977,18955.9459,0.5065,3163.3722,3139.0849
behaviour_alpha_0.5,behaviour,19,50353.14254852209,37710.5,50399.0,62896.49999999999,57660,11453.4833,0.172,695.4746,7976.1103,50353,18414.6597,0.5017,3073.504,3047.1397
behaviour_alpha_0.5,behaviour,20,47741.947701338424,36030.7,47790.5,59905.25,54845,10988.6937,0.1656,663.0628,7673.3797,47742,17485.7119,0.5019,2929.7325,2837.0494
behaviour_alpha_0.5,behaviour,21,45181.659532985606,33767.9,45257.0,56461.1,51628,10219.5502,0.1771,630.4977,7067.0617,45182,16424.33,0.5047,2738.961,2729.525
behaviour_alpha_0.5,behaviour,22,42698.68945389888,32002.7,42746.5,53294.45,48774,9648.1811,0.1754,602.2923,6636.7196,42699,15501.5453,0.5031,2590.353,2549.7803
behaviour_alpha_0.5,behaviour,23,40310.65092138561,30417.0,40263.5,50288.54999999999,46186,9081.3414,0.1667,537.4554,6394.0644,40311,14601.8528,0.4977,2436.7073,2418.3163
behaviour_alpha_0.5,behaviour,24,38028.53297656816,28501.7,38061.0,47393.1,43485,8417.7127,0.1678,496.9557,5932.9342,38029,13585.3955,0.5025,2267.5695,2247.548
behaviour_alpha_0.5,behaviour,25,35858.41888009389,27215.0,35874.0,44543.399999999994,40967,7951.3167,0.1696,475.4146,5574.2437,35858,12682.1973,0.5016,2115.3947,2105.2238
behaviour_alpha_0.5,behaviour,26,33802.81157684603,25335.9,33719.0,42316.149999999994,38637,7725.0741,0.1667,471.5705,5367.2216,33803,12137.6315,0.4952,2012.6634,2074.3145
behaviour_alpha_0.5,behaviour,27,31861.639424509187,24100.8,31953.0,39870.05,36543,7179.9534,0.172,436.4128,4997.8894,31862,11680.6034,0.5078,1966.6878,1847.1644
behaviour_alpha_0.5,behaviour,28,30033.011174220337,22687.55,30028.5,37325.1,34600,6689.4788,0.1529,350.2955,4938.0013,30033,10574.1718,0.4995,1758.911,1779.6168
behaviour_alpha_0.5,behaviour,29,28313.77840998105,21463.0,28340.0,35264.1,32460,6310.2872,0.1562,353.0311,4545.1317,28314,9970.4786,0.5027,1654.063,1700.1636
behaviour_alpha_0.5,behaviour,30,26699.95237900185,20084.55,26729.0,33236.1,30630,5958.6599,0.1615,343.3485,4241.9174,26700,9555.5015,0.5032,1597.8221,1566.391
behaviour_alpha_0.5,behaviour,31,25187.011229227097,19101.95,25202.0,31378.59999999999,28975,5606.9866,0.1637,311.0564,4051.7046,25187,9065.1236,0.5015,1518.7459,1471.3941
behaviour_alpha_0.5,behaviour,32,23770.1255052442,17905.100000000002,23853.0,29686.0,27187,5390.6926,0.1766,337.2545,3704.4201,23770,8728.888,0.5114,1463.1204,1413.286
behaviour_alpha_0.5,behaviour,33,22444.322537363096,16905.95,22457.5,28079.05,25722,5078.1882,0.165,302.9901,3563.2377,22444,8122.369,0.502,1356.6869,1338.9345
behaviour_alpha_0.5,behaviour,34,21204.605381380934,15990.85,21258.0,26371.299999999996,24253,4719.3831,0.1731,284.7537,3295.6146,21205,7673.6217,0.5069,1285.1268,1247.9877
behaviour_alpha_0.5,behaviour,35,20046.03786867569,15083.9,20009.0,25016.05,22945,4531.9804,0.167,271.859,3172.6854,20046,7246.875,0.4961,1207.5081,1209.3345
behaviour_alpha_0.5,behaviour,36,18963.80442595646,14297.9,18976.0,23645.149999999998,21726,4252.2607,0.1695,250.1085,3001.7182,18964,6869.0963,0.5022,1146.5811,1136.1908
behaviour_alpha_0.5,behaviour,37,17953.251128666507,13560.0,18016.0,22362.0,20658,4003.715,0.1609,223.047,2888.48,17953,6494.0934,0.5103,1088.9434,1049.3764
behaviour_alpha_0.5,behaviour,38,17009.91275855276,12821.95,16958.0,21154.0,19486,3821.5934,0.1672,221.9744,2711.7214,17010,6069.241,0.4907,1009.249,1022.996
behaviour_alpha_0.5,behaviour,39,16129.529518044592,12211.95,16125.0,20116.1,18483,3622.0078,0.1687,214.5207,2549.4043,16130,5817.1968,0.4991,972.5522,954.4358
behaviour_alpha_0.5,behaviour,40,15308.056036371228,11516.0,15278.0,19116.05,17478,3468.9364,0.1726,215.2763,2392.5549,15308,5475.6822,0.4926,911.4006,918.6792
behaviour_alpha_0.5,behaviour,41,14541.664753866273,10961.95,14535.0,18097.1,16648,3266.65,0.1625,190.9576,2311.862,14542,5153.323,0.4978,856.4031,871.3075
behaviour_alpha_0.5,behaviour,42,13826.7451495187,10407.9,13834.0,17250.05,15850,3091.9866,0.1629,177.714,2203.4166,13827,4973.6066,0.5013,828.484,831.1866
behaviour_alpha_0.5,behaviour,43,13159.900014364412,9938.95,13170.0,16473.0,15015,2971.5851,0.1751,187.9417,2031.8766,13160,4748.4229,0.5027,793.248,782.1829
behaviour_alpha_0.5,behaviour,44,12537.939589369325,9511.95,12528.0,15636.05,14374,2837.9675,0.1682,167.908,1998.4275,12538,4512.9311,0.4982,753.0686,747.5881
behaviour_alpha_0.5,behaviour,45,11957.874263021817,8978.8,11957.0,14838.149999999998,13665,2657.6218,0.1652,155.4369,1880.4373,11958,4233.802,0.4998,702.6336,720.634
behaviour_alpha_0.5,behaviour,46,11416.906291249197,8665.95,11420.0,14239.0,13114,2534.3278,0.1583,141.2075,1828.2903,11417,4077.221,0.5004,681.1897,671.2725
behaviour_alpha_0.5,behaviour,47,10912.420931321265,8238.85,10914.0,13613.099999999999,12406,2456.1541,0.1746,159.5867,1658.2206,10912,3885.9769,0.5005,646.8905,651.5244
behaviour_alpha_0.5,behaviour,48,10441.977262899929,7814.95,10449.5,13048.05,11927,2366.8866,0.1724,147.8012,1627.8806,10442,3780.372,0.5014,630.8821,625.9615
behaviour_alpha_0.5,behaviour,49,10003.298897814671,7553.95,10006.0,12451.05,11446,2219.7683,0.1621,128.4579,1577.4788,10003,3526.3211,0.501,586.7167,592.7376
behaviour_alpha_0.5,behaviour,50,9594.264753558347,7191.9,9629.0,11939.05,10976,2168.52,0.1719,132.8176,1504.432,9594,3519.5314,0.508,588.3195,577.9339
behaviour_alpha_1,behaviour,0,1500.0,1126.0,1502.0,1874.0,1715,339.1561,0.1736,21.1245,233.5336,1500,548.7095,0.5024,91.8834,89.2925
behaviour_alpha_1,behaviour,1,3468.284929071741,2616.95,3468.0,4311.0,3955,767.0879,0.17,46.6457,533.8594,3468,1229.7439,0.4996,204.9217,205.1354
behaviour_alpha_1,behaviour,2,7487.874377838954,5680.0,7471.0,9306.05,8628,1677.0437,0.152,89.0237,1231.9252,7488,2659.3355,0.4931,442.739,445.6405
behaviour_alpha_1,behaviour,3,14835.832827500017,11256.6,14841.0,18520.199999999997,16977,3340.7765,0.1727,203.9665,2320.944,14836,5378.6067,0.5009,900.4382,876.4157
behaviour_alpha_1,behaviour,4,26149.967410592108,19745.9,26206.5,32571.299999999996,29964,5829.3897,0.1651,340.7216,4125.7817,26150,9389.2169,0.5051,1569.6928,1540.7529
behaviour_alpha_1,behaviour,5,40012.46256928085,30040.75,39964.0,49946.45,45713,9128.9004,0.1756,568.3888,6286.9564,40012,14511.0596,0.4973,2415.582,2433.1496
behaviour_alpha_1,behaviour,6,53378.2720576572,40073.85,53407.0,66471.15,60956,11975.4742,0.1775,734.2381,8304.2837,53378,19213.069,0.5016,3203.5039,3195.5495
behaviour_alpha_1,behaviour,7,63820.19142714272,47951.65,63801.0,79287.69999999998,73112,14232.8158,0.1645,810.9189,10178.2213,63820,22880.0406,0.4989,3800.7897,3876.0921
behaviour_alpha_1,behaviour,8,70373.54554866925,52994.75,70134.0,87738.09999999998,80526,15900.0478,0.1615,928.5114,11257.4908,70374,24908.8492,0.49,4121.9783,4298.9577
behaviour_alpha_1,behaviour,9,73172.94588495338,55946.7,73288.0,91376.5,83813,16300.5863,0.1643,981.0394,11395.3893,73173,26139.2853,0.5039,4394.1559,4168.5058
behaviour_alpha_1,behaviour,10,73051.80564427393,55201.2,73108.0,90954.45,83923,16206.9492,0.157,890.1126,11756.3862,73052,25947.9754,0.502,4325.4503,4320.7239
behaviour_alpha_1,behaviour,11,71038.3986061932,53755.0,71007.5,88239.65,81609,15779.7474,0.1583,857.8683,11490.4059,71038,25164.1432,0.4992,4183.7676,4245.3052
behaviour_alpha_1,behaviour,12,67976.61342941584,51258.8,68049.0,85133.54999999999,78186,15506.8715,0.1625,896.1601,11026.071,67977,24766.9013,0.5021,4140.9984,4061.9093
behaviour_alpha_1,behaviour,13,64427.03160211699,48298.8,64562.0,80450.0,73492,14519.8682,0.1805,916.6931,9936.4027,64427,23459.2284,0.5049,3917.4198,3872.1294
behaviour_alpha_1,behaviour,14,60721.490945738246,45755.9,60721.0,75654.1,69611,13608.4591,0.1671,781.0494,9703.2121,60721,21804.8829,0.5,3628.7867,3660.9494
behaviour_alpha_1,behaviour,15,57043.704255172546,43095.9,56939.0,70927.1,65542,12883.4568,0.1593,717.3442,9296.7358,57044,20308.9822,0.4947,3371.2651,3452.6567
behaviour_alpha_1,behaviour,16,53490.292265785596,40394.45,53737.0,66807.34999999998,61271,12071.7252,0.1755,753.3184,8305.1332,53490,19725.5308,0.5122,3325.786,3096.6008
behaviour_alpha_1,behaviour,17,50108.789682616225,37945.75,50204.5,62300.05,57375,11204.7519,0.1653,659.7948,7905.7779,50109,17947.9695,0.5052,2994.6644,2974.6475
behaviour_alpha_1,behaviour,18,46919.5453357036,35445.5,47049.5,58408.05,53853,10440.1124,0.1604,587.9703,7500.2609,46920,16786.7276,0.5065,2801.2395,2780.5301
behaviour_alpha_1,behaviour,19,43927.977945231774,32898.55,43967.5,54870.45,50303,9991.9678,0.172,606.6373,6958.7813,43928,16064.611,0.5017,2681.2445,2658.3885
behaviour_alpha_1,behaviour,20,41131.38973953183,31041.75,41173.0,51610.2,47251,9467.163,0.1656,571.2405,6610.9605,41131,15065.4228,0.5019,2524.2838,2444.0038
behaviour_alpha_1,behaviour,21,38522.76983975008,28791.9,38587.0,48140.05,44019,8713.3964,0.1771,537.5834,6025.4794,38523,14003.8358,0.5047,2335.3233,2327.2193
behaviour_alpha_1,behaviour,22,36092.93453612783,27051.75,36133.0,45049.399999999994,41228,8155.5704,0.1754,509.1761,5609.6899,36093,13103.7384,0.5031,2189.7041,2155.2179
behaviour_alpha_1,behaviour,23,33831.74118851179,25528.95,33792.0,42206.399999999994,38763,7621.7531,0.1667,451.0378,5366.5641,33832,12255.0525,0.4977,2045.0877,2029.614
behaviour_alpha_1,behaviour,24,31728.779566541794,23780.7,31755.5,39542.1,36281,7023.2489,0.1678,414.687,4949.8139,31729,11335.2055,0.5025,1892.0131,1875.14
behaviour_alpha_1,behaviour,25,29773.764207536686,22597.0,29786.5,36985.299999999996,34016,6602.0779,0.1696,394.6572,4628.7919,29774,10529.0605,0.5015,1756.1543,1748.289
behaviour_alpha_1,behaviour,26,27956.753273371858,20953.95,27888.0,34998.1,31955,6389.0507,0.1667,389.995,4439.0757,27957,10038.2943,0.4952,1664.5356,1715.6163
behaviour_alpha_1,behaviour,27,26268.265477205412,19869.85,26343.5,32871.0,30128,5919.5064,0.172,359.7673,4120.6699,26268,9631.1848,0.5078,1621.7137,1522.6163
behaviour_alpha_1,behaviour,28,24699.33654691401,18658.6,24696.0,30696.1,28455,5501.4443,0.1529,288.1233,4060.8278,24699,8696.9177,0.4995,1446.7022,1463.4067
behaviour_alpha_1,behaviour,29,23241.539636610203,17618.0,23263.0,28947.1,26645,5179.8291,0.1562,289.7844,3730.9071,23242,8183.7551,0.5025,1357.6054,1395.7281
behaviour_alpha_1,behaviour,30,21886.984277490054,16463.65,21911.0,27245.1,25109,4884.5648,0.1614,281.3926,3477.6018,21887,7833.0788,0.5032,1309.8116,1284.0208
behaviour_alpha_1,behaviour,31,20628.30270351107,15643.95,20641.0,25699.499999999993,23731,4592.158,0.1637,254.7058,3318.629,20628,7424.9844,0.5015,1244.0102,1204.9334
behaviour_alpha_1,behaviour,32,19458.62896630576,14657.25,19526.5,24301.05,22256,4412.892,0.1766,276.0348,3032.718,19459,7144.6316,0.5114,1197.4914,1157.1746
behaviour_alpha_1,behaviour,33,18371.57418446964,13837.95,18382.5,22984.05,21054,4156.6991,0.165,248.0901,2916.2486,18372,6647.0993,0.5017,1110.1568,1096.3153
behaviour_alpha_1,behaviour,34,17361.200001949175,13091.9,17404.5,21591.249999999996,19857,3863.9795,0.173,233.1511,2698.224,17361,6283.8227,0.5069,1052.4583,1021.5312
behaviour_alpha_1,behaviour,35,16421.991551636806,12356.95,16392.0,20493.05,18797,3712.6671,0.167,222.6889,2599.2226,16422,5936.6683,0.4961,989.1891,990.7228
behaviour_alpha_1,behaviour,36,15548.830718927184,11722.95,15558.5,19387.1,17814,3486.5174,0.1695,205.0045,2461.4949,15549,5632.1042,0.5021,940.1023,931.5927
behaviour_alpha_1,behaviour,37,14736.970188191392,11130.95,14788.5,18356.0,16957,3286.4645,0.1609,183.1175,2370.877,14737,5330.2223,0.5103,893.7438,861.5033
behaviour_alpha_1,behaviour,38,13982.008557698378,10539.0,13939.5,17388.05,16017,3141.3057,0.1672,182.5142,2228.7347,13982,4989.0275,0.4907,829.6345,840.855
behaviour_alpha_1,behaviour,39,13279.866677848036,10054.0,13276.0,16562.1,15217,2982.093,0.1688,176.7105,2098.5405,13280,4789.9696,0.4992,800.8566,785.6866
behaviour_alpha_1,behaviour,40,12626.765280116586,9499.0,12602.0,15768.05,14417,2861.3259,0.1724,177.507,1973.7909,12627,4516.0387,0.4926,751.6258,757.9097
behaviour_alpha_1,behaviour,41,12019.20392306283,9060.0,12013.5,14958.05,13760,2700.0003,0.1625,157.8607,1910.6968,12019,4260.3683,0.4979,708.0887,719.9248
behaviour_alpha_1,behaviour,42,11453.941229931239,8621.9,11460.5,14289.099999999999,13130,2561.3732,0.1628,147.2139,1825.3037,11454,4120.398,0.5013,686.3847,688.4745
behaviour_alpha_1,behaviour,43,10927.976392516719,8252.95,10937.0,13679.0,12469,2467.5878,0.1749,155.9724,1687.7258,10928,3943.2252,0.5027,658.7453,649.4987
behaviour_alpha_1,behaviour,44,10438.531879351322,7919.0,10430.0,13018.05,11967,2362.7686,0.1683,139.8189,1663.6741,10439,3756.4284,0.4982,626.7622,622.6174
behaviour_alpha_1,behaviour,45,9983.037305316784,7495.85,9982.0,12388.099999999999,11408,2218.7188,0.1652,129.8058,1569.6898,9983,3534.8842,0.4998,586.6667,601.5507
behaviour_alpha_1,behaviour,46,9559.114388138596,7255.95,9561.5,11922.0,10980,2121.9282,0.1583,118.238,1530.7382,9559,3414.1618,0.5005,570.4436,561.9438
behaviour_alpha_1,behaviour,47,9164.562942964903,6918.9,9166.0,11432.099999999999,10419,2062.7414,0.1746,134.0093,1392.6949,9165,3261.9518,0.5002,542.8777,547.5633
behaviour_alpha_1,behaviour,48,8797.347846181832,6584.0,8803.5,10993.05,10048,1994.1184,0.1725,124.6045,1371.0959,8797,3185.7022,0.5014,531.7018,527.1932
behaviour_alpha_1,behaviour,49,8455.586908627654,6385.0,8458.0,10525.05,9675,1876.3322,0.1621,108.5964,1333.3502,8456,2979.4054,0.5007,495.6086,501.3624
behaviour_alpha_1,behaviour,50,8137.5396110024285,6099.9,8167.0,10126.05,9310,1839.2679,0.1719,112.5661,1276.4374,8138,2983.7623,0.5079,498.6485,490.5198
behaviour_alpha_2,behaviour,0,1500.0,1126.0,1502.0,1874.0,1715,339.1561,0.1736,21.1245,233.5336,1500,548.7095,0.5024,91.8834,89.2925
behaviour_alpha_2,behaviour,1,3485.575129032448,2629.95,3485.0,4333.0,3975,770.8913,0.1695,46.8265,536.7588,3486,1234.4339,0.4994,205.5836,206.5159
behaviour_alpha_2,behaviour,2,7624.1696040087545,5783.95,7607.0,9476.0,8785,1707.5759,0.152,90.653,1254.3109,7624,2708.3231,0.4933,450.9442,453.6021
behaviour_alpha_2,behaviour,3,15532.045345369304,11784.6,15537.0,19389.199999999997,17774,3497.526,0.1726,213.4834,2430.109,15532,5631.4598,0.5009,942.8057,917.4313
behaviour_alpha_2,behaviour,4,28769.351464784144,21723.9,28831.5,35834.299999999996,32965,6413.3042,0.1652,374.9211,4538.6987,28769,10330.5006,0.5051,1727.1205,1694.8981
behaviour_alpha_2,behaviour,5,47018.95165191887,35301.5,46961.5,58692.49999999999,53717,10727.4986,0.1757,668.0437,7387.2801,47019,17050.8744,0.4973,2838.273,2859.5094
behaviour_alpha_2,behaviour,6,65449.96492169362,49136.6,65485.5,81503.2,74742,14683.747,0.1774,900.1893,10182.8005,65450,23557.47,0.5016,3927.8098,3918.421
behaviour_alpha_2,behaviour,7,76534.42539181164,57504.55,76511.5,95082.84999999999,87677,17068.2723,0.1645,972.5286,12205.6293,76534,27438.5957,0.4989,4558.0825,4648.1832
behaviour_alpha_2,behaviour,8,78965.67800359489,59465.65,78696.5,98450.34999999996,90357,17841.3015,0.1615,1041.9844,12631.3795,78966,27950.4213,0.49,4625.3377,4823.7328
behaviour_alpha_2,behaviour,9,76643.99878695146,58600.7,76764.5,95710.54999999999,87789,17073.8115,0.1643,1027.5377,11936.123,76644,27379.3497,0.5039,4602.6274,4366.2127
behaviour_alpha_2,behaviour,10,72592.32937512599,54854.2,72648.0,90382.45,83395,16104.9895,0.157,884.5341,11682.319,72592,25785.8161,0.5022,4298.5052,4293.2901
behaviour_alpha_2,behaviour,11,68124.31096961747,51550.0,68094.5,84619.65,78261,15132.4175,0.1583,822.7222,11018.8065,68124,24131.7581,0.4992,4012.1123,4071.1966
behaviour_alpha_2,behaviour,12,63714.46239356336,48044.8,63782.5,79795.5,73284,14534.6005,0.1625,839.9268,10334.9665,63714,23215.6741,0.5022,3881.7724,3806.8121
behaviour_alpha_2,behaviour,13,59520.86249058878,44620.8,59645.5,74323.0,67896,13414.1374,0.1805,846.8018,9180.1284,59521,21672.455,0.5049,3619.0214,3577.348
behaviour_alpha_2,behaviour,14,55588.7622311351,41887.9,55588.5,69259.1,63727,12458.1398,0.1671,715.0009,8883.1353,55589,19960.3428,0.4998,3321.7014,3351.8358
behaviour_alpha_2,behaviour,15,51923.08007377571,39226.95,51828.0,64560.1,59658,11726.9465,0.1593,653.0364,8461.7645,51923,18486.6139,0.4947,3068.8143,3142.5424
behaviour_alpha_2,behaviour,16,48514.28391363494,36636.5,48738.0,60592.249999999985,55571,10948.7383,0.1755,683.2698,7532.3893,48514,17890.5621,0.5122,3016.4071,2808.5266
behaviour_alpha_2,behaviour,17,45347.91784558243,34340.75,45434.5,56381.0,51924,10140.1669,0.1653,597.0653,7154.8404,45348,16242.9277,0.5052,2710.1921,2691.9672
behaviour_alpha_2,behaviour,18,42408.231169760904,32037.55,42526.5,52792.05,48675,9436.3072,0.1604,531.444,6779.0872,42408,15174.004,0.5065,2532.2268,2512.87
behaviour_alpha_2,behaviour,19,39679.594177116625,29716.65,39715.5,49564.399999999994,45438,9025.6276,0.172,547.9808,6285.7236,39680,14510.1996,0.5017,2421.7428,2401.4856
behaviour_alpha_2,behaviour,20,37147.04799450386,28034.8,37184.5,46610.2,42674,8550.0883,0.1656,515.8812,5970.6823,37147,13605.4365,0.5018,2279.6059,2207.407
behaviour_alpha_2,behaviour,21,34796.502380850645,26006.9,34854.5,43483.1,39761,7870.552,0.1771,485.5968,5442.568,34797,12648.65,0.5045,2109.2798,2102.251
behaviour_alpha_2,behaviour,22,32614.785985581126,24444.8,32651.0,40708.34999999999,37255,7369.6461,0.1754,460.1104,5069.0941,32615,11840.6809,0.5031,1978.6162,1947.5999
behaviour_alpha_2,behaviour,23,30589.633806974274,23082.0,30553.5,38161.399999999994,35048,6891.3396,0.1667,407.8663,4852.0081,30590,11080.386,0.4977,1849.0407,1835.1825
behaviour_alpha_2,behaviour,24,28709.648273698196,21517.75,28734.5,35780.05,32829,6354.9557,0.1678,375.1789,4479.0612,28710,10256.3045,0.5025,1711.9037,1696.786
behaviour_alpha_2,behaviour,25,26964.250104750587,20465.0,26976.5,33495.299999999996,30806,5979.1031,0.1696,357.447,4191.8681,26964,9536.4237,0.5015,1590.6671,1583.0882
behaviour_alpha_2,behaviour,26,25343.62628244003,18995.9,25281.0,31726.149999999998,28968,5791.8572,0.1667,353.5663,4024.0257,25344,9099.7052,0.4952,1508.8743,1555.3337
behaviour_alpha_2,behaviour,27,23838.67850246028,18031.85,23907.0,29831.0,27341,5372.0067,0.172,326.5624,3739.1947,23839,8739.2327,0.5077,1471.4334,1382.0657
behaviour_alpha_2,behaviour,28,22440.973622976835,16952.65,22438.0,27889.1,25853,4998.4085,0.1531,261.8168,3689.3245,22441,7901.0665,0.4995,1314.2598,1329.7675
behaviour_alpha_2,behaviour,29,21142.69675801147,16027.0,21162.0,26333.05,24238,4712.0271,0.1563,263.7449,3393.3026,21143,7444.9783,0.5025,1235.0701,1269.6278
behaviour_alpha_2,behaviour,30,19936.607235390104,14996.65,19958.0,24817.1,22871,4449.2823,0.1615,256.3993,3167.2858,19937,7134.2871,0.5031,1192.9001,1169.7866
behaviour_alpha_2,behaviour,31,18815.997431737283,14269.95,18827.0,23441.449999999993,21646,4188.7133,0.1637,232.3465,3026.9808,18816,6772.0891,0.5015,1134.5758,1099.2101
behaviour_alpha_2,behaviour,32,17774.65439638745,13389.300000000001,17836.5,22198.05,20330,4030.9977,0.1766,252.1377,2770.3092,17775,6526.3201,0.5114,1093.8581,1057.0296
behaviour_alpha_2,behaviour,33,16806.824129601537,12659.0,16816.5,21027.0,19261,3802.6667,0.165,226.9237,2668.0482,16807,6081.3809,0.5017,1015.7094,1002.8339
behaviour_alpha_2,behaviour,34,15907.178361419696,11995.9,15947.0,19783.199999999997,18194,3540.3622,0.173,213.6159,2472.2827,15907,5757.5358,0.5069,964.3115,935.9783
behaviour_alpha_2,behaviour,35,15070.783673053393,11340.9,15043.0,18807.05,17250,3407.1796,0.167,204.427,2385.0446,15071,5447.7906,0.496,907.6955,909.3131
behaviour_alpha_2,behaviour,36,14293.072805226931,10775.95,14302.0,17821.1,16375,3204.9488,0.1695,188.4991,2262.4533,14293,5177.693,0.5022,864.2898,856.244
behaviour_alpha_2,behaviour,37,13569.818004386472,10249.0,13617.5,16902.05,15614,3026.167,0.1609,168.6162,2183.086,13570,4907.7384,0.5103,822.8781,793.3479
behaviour_alpha_2,behaviour,38,12897.1062657176,9721.0,12857.5,16039.05,14775,2897.5678,0.167,168.2192,2056.4718,12897,4602.0958,0.4908,765.3072,775.5598
behaviour_alpha_2,behaviour,39,12271.316340621352,9290.95,12268.0,15304.099999999999,14062,2755.6202,0.1687,163.1794,1939.7232,12271,4427.0864,0.4992,740.2571,725.8009
behaviour_alpha_2,behaviour,40,11689.097385009429,8794.0,11666.0,14597.05,13346,2648.8422,0.1725,164.39,1826.8922,11689,4181.2856,0.4926,695.9639,701.4661
behaviour_alpha_2,behaviour,41,11147.349133293195,8403.0,11142.0,13873.05,12762,2504.1545,0.1625,146.389,1772.2095,11147,3951.6421,0.4979,656.8036,667.6241
behaviour_alpha_2,behaviour,42,10643.203491023547,8011.9,10649.0,13278.05,12200,2380.0551,0.163,136.896,1695.5751,10643,3829.2741,0.5014,637.9325,639.6116
behaviour_alpha_2,behaviour,43,10174.007446577903,7683.95,10182.0,12735.05,11608,2297.3589,0.1751,145.3328,1570.6949,10174,3671.1951,0.5027,613.3055,604.6676
behaviour_alpha_2,behaviour,44,9737.307209617866,7387.0,9729.0,12143.05,11163,2204.0405,0.1683,130.4419,1551.831,9737,3505.5499,0.4983,585.0268,580.4159
behaviour_alpha_2,behaviour,45,9330.833490139685,7006.85,9330.0,11578.099999999999,10663,2073.7508,0.165,121.2721,1467.3903,9331,3303.527,0.4998,548.2348,562.353
behaviour_alpha_2,behaviour,46,8952.487838642539,6795.0,8955.0,11165.0,10283,1987.2752,0.1583,110.7683,1433.4337,8952,3198.2574,0.5006,534.432,526.0974
behaviour_alpha_2,behaviour,47,8600.32997254991,6492.9,8601.0,10729.05,9777,1935.7643,0.1746,125.8517,1306.5058,8600,3062.6185,0.5005,509.8274,513.4815
behaviour_alpha_2,behaviour,48,8272.566020641545,6191.0,8278.5,10337.05,9449,1875.1536,0.1724,117.1057,1289.6251,8273,2994.1374,0.5012,499.603,496.1224
behaviour_alpha_2,behaviour,49,7967.5376199817,6016.95,7969.5,9917.05,9116,1768.0153,0.1622,102.42,1255.9153,7968,2807.2859,0.5006,466.9651,472.4604
behaviour_alpha_2,behaviour,50,7683.711806588119,5759.9,7711.5,9561.05,8791,1736.6696,0.1718,106.2489,1205.4251,7684,2817.6548,0.5079,470.9131,463.0893
uncertainty_alpha_0.5_cv_0.05,uncertainty,0,1500.0,1375.0,1501.0,1625.0,1572,113.04,0.1714,6.9843,78.1185,1500,182.9196,0.5008,30.6309,29.7651
uncertainty_alpha_0.5_cv_0.05,uncertainty,1,3459.675946568386,3176.0,3459.5,3740.0,3621,255.0756,0.1704,15.5977,177.0871,3460,408.0616,0.4984,67.9287,68.4181
uncertainty_alpha_0.5_cv_0.05,uncertainty,2,7421.13928482227,6824.0,7415.5,8022.0,7798,554.0529,0.1518,29.3789,407.1584,7421,878.8957,0.4931,146.3527,147.1322
uncertainty_alpha_0.5_cv_0.05,uncertainty,3,14507.50062508552,13340.85,14509.0,15708.099999999999,15205,1088.9548,0.1728,66.5567,756.1713,14508,1752.294,0.5005,293.2799,285.8945
uncertainty_alpha_0.5_cv_0.05,uncertainty,4,24982.83386230559,22943.0,25001.0,27028.1,26197,1856.391,0.1652,108.5756,1313.513,24983,2989.7416,0.5049,499.8007,490.7381
uncertainty_alpha_0.5_cv_0.05,uncertainty,5,36976.76419123307,33905.6,36962.0,40037.1,38733,2812.1026,0.1756,175.0517,1936.8441,36977,4469.2848,0.4971,743.9154,749.7078
uncertainty_alpha_0.5_cv_0.05,uncertainty,6,47493.01426033977,43546.7,47502.0,51376.05,49741,3551.6635,0.1774,217.6604,2463.3615,47493,5698.1253,0.5015,950.0707,947.7718
uncertainty_alpha_0.5_cv_0.05,uncertainty,7,55016.86666341643,50456.9,55011.5,59461.2,57687,4089.852,0.1645,233.0041,2924.8315,55017,6574.2804,0.4988,1092.0755,1113.9029
uncertainty_alpha_0.5_cv_0.05,uncertainty,8,59851.34931084506,54924.9,59783.5,64773.59999999999,62729,4507.5474,0.1615,263.3083,3191.0059,59851,7062.4184,0.49,1168.7868,1218.4844
uncertainty_alpha_0.5_cv_0.05,uncertainty,9,62797.510131448806,57869.9,62830.5,68005.15,65841,4663.0765,0.1643,280.6927,3259.613,62798,7476.6645,0.5039,1256.7907,1192.711
uncertainty_alpha_0.5_cv_0.05,uncertainty,10,64422.20855476767,59174.75,64439.0,69685.1,67618,4764.145,0.157,261.6325,3455.9825,64422,7628.1036,0.502,1271.6256,1269.9756
uncertainty_alpha_0.5_cv_0.05,uncertainty,11,65024.68192442067,59751.0,65015.0,70273.2,68250,4814.6427,0.1581,261.7383,3505.9512,65025,7677.0921,0.4992,1276.3132,1295.5261
uncertainty_alpha_0.5_cv_0.05,uncertainty,12,64776.70741653596,59465.95,64799.5,70226.2,68020,4925.6425,0.1625,284.5988,3502.6485,64777,7866.6487,0.502,1315.2665,1290.3162
uncertainty_alpha_0.5_cv_0.05,uncertainty,13,63817.1878400708,58491.95,63862.0,69107.05,66810,4794.1695,0.1805,302.7165,3280.587,63817,7746.0751,0.5049,1293.5341,1278.4046
uncertainty_alpha_0.5_cv_0.05,uncertainty,14,62284.39777359118,57167.0,62284.0,67390.05,65324,4652.8973,0.167,267.0221,3317.7868,62284,7455.8125,0.4998,1240.8413,1251.606
uncertainty_alpha_0.5_cv_0.05,uncertainty,15,60315.6952159783,55399.95,60279.0,65209.05,63311,4540.8184,0.1593,252.8217,3276.7099,60316,7157.568,0.4947,1188.1133,1217.0015
uncertainty_alpha_0.5_cv_0.05,uncertainty,16,58038.37926144698,53301.8,58127.5,62854.49999999999,60853,4366.018,0.1753,272.3634,3004.201,58038,7134.8118,0.5122,1202.9957,1119.8333
uncertainty_alpha_0.5_cv_0.05,uncertainty,17,55562.40051116041,51066.9,55598.0,60069.0,58248,4141.4039,0.1653,243.8811,2921.9984,55562,6634.7485,0.5052,1107.1052,1099.2225
uncertainty_alpha_0.5_cv_0.05,uncertainty,18,52977.39292271389,48658.8,53026.5,57301.05,55587,3929.3529,0.1604,221.2847,2822.9294,52977,6319.1709,0.5065,1054.5877,1046.2324
uncertainty_alpha_0.5_cv_0.05,uncertainty,19,50353.14254852209,46138.85,50368.5,54534.2,52789,3817.8168,0.172,231.7833,2658.9003,50353,6138.4098,0.5017,1024.5488,1015.6658
uncertainty_alpha_0.5_cv_0.05,uncertainty,20,47741.947701338424,43837.9,47758.5,51796.1,50110,3662.9112,0.1656,220.9611,2558.1057,47742,5828.4968,0.5017,976.5587,945.7033
uncertainty_alpha_0.5_cv_0.05,uncertainty,21,45181.659532985606,41377.0,45206.5,48941.05,47330,3406.5385,0.1771,210.2418,2355.3295,45182,5474.2993,0.5044,912.8686,909.9563
uncertainty_alpha_0.5_cv_0.05,uncertainty,22,42698.68945389888,39132.95,42715.0,46230.149999999994,44724,3216.0491,0.1753,200.7273,2212.4126,42699,5166.7559,0.5031,863.3451,850.0304
uncertainty_alpha_0.5_cv_0.05,uncertainty,23,40310.65092138561,37013.0,40295.0,43636.2,42269,3027.1282,0.1667,179.1715,2131.2707,40311,4866.8336,0.4976,812.1224,806.2216
uncertainty_alpha_0.5_cv_0.05,uncertainty,24,38028.53297656816,34852.9,38039.5,41150.05,39847,2805.9126,0.1678,165.7124,1977.3506,38029,4527.8286,0.5022,755.6984,749.3366
uncertainty_alpha_0.5_cv_0.05,uncertainty,25,35858.41888009389,32977.0,35863.5,38753.149999999994,37561,2650.4374,0.1696,158.5182,1857.8464,35858,4227.9656,0.5016,705.2729,701.6011
uncertainty_alpha_0.5_cv_0.05,uncertainty,26,33802.81157684603,30980.95,33775.0,36641.05,35414,2575.02,0.1667,157.224,1788.9,33803,4045.6176,0.4952,670.8236,691.4996
uncertainty_alpha_0.5_cv_0.05,uncertainty,27,31861.639424509187,29274.9,31892.0,34531.0,33422,2393.326,0.172,145.4869,1665.8915,31862,3893.0218,0.5076,655.4362,615.8408
uncertainty_alpha_0.5_cv_0.05,uncertainty,28,30033.011174220337,27584.85,30031.5,32464.0,31555,2229.7982,0.1529,116.8165,1645.7157,30033,3524.7274,0.4995,586.3047,593.2039
uncertainty_alpha_0.5_cv_0.05,uncertainty,29,28313.77840998105,26030.0,28322.5,30630.05,29696,2103.4392,0.1561,117.6533,1515.1727,28314,3323.173,0.5025,551.2756,566.795
uncertainty_alpha_0.5_cv_0.05,uncertainty,30,26699.95237900185,24494.85,26710.0,28879.0,28010,1986.2294,0.1614,114.4455,1414.0019,26700,3185.106,0.5031,532.5916,522.148
uncertainty_alpha_0.5_cv_0.05,uncertainty,31,25187.011229227097,23158.95,25192.0,27251.199999999997,26450,1869.0091,0.1635,103.6332,1350.8431,25187,3021.7411,0.5015,506.2552,490.4651
uncertainty_alpha_0.5_cv_0.05,uncertainty,32,23770.1255052442,21814.7,23798.0,25742.0,24909,1796.9136,0.1766,112.4347,1234.7401,23770,2909.8144,0.5114,487.7515,471.0569
uncertainty_alpha_0.5_cv_0.05,uncertainty,33,22444.322537363096,20598.0,22449.0,24323.0,23537,1692.7268,0.1648,100.9765,1187.8443,22444,2707.8826,0.5019,452.3358,446.2036
uncertainty_alpha_0.5_cv_0.05,uncertainty,34,21204.605381380934,19466.95,21222.5,22927.1,22221,1573.1144,0.1729,94.8719,1098.7549,21205,2557.3356,0.5065,428.2421,416.1251
uncertainty_alpha_0.5_cv_0.05,uncertainty,35,20046.03786867569,18391.95,20033.5,21703.0,21012,1510.6566,0.167,90.679,1057.2616,20046,2415.6834,0.496,402.5168,403.0994
uncertainty_alpha_0.5_cv_0.05,uncertainty,36,18963.80442595646,17408.0,18968.0,20524.05,19885,1417.4265,0.1693,83.2923,1000.965,18964,2289.4263,0.5017,382.1256,378.7983
uncertainty_alpha_0.5_cv_0.05,uncertainty,37,17953.251128666507,16489.0,17974.0,19423.0,18855,1334.5805,0.1608,74.3227,962.967,17953,2165.0547,0.5103,363.0684,349.7127
uncertainty_alpha_0.5_cv_0.05,uncertainty,38,17009.91275855276,15614.0,16992.5,18391.0,17835,1273.8642,0.1672,74.0372,903.6782,17010,2022.9684,0.4905,336.3879,341.0289
uncertainty_alpha_0.5_cv_0.05,uncertainty,39,16129.529518044592,14823.95,16128.0,17458.05,16914,1207.3311,0.1686,71.5091,849.7856,16130,1938.4361,0.498,324.0266,318.3031
uncertainty_alpha_0.5_cv_0.05,uncertainty,40,15308.056036371228,14044.0,15298.0,16577.05,16031,1156.3269,0.1726,71.8239,797.2074,15308,1825.3221,0.4926,303.8231,306.2066
uncertainty_alpha_0.5_cv_0.05,uncertainty,41,14541.664753866273,13348.0,14539.0,15727.0,15244,1088.8898,0.1623,63.6163,770.8083,14542,1717.3256,0.4975,285.3556,290.5476
uncertainty_alpha_0.5_cv_0.05,uncertainty,42,13826.7451495187,12687.0,13829.5,14968.0,14501,1030.6754,0.1627,59.2674,734.3384,13827,1657.5306,0.5009,276.0766,277.1476
uncertainty_alpha_0.5_cv_0.05,uncertainty,43,13159.900014364412,12086.0,13163.0,14264.0,13778,990.5314,0.1751,62.6924,677.0694,13160,1582.6744,0.5026,264.3829,260.7599
uncertainty_alpha_0.5_cv_0.05,uncertainty,44,12537.939589369325,11529.0,12535.0,13571.0,13150,945.9974,0.1679,55.9647,666.1739,12538,1504.241,0.4982,251.0053,249.2145
uncertainty_alpha_0.5_cv_0.05,uncertainty,45,11957.874263021817,10964.95,11957.0,12918.05,12527,885.8744,0.165,51.7983,626.8829,11958,1411.0938,0.4996,234.1682,240.2528
uncertainty_alpha_0.5_cv_0.05,uncertainty,46,11416.906291249197,10500.0,11418.0,12358.0,11983,844.7892,0.1577,47.0056,609.7612,11417,1358.9338,0.5002,227.0297,223.7853
uncertainty_alpha_0.5_cv_0.05,uncertainty,47,10912.420931321265,10020.95,10913.0,11813.0,11410,818.7276,0.1746,53.2437,552.5091,10912,1295.8824,0.5005,215.7695,217.0349
uncertainty_alpha_0.5_cv_0.05,uncertainty,48,10441.977262899929,9566.0,10444.5,11311.0,10937,788.9637,0.1724,49.2651,542.6382,10442,1260.0993,0.5012,210.2877,208.6608
uncertainty_alpha_0.5_cv_0.05,uncertainty,49,10003.298897814671,9187.0,10004.0,10819.05,10484,739.9116,0.1621,42.8511,525.6561,10003,1175.849,0.5009,195.674,197.479
uncertainty_alpha_0.5_cv_0.05,uncertainty,50,9594.264753558347,8793.0,9606.0,10376.0,10055,722.8401,0.1717,44.2469,501.6056,9594,1173.5491,0.5079,196.1984,192.5571
uncertainty_alpha_0.5_cv_0.15,uncertainty,0,1500.0,1126.0,1502.0,1874.0,1715,339.1561,0.1736,21.1245,233.5336,1500,548.7095,0.5024,91.8834,89.2925
uncertainty_alpha_0.5_cv_0.15,uncertainty,1,3459.675946568386,2610.0,3459.0,4301.0,3945,765.1796,0.1702,46.5593,532.3831,3460,1225.4748,0.4995,204.1085,204.9323
uncertainty_alpha_0.5_cv_0.15,uncertainty,2,7421.13928482227,5629.95,7404.5,9223.05,8551,1662.1145,0.152,88.2504,1220.8625,7421,2636.1813,0.4933,438.9282,441.5403
uncertainty_alpha_0.5_cv_0.15,uncertainty,3,14507.50062508552,11006.65,14512.5,18110.199999999997,16601,3266.8363,0.1728,199.4993,2269.3398,14508,5258.9057,0.5007,880.3442,857.1847
uncertainty_alpha_0.5_cv_0.15,uncertainty,4,24982.83386230559,18863.95,25037.5,31117.299999999996,28626,5569.2143,0.1652,325.6209,3941.1098,24983,8969.8897,0.5051,1499.5668,1472.0557
uncertainty_alpha_0.5_cv_0.15,uncertainty,5,36976.76419123307,27761.850000000002,36932.0,46156.45,42244,8436.3515,0.1757,525.4099,5809.302,36977,13408.8111,0.4973,2231.9865,2248.8786
uncertainty_alpha_0.5_cv_0.15,uncertainty,6,47493.01426033977,35655.0,47519.0,59142.149999999994,54236,10655.0666,0.1774,653.1536,7389.2986,47493,17094.2832,0.5016,2850.1897,2843.3347
uncertainty_alpha_0.5_cv_0.15,uncertainty,7,55016.86666341643,41336.7,55000.0,68350.59999999999,63027,12269.5636,0.1645,699.0583,8774.2721,55017,19723.3936,0.4989,3276.3633,3341.5771
uncertainty_alpha_0.5_cv_0.15,uncertainty,8,59851.34931084506,45071.75,59647.0,74619.74999999997,68486,13522.6824,0.1615,789.6503,9574.4309,59851,21185.9096,0.49,3506.0215,3655.8021
uncertainty_alpha_0.5_cv_0.15,uncertainty,9,62797.510131448806,48013.75,62896.5,78419.45,71929,13989.2541,0.1643,841.9115,9779.6966,62798,22432.0003,0.5039,3770.8692,3577.6543
uncertainty_alpha_0.5_cv_0.15,uncertainty,10,64422.20855476767,48680.3,64472.0,80209.4,74009,14292.4053,0.157,784.9906,10367.4523,64422,22883.4967,0.5021,3814.6725,3810.1342
uncertainty_alpha_0.5_cv_0.15,uncertainty,11,65024.68192442067,49204.95,64996.5,80769.59999999999,74701,14443.9456,0.1581,785.1549,10518.1711,65025,23032.5282,0.4992,3829.252,3886.2682
uncertainty_alpha_0.5_cv_0.15,uncertainty,12,64776.70741653596,48845.8,64845.5,81126.5,74506,14776.9274,0.1625,853.8952,10507.4514,64777,23601.1838,0.5021,3946.1046,3870.6608
uncertainty_alpha_0.5_cv_0.15,uncertainty,13,63817.1878400708,47841.8,63951.0,79688.0,72796,14382.4701,0.1805,908.0817,9842.0616,63817,23237.5071,0.5049,3880.4212,3835.4011
uncertainty_alpha_0.5_cv_0.15,uncertainty,14,62284.39777359118,46932.9,62284.0,77601.15,71403,13958.7288,0.1671,801.1051,9953.2033,62284,22365.8908,0.5,3722.1321,3755.2303
uncertainty_alpha_0.5_cv_0.15,uncertainty,15,60315.6952159783,45566.95,60205.0,74995.1,69301,13622.4297,0.1593,758.5629,9829.6152,60316,21473.9205,0.4947,3564.6447,3650.697
uncertainty_alpha_0.5_cv_0.15,uncertainty,16,58038.37926144698,43829.4,58306.5,72488.39999999998,66481,13098.132,0.1755,817.3104,9011.58,58038,21402.8522,0.5122,3608.5971,3359.8667
uncertainty_alpha_0.5_cv_0.15,uncertainty,17,55562.40051116041,42075.75,55668.5,69081.0,63620,12424.2134,0.1653,731.5073,8766.6769,55562,19902.6152,0.5052,3320.9076,3298.0772
uncertainty_alpha_0.5_cv_0.15,uncertainty,18,52977.39292271389,40021.45,53124.5,65949.05,60806,11788.0605,0.1604,663.8913,8468.604,52977,18955.9459,0.5065,3163.3722,3139.0849
uncertainty_alpha_0.5_cv_0.15,uncertainty,19,50353.14254852209,37710.5,50399.0,62896.49999999999,57660,11453.4833,0.172,695.4746,7976.1103,50353,18414.6597,0.5017,3073.504,3047.1397
uncertainty_alpha_0.5_cv_0.15,uncertainty,20,47741.947701338424,36030.7,47790.5,59905.25,54845,10988.6937,0.1656,663.0628,7673.3797,47742,17485.7119,0.5019,2929.7325,2837.0494
uncertainty_alpha_0.5_cv_0.15,uncertainty,21,45181.659532985606,33767.9,45257.0,56461.1,51628,10219.5502,0.1771,630.4977,7067.0617,45182,16424.33,0.5047,2738.961,2729.525
uncertainty_alpha_0.5_cv_0.15,uncertainty,22,42698.68945389888,32002.7,42746.5,53294.45,48774,9648.1811,0.1754,602.2923,6636.7196,42699,15501.5453,0.5031,2590.353,2549.7803
uncertainty_alpha_0.5_cv_0.15,uncertainty,23,40310.65092138561,30417.0,40263.5,50288.54999999999,46186,9081.3414,0.1667,537.4554,6394.0644,40311,14601.8528,0.4977,2436.7073,2418.3163
uncertainty_alpha_0.5_cv_0.15,uncertainty,24,38028.53297656816,28501.7,38061.0,47393.1,43485,8417.7127,0.1678,496.9557,5932.9342,38029,13585.3955,0.5025,2267.5695,2247.548
uncertainty_alpha_0.5_cv_0.15,uncertainty,25,35858.41888009389,27215.0,35874.0,44543.399999999994,40967,7951.3167,0.1696,475.4146,5574.2437,35858,12682.1973,0.5016,2115.3947,2105.2238
uncertainty_alpha_0.5_cv_0.15,uncertainty,26,33802.81157684603,25335.9,33719.0,42316.149999999994,38637,7725.0741,0.1667,471.5705,5367.2216,33803,12137.6315,0.4952,2012.6634,2074.3145
uncertainty_alpha_0.5_cv_0.15,uncertainty,27,31861.639424509187,24100.8,31953.0,39870.05,36543,7179.9534,0.172,436.4128,4997.8894,31862,11680.6034,0.5078,1966.6878,1847.1644
uncertainty_alpha_0.5_cv_0.15,uncertainty,28,30033.011174220337,22687.55,30028.5,37325.1,34600,6689.4788,0.1529,350.2955,4938.0013,30033,10574.1718,0.4995,1758.911,1779.6168
uncertainty_alpha_0.5_cv_0.15,uncertainty,29,28313.77840998105,21463.0,28340.0,35264.1,32460,6310.2872,0.1562,353.0311,4545.1317,28314,9970.4786,0.5027,1654.063,1700.1636
uncertainty_alpha_0.5_cv_0.15,uncertainty,30,26699.95237900185,20084.55,26729.0,33236.1,30630,5958.6599,0.1615,343.3485,4241.9174,26700,9555.5015,0.5032,1597.8221,1566.391
uncertainty_alpha_0.5_cv_0.15,uncertainty,31,25187.011229227097,19101.95,25202.0,31378.59999999999,28975,5606.9866,0.1637,311.0564,4051.7046,25187,9065.1236,0.5015,1518.7459,1471.3941
uncertainty_alpha_0.5_cv_0.15,uncertainty,32,23770.1255052442,17905.100000000002,23853.0,29686.0,27187,5390.6926,0.1766,337.2545,3704.4201,23770,8728.888,0.5114,1463.1204,1413.286
uncertainty_alpha_0.5_cv_0.15,uncertainty,33,22444.322537363096,16905.95,22457.5,28079.05,25722,5078.1882,0.165,302.9901,3563.2377,22444,8122.369,0.502,1356.6869,1338.9345
uncertainty_alpha_0.5_cv_0.15,uncertainty,34,21204.605381380934,15990.85,21258.0,26371.299999999996,24253,4719.3831,0.1731,284.7537,3295.6146,21205,7673.6217,0.5069,1285.1268,1247.9877
uncertainty_alpha_0.5_cv_0.15,uncertainty,35,20046.03786867569,15083.9,20009.0,25016.05,22945,4531.9804,0.167,271.859,3172.6854,20046,7246.875,0.4961,1207.5081,1209.3345
uncertainty_alpha_0.5_cv_0.15,uncertainty,36,18963.80442595646,14297.9,18976.0,23645.149999999998,21726,4252.2607,0.1695,250.1085,3001.7182,18964,6869.0963,0.5022,1146.5811,1136.1908
uncertainty_alpha_0.5_cv_0.15,uncertainty,37,17953.251128666507,13560.0,18016.0,22362.0,20658,4003.715,0.1609,223.047,2888.48,17953,6494.0934,0.5103,1088.9434,1049.3764
uncertainty_alpha_0.5_cv_0.15,uncertainty,38,17009.91275855276,12821.95,16958.0,21154.0,19486,3821.5934,0.1672,221.9744,2711.7214,17010,6069.241,0.4907,1009.249,1022.996
uncertainty_alpha_0.5_cv_0.15,uncertainty,39,16129.529518044592,12211.95,16125.0,20116.1,18483,3622.0078,0.1687,214.5207,2549.4043,16130,5817.1968,0.4991,972.5522,954.4358
uncertainty_alpha_0.5_cv_0.15,uncertainty,40,15308.056036371228,11516.0,15278.0,19116.05,17478,3468.9364,0.1726,215.2763,2392.5549,15308,5475.6822,0.4926,911.4006,918.6792
uncertainty_alpha_0.5_cv_0.15,uncertainty,41,14541.664753866273,10961.95,14535.0,18097.1,16648,3266.65,0.1625,190.9576,2311.862,14542,5153.323,0.4978,856.4031,871.3075
uncertainty_alpha_0.5_cv_0.15,uncertainty,42,13826.7451495187,10407.9,13834.0,17250.05,15850,3091.9866,0.1629,177.714,2203.4166,13827,4973.6066,0.5013,828.484,831.1866
uncertainty_alpha_0.5_cv_0.15,uncertainty,43,13159.900014364412,9938.95,13170.0,16473.0,15015,2971.5851,0.1751,187.9417,2031.8766,13160,4748.4229,0.5027,793.248,782.1829
uncertainty_alpha_0.5_cv_0.15,uncertainty,44,12537.939589369325,9511.95,12528.0,15636.05,14374,2837.9675,0.1682,167.908,1998.4275,12538,4512.9311,0.4982,753.0686,747.5881
uncertainty_alpha_0.5_cv_0.15,uncertainty,45,11957.874263021817,8978.8,11957.0,14838.149999999998,13665,2657.6218,0.1652,155.4369,1880.4373,11958,4233.802,0.4998,702.6336,720.634
uncertainty_alpha_0.5_cv_0.15,uncertainty,46,11416.906291249197,8665.95,11420.0,14239.0,13114,2534.3278,0.1583,141.2075,1828.2903,11417,4077.221,0.5004,681.1897,671.2725
uncertainty_alpha_0.5_cv_0.15,uncertainty,47,10912.420931321265,8238.85,10914.0,13613.099999999999,12406,2456.1541,0.1746,159.5867,1658.2206,10912,3885.9769,0.5005,646.8905,651.5244
uncertainty_alpha_0.5_cv_0.15,uncertainty,48,10441.977262899929,7814.95,10449.5,13048.05,11927,2366.8866,0.1724,147.8012,1627.8806,10442,3780.372,0.5014,630.8821,625.9615
uncertainty_alpha_0.5_cv_0.15,uncertainty,49,10003.298897814671,7553.95,10006.0,12451.05,11446,2219.7683,0.1621,128.4579,1577.4788,10003,3526.3211,0.501,586.7167,592.7376
uncertainty_alpha_0.5_cv_0.15,uncertainty,50,9594.264753558347,7191.9,9629.0,11939.05,10976,2168.52,0.1719,132.8176,1504.432,9594,3519.5314,0.508,588.3195,577.9339
uncertainty_alpha_0.5_cv_0.30,uncertainty,0,1500.0,754.0,1503.5,2248.0,1929,677.7552,0.1741,42.3223,466.1437,1500,1095.7788,0.5024,183.4929,178.3143
uncertainty_alpha_0.5_cv_0.30,uncertainty,1,3459.675946568386,1763.0,3457.5,5140.0,4429,1529.0158,0.1704,93.113,1063.4508,3460,2447.8528,0.4994,407.7525,409.0903
uncertainty_alpha_0.5_cv_0.30,uncertainty,2,7421.13928482227,3842.95,7385.5,11022.05,9679,3321.4706,0.152,176.3334,2439.8036,7421,5264.223,0.4928,876.4588,881.929
uncertainty_alpha_0.5_cv_0.30,uncertainty,3,14507.50062508552,7516.250000000001,14513.0,21708.299999999996,18690,6528.3594,0.1727,398.7821,4534.4489,14508,10503.459,0.5005,1758.2987,1711.9655
uncertainty_alpha_0.5_cv_0.30,uncertainty,4,24982.83386230559,12762.85,25084.0,37242.54999999999,32260,11129.5673,0.1652,651.1182,7873.9763,24983,17913.7677,0.5046,2994.6516,2940.5097
uncertainty_alpha_0.5_cv_0.30,uncertainty,5,36976.76419123307,18574.7,36876.0,55321.84999999999,47498,16857.487,0.1757,1050.57,11604.637,36977,26777.5858,0.4969,4457.4198,4490.4868
uncertainty_alpha_0.5_cv_0.30,uncertainty,6,47493.01426033977,23853.95,47530.0,70772.25,60960,21292.5524,0.1775,1306.344,14760.8324,47493,34137.9986,0.5011,5691.7517,5679.2401
uncertainty_alpha_0.5_cv_0.30,uncertainty,7,55016.86666341643,27698.4,54967.0,81662.24999999999,71016,24518.138,0.1645,1398.0063,17528.1065,55017,39388.2254,0.4984,6542.8542,6673.9544
uncertainty_alpha_0.5_cv_0.30,uncertainty,8,59851.34931084506,30334.55,59425.0,89363.59999999995,77097,27021.832,0.1615,1579.2871,19125.3965,59851,42307.6838,0.4897,7001.2624,7301.3718
uncertainty_alpha_0.5_cv_0.30,uncertainty,9,62797.510131448806,33266.55,62976.0,94016.9,81037,27954.715,0.1643,1683.5865,19536.7825,62798,44797.4372,0.5036,7530.5402,7144.7362
uncertainty_alpha_0.5_cv_0.30,uncertainty,10,64422.20855476767,32983.55,64502.0,95970.84999999999,83572,28562.433,0.157,1569.7037,20713.9145,64422,45699.5264,0.5016,7617.5526,7611.7634
uncertainty_alpha_0.5_cv_0.30,uncertainty,11,65024.68192442067,33428.95,64948.5,96488.24999999999,84352,28862.9734,0.1583,1570.2369,21011.7889,65025,45996.1398,0.499,7646.9313,7761.4833
uncertainty_alpha_0.5_cv_0.30,uncertainty,12,64776.70741653596,32961.55,64895.0,97449.99999999999,84210,29529.5815,0.1625,1707.7131,20991.016,64777,47133.7421,0.5016,7880.5732,7730.8761
uncertainty_alpha_0.5_cv_0.30,uncertainty,13,63817.1878400708,31915.55,64064.5,95533.0,81752,28739.1809,0.1805,1815.7257,19660.5524,63817,46404.2581,0.5044,7749.0719,7658.8986
uncertainty_alpha_0.5_cv_0.30,uncertainty,14,62284.39777359118,31626.8,62264.5,92893.25,80498,27889.0106,0.1671,1602.0315,19878.8531,62284,44659.6204,0.4993,7432.7998,7495.6214
uncertainty_alpha_0.5_cv_0.30,uncertainty,15,60315.6952159783,30860.85,60076.5,89650.25,78264,27220.5324,0.1593,1516.8679,19636.1929,60316,42883.2226,0.4942,7118.6496,7289.9746
uncertainty_alpha_0.5_cv_0.30,uncertainty,16,58038.37926144698,29659.850000000002,58556.5,86913.89999999997,74901,26176.2509,0.1755,1634.5483,18003.5094,58038,42743.3465,0.512,7206.2309,6712.192
uncertainty_alpha_0.5_cv_0.30,uncertainty,17,55562.40051116041,28626.45,55757.5,82577.0,71656,24828.6718,0.1653,1462.9461,17513.9413,55562,39745.847,0.5044,6631.4753,6588.4705
uncertainty_alpha_0.5_cv_0.30,uncertainty,18,52977.39292271389,27102.9,53255.5,78900.05,68615,23555.4597,0.1604,1327.5533,16917.6932,52977,37853.2303,0.5062,6316.8484,6268.9883
uncertainty_alpha_0.5_cv_0.30,uncertainty,19,50353.14254852209,25107.05,50429.5,75419.99999999999,64949,22887.6915,0.172,1390.586,15934.7615,50353,36774.8297,0.5015,6137.7757,6085.9512
uncertainty_alpha_0.5_cv_0.30,uncertainty,20,47741.947701338424,24352.45,47824.0,72048.5,61930,21959.0827,0.1656,1325.971,15329.2277,47742,34920.0987,0.5014,5850.807,5666.0637
uncertainty_alpha_0.5_cv_0.30,uncertainty,21,45181.659532985606,22391.8,45318.5,67722.2,58057,20420.909,0.1771,1260.8984,14116.417,45182,32799.5454,0.5042,5469.8378,5450.3564
uncertainty_alpha_0.5_cv_0.30,uncertainty,22,42698.68945389888,21339.45,42781.5,63871.94999999998,54832,19280.6474,0.1754,1204.6536,13257.3794,42699,30958.162,0.5028,5173.0727,5092.7985
uncertainty_alpha_0.5_cv_0.30,uncertainty,23,40310.65092138561,20552.9,40204.0,60250.04999999999,52046,18145.514,0.1668,1074.8025,12771.5015,40311,29159.5728,0.4974,4866.3123,4828.0113
uncertainty_alpha_0.5_cv_0.30,uncertainty,24,38028.53297656816,19005.350000000002,38082.0,56743.149999999994,48927,16822.7387,0.1678,993.8148,11853.6647,38029,27132.6171,0.5019,4528.4612,4490.3111
uncertainty_alpha_0.5_cv_0.30,uncertainty,25,35858.41888009389,18595.0,35878.5,53213.79999999999,46063,15889.0563,0.1696,950.5573,11136.2698,35858,25325.2273,0.501,4224.0858,4204.7983
uncertainty_alpha_0.5_cv_0.30,uncertainty,26,33802.81157684603,16895.8,33626.0,50816.25,43457,15434.9813,0.1667,943.2669,10718.6468,33803,24237.5321,0.4948,4019.3587,4140.7386
uncertainty_alpha_0.5_cv_0.30,uncertainty,27,31861.639424509187,16361.6,32034.5,47866.05,41212,14347.0842,0.172,872.7753,9983.2077,31862,23326.5364,0.5074,3927.684,3688.1164
uncertainty_alpha_0.5_cv_0.30,uncertainty,28,30033.011174220337,15363.1,30015.5,44604.299999999996,39155,13367.5292,0.1531,700.5999,9864.5297,30033,21116.349,0.4991,3512.4032,3554.333
uncertainty_alpha_0.5_cv_0.30,uncertainty,29,28313.77840998105,14631.0,28357.0,42203.2,36595,12609.1299,0.1562,706.0637,9078.8114,28314,19910.3675,0.5023,3303.1033,3394.851
uncertainty_alpha_0.5_cv_0.30,uncertainty,30,26699.95237900185,13488.150000000001,26750.0,39761.25,34550,11907.5818,0.1615,686.6137,8474.5133,26700,19082.792,0.5028,3190.8154,3128.715
uncertainty_alpha_0.5_cv_0.30,uncertainty,31,25187.011229227097,13032.9,25209.5,37560.19999999998,32754,11205.6621,0.1637,621.9469,8095.9276,25187,18104.4419,0.5014,3032.9102,2939.8909
uncertainty_alpha_0.5_cv_0.30,uncertainty,32,23770.1255052442,12057.2,23928.5,35592.05,30595,10771.6653,0.1766,674.4126,7399.6023,23770,17430.8433,0.5112,2921.7756,2821.9653
uncertainty_alpha_0.5_cv_0.30,uncertainty,33,22444.322537363096,11382.95,22464.0,33706.05,28991,10147.9307,0.165,605.9453,7118.2042,22444,16220.0761,0.5015,2709.1362,2674.3951
uncertainty_alpha_0.5_cv_0.30,uncertainty,34,21204.605381380934,10791.75,21304.0,31529.549999999992,27294,9430.1448,0.173,569.3307,6583.4913,21205,15324.5122,0.5065,2566.5586,2491.7192
uncertainty_alpha_0.5_cv_0.30,uncertainty,35,20046.03786867569,10136.8,19965.5,29978.05,25837,9055.8703,0.167,543.5546,6338.0973,20046,14471.9121,0.4956,2411.3949,2414.9376
uncertainty_alpha_0.5_cv_0.30,uncertainty,36,18963.80442595646,9644.9,18981.5,28318.299999999996,24481,8495.6158,0.1695,500.1636,5994.7978,18964,13716.4924,0.5014,2289.8097,2267.4439
uncertainty_alpha_0.5_cv_0.30,uncertainty,37,17953.251128666507,9178.95,18073.5,26763.1,23356,7999.2797,0.1609,446.0358,5769.1007,17953,12966.7709,0.5101,2174.451,2094.5159
uncertainty_alpha_0.5_cv_0.30,uncertainty,38,17009.91275855276,8645.0,16901.5,25291.05,21956,7637.5995,0.1672,443.8361,5418.419,17010,12121.6615,0.4905,2015.5131,2044.096
uncertainty_alpha_0.5_cv_0.30,uncertainty,39,16129.529518044592,8304.9,16115.5,24096.199999999997,20830,7237.5662,0.1688,429.0555,5092.2887,16130,11617.8324,0.498,1942.4332,1905.6664
uncertainty_alpha_0.5_cv_0.30,uncertainty,40,15308.056036371228,7735.95,15244.0,22918.1,19643,6931.5127,0.1725,430.3591,4779.7172,15308,10934.6101,0.4925,1820.042,1834.4001
uncertainty_alpha_0.5_cv_0.30,uncertainty,41,14541.664753866273,7391.95,14523.5,21646.199999999997,18749,6527.9647,0.1625,381.8473,4618.7282,14542,10292.0367,0.4975,1710.3593,1740.2402
uncertainty_alpha_0.5_cv_0.30,uncertainty,42,13826.7451495187,6999.8,13837.5,20667.149999999998,17867,6178.2171,0.163,355.5558,4400.4381,13827,9932.3827,0.5009,1654.5834,1659.4657
uncertainty_alpha_0.5_cv_0.30,uncertainty,43,13159.900014364412,6726.9,13177.0,19781.05,16866,5938.0493,0.1751,375.6923,4059.5878,13160,9482.8267,0.5022,1584.1552,1562.0507
uncertainty_alpha_0.5_cv_0.30,uncertainty,44,12537.939589369325,6493.9,12514.0,18729.1,16205,5671.2112,0.1683,335.8307,3992.0577,12538,9012.6456,0.4981,1503.9031,1493.1301
uncertainty_alpha_0.5_cv_0.30,uncertainty,45,11957.874263021817,6009.6,11952.0,17714.249999999996,15367,5309.3148,0.1652,310.9355,3754.6373,11958,8453.7074,0.4995,1403.1676,1437.8694
uncertainty_alpha_0.5_cv_0.30,uncertainty,46,11416.906291249197,5922.85,11419.5,17056.0,14807,5064.4675,0.1583,282.3464,3652.7355,11417,8142.5575,0.5002,1360.3614,1340.7505
uncertainty_alpha_0.5_cv_0.30,uncertainty,47,10912.420931321265,5572.700000000001,10912.0,16309.199999999997,13896,4907.7117,0.1746,319.0418,3312.5027,10912,7759.0261,0.4999,1291.5942,1301.0551
uncertainty_alpha_0.5_cv_0.30,uncertainty,48,10441.977262899929,5196.9,10453.5,15650.05,13408,4729.5633,0.1725,295.58,3251.6633,10442,7549.3495,0.5012,1259.8777,1249.961
uncertainty_alpha_0.5_cv_0.30,uncertainty,49,10003.298897814671,5111.95,10005.5,14895.099999999999,12884,4435.5523,0.1622,257.0378,3150.3633,10003,7041.2037,0.5003,1171.4797,1183.8052
uncertainty_alpha_0.5_cv_0.30,uncertainty,50,9594.264753558347,4796.8,9661.0,14280.099999999999,12355,4333.0,0.1719,265.4538,3005.731,9594,7027.7088,0.5078,1174.7386,1154.0158
uncertainty_alpha_1_cv_0.05,uncertainty,0,1500.0,1375.0,1501.0,1625.0,1572,113.04,0.1714,6.9843,78.1185,1500,182.9196,0.5008,30.6309,29.7651
uncertainty_alpha_1_cv_0.05,uncertainty,1,3468.284929071741,3184.0,3468.0,3749.0,3630,255.7003,0.1704,15.637,177.5153,3468,410.2825,0.4995,68.4007,68.279
uncertainty_alpha_1_cv_0.05,uncertainty,2,7487.874377838954,6885.0,7482.0,8094.0,7868,559.0313,0.1518,29.6635,410.7138,7488,886.2945,0.4926,147.5407,148.591
uncertainty_alpha_1_cv_0.05,uncertainty,3,14835.832827500017,13642.85,14837.5,16064.05,15550,1113.5741,0.1725,67.9119,774.0146,14836,1792.6415,0.5006,300.0898,292.1925
uncertainty_alpha_1_cv_0.05,uncertainty,4,26149.967410592108,24015.0,26169.0,28290.1,27421,1943.125,0.1651,113.6249,1375.0005,26150,3129.6806,0.505,523.2175,513.5931
uncertainty_alpha_1_cv_0.05,uncertainty,5,40012.46256928085,36688.6,39996.0,43324.149999999994,41912,3043.0076,0.1757,189.5767,2095.1241,40012,4837.6354,0.4973,805.348,810.8954
uncertainty_alpha_1_cv_0.05,uncertainty,6,53378.2720576572,48943.6,53388.0,57742.05,55904,3991.8293,0.1774,244.7773,2767.9428,53378,6404.7221,0.5016,1067.9261,1065.0916
uncertainty_alpha_1_cv_0.05,uncertainty,7,63820.19142714272,58530.85,63813.5,68976.2,66917,4744.2668,0.1645,270.3816,3392.3588,63820,7626.9256,0.4989,1266.9914,1291.9686
uncertainty_alpha_1_cv_0.05,uncertainty,8,70373.54554866925,64580.9,70293.5,76161.69999999998,73758,5300.0213,0.1614,309.4541,3752.7508,70374,8302.3607,0.4899,1373.844,1433.1407
uncertainty_alpha_1_cv_0.05,uncertainty,9,73172.94588495338,67430.9,73211.5,79241.15,76720,5433.5257,0.1643,326.9506,3798.7727,73173,8713.0215,0.5039,1464.6999,1389.522
uncertainty_alpha_1_cv_0.05,uncertainty,10,73051.80564427393,67101.75,73070.5,79019.15,76676,5402.3403,0.157,296.6309,3919.1858,73052,8649.0663,0.502,1441.7519,1440.3068
uncertainty_alpha_1_cv_0.05,uncertainty,11,71038.3986061932,65277.0,71028.0,76772.2,74562,5259.9195,0.1581,285.9448,3830.1955,71038,8388.5689,0.4992,1394.7197,1414.9704
uncertainty_alpha_1_cv_0.05,uncertainty,12,67976.61342941584,62403.95,68000.5,73696.15,71380,5168.9645,0.1625,298.6786,3675.5715,67977,8255.0983,0.502,1380.2009,1354.0938
uncertainty_alpha_1_cv_0.05,uncertainty,13,64427.03160211699,59050.95,64472.0,69768.0,67449,4839.9234,0.1804,305.5069,3312.3889,64427,7819.7828,0.5049,1305.8168,1290.6988
uncertainty_alpha_1_cv_0.05,uncertainty,14,60721.490945738246,55732.95,60721.5,65699.05,63685,4536.1479,0.167,260.293,3234.6829,60721,7268.9421,0.5,1209.7587,1220.1486
uncertainty_alpha_1_cv_0.05,uncertainty,15,57043.704255172546,52394.0,57009.0,61671.05,59876,4294.4691,0.1593,239.1896,3098.5211,57044,6769.2675,0.4947,1123.656,1150.9875
uncertainty_alpha_1_cv_0.05,uncertainty,16,53490.292265785596,49124.85,53572.5,57929.45,56084,4023.8995,0.1754,251.0812,2768.4935,53490,6575.5787,0.5122,1108.6944,1032.1067
uncertainty_alpha_1_cv_0.05,uncertainty,17,50108.789682616225,46054.9,50141.0,54173.0,52531,3734.9253,0.1653,219.9098,2635.3763,50109,5982.3869,0.5052,998.1534,991.6199
uncertainty_alpha_1_cv_0.05,uncertainty,18,46919.5453357036,43094.85,46963.0,50749.0,49231,3480.049,0.1603,195.9416,2500.341,46920,5594.964,0.5064,933.5941,926.9935
uncertainty_alpha_1_cv_0.05,uncertainty,19,43927.977945231774,40251.85,43941.0,47575.149999999994,46053,3330.6583,0.172,202.2101,2319.6078,43928,5354.8251,0.5017,893.7379,886.1356
uncertainty_alpha_1_cv_0.05,uncertainty,20,41131.38973953183,37767.95,41145.5,44624.1,43171,3155.7135,0.1656,190.4548,2203.4395,41131,5022.3135,0.5019,841.5548,814.5395
uncertainty_alpha_1_cv_0.05,uncertainty,21,38522.76983975008,35278.95,38544.5,41728.05,40355,2904.4484,0.1769,179.1665,2008.6159,38523,4667.6106,0.5044,778.3602,775.8096
uncertainty_alpha_1_cv_0.05,uncertainty,22,36092.93453612783,33078.95,36106.0,39078.149999999994,37805,2718.5158,0.1752,169.6611,1870.2103,36093,4367.8262,0.5031,729.8795,718.4287
uncertainty_alpha_1_cv_0.05,uncertainty,23,33831.74118851179,31064.0,33818.5,36623.149999999994,35475,2540.5897,0.1668,150.4288,1788.4457,33832,4084.6685,0.4976,681.6086,676.6255
uncertainty_alpha_1_cv_0.05,uncertainty,24,31728.779566541794,29078.95,31737.5,34333.05,33246,2341.0982,0.1678,138.2622,1649.7872,31729,3778.1082,0.5023,630.5972,625.1222
uncertainty_alpha_1_cv_0.05,uncertainty,25,29773.764207536686,27382.0,29778.0,32177.149999999998,31188,2200.6937,0.1695,131.5258,1543.0647,29774,3509.3503,0.5014,585.3019,582.8408
uncertainty_alpha_1_cv_0.05,uncertainty,26,27956.753273371858,25622.95,27934.0,30304.05,29289,2129.6783,0.1667,130.0815,1479.2708,27957,3345.7889,0.4951,554.7666,571.9559
uncertainty_alpha_1_cv_0.05,uncertainty,27,26268.265477205412,24135.9,26293.0,28469.0,27555,1973.1607,0.172,119.8951,1373.6852,26268,3210.7489,0.5078,540.6598,507.4499
uncertainty_alpha_1_cv_0.05,uncertainty,28,24699.33654691401,22685.85,24698.0,26698.05,25951,1833.7991,0.1529,96.0769,1353.4146,24699,2899.4203,0.4995,482.3471,487.6848
uncertainty_alpha_1_cv_0.05,uncertainty,29,23241.539636610203,21367.0,23248.5,25143.05,24376,1726.6133,0.1562,96.6003,1243.6118,23242,2727.3113,0.5024,452.3833,465.3948
uncertainty_alpha_1_cv_0.05,uncertainty,30,21886.984277490054,20078.9,21895.0,23673.05,22961,1628.1882,0.1614,93.7959,1159.2087,21887,2611.0044,0.5031,436.5986,428.0114
uncertainty_alpha_1_cv_0.05,uncertainty,31,20628.30270351107,18967.0,20632.0,22318.199999999997,21662,1530.7183,0.1637,84.9909,1105.7638,20628,2475.3863,0.5015,414.7689,401.5418
uncertainty_alpha_1_cv_0.05,uncertainty,32,19458.62896630576,17857.8,19481.0,21073.0,20391,1470.9712,0.1766,92.0278,1010.8322,19459,2381.0444,0.5113,399.04,385.8444
uncertainty_alpha_1_cv_0.05,uncertainty,33,18371.57418446964,16860.0,18375.0,19909.0,19266,1385.57,0.1648,82.6499,972.3205,18372,2215.1234,0.5015,369.9088,365.5794
uncertainty_alpha_1_cv_0.05,uncertainty,34,17361.200001949175,15938.0,17375.5,18771.1,18193,1287.996,0.1729,77.7402,899.295,17361,2094.872,0.5067,350.8862,340.441
uncertainty_alpha_1_cv_0.05,uncertainty,35,16421.991551636806,15067.0,16412.0,17779.0,17214,1237.5589,0.1669,74.1738,866.6899,16422,1978.8829,0.4959,329.7278,330.2439
uncertainty_alpha_1_cv_0.05,uncertainty,36,15548.830718927184,14273.95,15552.0,16828.05,16304,1162.1736,0.1693,68.3159,820.5941,15549,1877.1274,0.5015,313.3082,310.5864
uncertainty_alpha_1_cv_0.05,uncertainty,37,14736.970188191392,13535.0,14754.0,15943.0,15477,1095.4842,0.1608,61.0347,790.3107,14737,1776.7054,0.5101,297.9049,287.1809
uncertainty_alpha_1_cv_0.05,uncertainty,38,13982.008557698378,12834.0,13968.0,15117.05,14660,1047.0998,0.1672,60.8943,742.6283,13982,1663.0166,0.4905,276.5471,280.2811
uncertainty_alpha_1_cv_0.05,uncertainty,39,13279.866677848036,12204.95,13279.0,14374.0,13926,994.0266,0.1683,58.8324,699.8646,13280,1596.4814,0.4984,266.9082,261.9404
uncertainty_alpha_1_cv_0.05,uncertainty,40,12626.765280116586,11584.0,12619.0,13674.0,13223,953.7929,0.1726,59.2574,657.5059,12627,1505.0427,0.4925,250.4657,252.7142
uncertainty_alpha_1_cv_0.05,uncertainty,41,12019.20392306283,11033.0,12017.0,12999.0,12600,900.008,0.1621,52.533,637.343,12019,1420.3956,0.4976,236.0976,239.9076
uncertainty_alpha_1_cv_0.05,uncertainty,42,11453.941229931239,10509.95,11456.0,12399.0,12013,853.803,0.1626,49.0107,608.7495,11454,1373.3882,0.501,228.7749,229.5137
uncertainty_alpha_1_cv_0.05,uncertainty,43,10927.976392516719,10036.0,10931.0,11845.0,11442,822.5067,0.1744,51.9282,562.8657,10928,1314.3719,0.5025,219.5724,216.5099
uncertainty_alpha_1_cv_0.05,uncertainty,44,10438.531879351322,9599.0,10436.0,11298.05,10948,787.5922,0.1679,46.6109,554.5377,10439,1251.5258,0.4977,208.7665,207.6933
uncertainty_alpha_1_cv_0.05,uncertainty,45,9983.037305316784,9153.95,9983.0,10785.0,10458,739.569,0.165,43.2724,523.207,9983,1178.3534,0.4996,195.5698,200.5044
uncertainty_alpha_1_cv_0.05,uncertainty,46,9559.114388138596,8791.0,9560.0,10347.0,10033,707.3251,0.1577,39.3721,510.4646,9559,1138.2055,0.5004,190.1855,187.278
uncertainty_alpha_1_cv_0.05,uncertainty,47,9164.562942964903,8415.95,9165.0,9921.0,9583,687.5644,0.1743,44.619,464.4694,9165,1086.7248,0.4992,180.8124,182.6628
uncertainty_alpha_1_cv_0.05,uncertainty,48,8797.347846181832,8059.95,8799.5,9529.0,9214,664.7145,0.1724,41.5741,456.844,8797,1062.3567,0.5014,177.3478,175.6177
uncertainty_alpha_1_cv_0.05,uncertainty,49,8455.586908627654,7765.0,8456.0,9145.05,8862,625.4325,0.1619,36.2064,444.4005,8456,992.5775,0.4998,165.0639,167.258
uncertainty_alpha_1_cv_0.05,uncertainty,50,8137.5396110024285,7458.0,8147.0,8800.05,8528,613.1086,0.1719,37.5845,425.1861,8138,993.9562,0.5073,166.0591,163.6607
uncertainty_alpha_1_cv_0.15,uncertainty,0,1500.0,1126.0,1502.0,1874.0,1715,339.1561,0.1736,21.1245,233.5336,1500,548.7095,0.5024,91.8834,89.2925
uncertainty_alpha_1_cv_0.15,uncertainty,1,3468.284929071741,2616.95,3468.0,4311.0,3955,767.0879,0.17,46.6457,533.8594,3468,1229.7439,0.4996,204.9217,205.1354
uncertainty_alpha_1_cv_0.15,uncertainty,2,7487.874377838954,5680.0,7471.0,9306.05,8628,1677.0437,0.152,89.0237,1231.9252,7488,2659.3355,0.4931,442.739,445.6405
uncertainty_alpha_1_cv_0.15,uncertainty,3,14835.832827500017,11256.6,14841.0,18520.199999999997,16977,3340.7765,0.1727,203.9665,2320.944,14836,5378.6067,0.5009,900.4382,876.4157
uncertainty_alpha_1_cv_0.15,uncertainty,4,26149.967410592108,19745.9,26206.5,32571.299999999996,29964,5829.3897,0.1651,340.7216,4125.7817,26150,9389.2169,0.5051,1569.6928,1540.7529
uncertainty_alpha_1_cv_0.15,uncertainty,5,40012.46256928085,30040.75,39964.0,49946.45,45713,9128.9004,0.1756,568.3888,6286.9564,40012,14511.0596,0.4973,2415.582,2433.1496
uncertainty_alpha_1_cv_0.15,uncertainty,6,53378.2720576572,40073.85,53407.0,66471.15,60956,11975.4742,0.1775,734.2381,8304.2837,53378,19213.069,0.5016,3203.5039,3195.5495
uncertainty_alpha_1_cv_0.15,uncertainty,7,63820.19142714272,47951.65,63801.0,79287.69999999998,73112,14232.8158,0.1645,810.9189,10178.2213,63820,22880.0406,0.4989,3800.7897,3876.0921
uncertainty_alpha_1_cv_0.15,uncertainty,8,70373.54554866925,52994.75,70134.0,87738.09999999998,80526,15900.0478,0.1615,928.5114,11257.4908,70374,24908.8492,0.49,4121.9783,4298.9577
uncertainty_alpha_1_cv_0.15,uncertainty,9,73172.94588495338,55946.7,73288.0,91376.5,83813,16300.5863,0.1643,981.0394,11395.3893,73173,26139.2853,0.5039,4394.1559,4168.5058
uncertainty_alpha_1_cv_0.15,uncertainty,10,73051.80564427393,55201.2,73108.0,90954.45,83923,16206.9492,0.157,890.1126,11756.3862,73052,25947.9754,0.502,4325.4503,4320.7239
uncertainty_alpha_1_cv_0.15,uncertainty,11,71038.3986061932,53755.0,71007.5,88239.65,81609,15779.7474,0.1583,857.8683,11490.4059,71038,25164.1432,0.4992,4183.7676,4245.3052
uncertainty_alpha_1_cv_0.15,uncertainty,12,67976.61342941584,51258.8,68049.0,85133.54999999999,78186,15506.8715,0.1625,896.1601,11026.071,67977,24766.9013,0.5021,4140.9984,4061.9093
uncertainty_alpha_1_cv_0.15,uncertainty,13,64427.03160211699,48298.8,64562.0,80450.0,73492,14519.8682,0.1805,916.6931,9936.4027,64427,23459.2284,0.5049,3917.4198,3872.1294
uncertainty_alpha_1_cv_0.15,uncertainty,14,60721.490945738246,45755.9,60721.0,75654.1,69611,13608.4591,0.1671,781.0494,9703.2121,60721,21804.8829,0.5,3628.7867,3660.9494
uncertainty_alpha_1_cv_0.15,uncertainty,15,57043.704255172546,43095.9,56939.0,70927.1,65542,12883.4568,0.1593,717.3442,9296.7358,57044,20308.9822,0.4947,3371.2651,3452.6567
uncertainty_alpha_1_cv_0.15,uncertainty,16,53490.292265785596,40394.45,53737.0,66807.34999999998,61271,12071.7252,0.1755,753.3184,8305.1332,53490,19725.5308,0.5122,3325.786,3096.6008
uncertainty_alpha_1_cv_0.15,uncertainty,17,50108.789682616225,37945.75,50204.5,62300.05,57375,11204.7519,0.1653,659.7948,7905.7779,50109,17947.9695,0.5052,2994.6644,2974.6475
uncertainty_alpha_1_cv_0.15,uncertainty,18,46919.5453357036,35445.5,47049.5,58408.05,53853,10440.1124,0.1604,587.9703,7500.2609,46920,16786.7276,0.5065,2801.2395,2780.5301
uncertainty_alpha_1_cv_0.15,uncertainty,19,43927.977945231774,32898.55,43967.5,54870.45,50303,9991.9678,0.172,606.6373,6958.7813,43928,16064.611,0.5017,2681.2445,2658.3885
uncertainty_alpha_1_cv_0.15,uncertainty,20,41131.38973953183,31041.75,41173.0,51610.2,47251,9467.163,0.1656,571.2405,6610.9605,41131,15065.4228,0.5019,2524.2838,2444.0038
uncertainty_alpha_1_cv_0.15,uncertainty,21,38522.76983975008,28791.9,38587.0,48140.05,44019,8713.3964,0.1771,537.5834,6025.4794,38523,14003.8358,0.5047,2335.3233,2327.2193
uncertainty_alpha_1_cv_0.15,uncertainty,22,36092.93453612783,27051.75,36133.0,45049.399999999994,41228,8155.5704,0.1754,509.1761,5609.6899,36093,13103.7384,0.5031,2189.7041,2155.2179
uncertainty_alpha_1_cv_0.15,uncertainty,23,33831.74118851179,25528.95,33792.0,42206.399999999994,38763,7621.7531,0.1667,451.0378,5366.5641,33832,12255.0525,0.4977,2045.0877,2029.614
uncertainty_alpha_1_cv_0.15,uncertainty,24,31728.779566541794,23780.7,31755.5,39542.1,36281,7023.2489,0.1678,414.687,4949.8139,31729,11335.2055,0.5025,1892.0131,1875.14
uncertainty_alpha_1_cv_0.15,uncertainty,25,29773.764207536686,22597.0,29786.5,36985.299999999996,34016,6602.0779,0.1696,394.6572,4628.7919,29774,10529.0605,0.5015,1756.1543,1748.289
uncertainty_alpha_1_cv_0.15,uncertainty,26,27956.753273371858,20953.95,27888.0,34998.1,31955,6389.0507,0.1667,389.995,4439.0757,27957,10038.2943,0.4952,1664.5356,1715.6163
uncertainty_alpha_1_cv_0.15,uncertainty,27,26268.265477205412,19869.85,26343.5,32871.0,30128,5919.5064,0.172,359.7673,4120.6699,26268,9631.1848,0.5078,1621.7137,1522.6163
uncertainty_alpha_1_cv_0.15,uncertainty,28,24699.33654691401,18658.6,24696.0,30696.1,28455,5501.4443,0.1529,288.1233,4060.8278,24699,8696.9177,0.4995,1446.7022,1463.4067
uncertainty_alpha_1_cv_0.15,uncertainty,29,23241.539636610203,17618.0,23263.0,28947.1,26645,5179.8291,0.1562,289.7844,3730.9071,23242,8183.7551,0.5025,1357.6054,1395.7281
uncertainty_alpha_1_cv_0.15,uncertainty,30,21886.984277490054,16463.65,21911.0,27245.1,25109,4884.5648,0.1614,281.3926,3477.6018,21887,7833.0788,0.5032,1309.8116,1284.0208
uncertainty_alpha_1_cv_0.15,uncertainty,31,20628.30270351107,15643.95,20641.0,25699.499999999993,23731,4592.158,0.1637,254.7058,3318.629,20628,7424.9844,0.5015,1244.0102,1204.9334
uncertainty_alpha_1_cv_0.15,uncertainty,32,19458.62896630576,14657.25,19526.5,24301.05,22256,4412.892,0.1766,276.0348,3032.718,19459,7144.6316,0.5114,1197.4914,1157.1746
uncertainty_alpha_1_cv_0.15,uncertainty,33,18371.57418446964,13837.95,18382.5,22984.05,21054,4156.6991,0.165,248.0901,2916.2486,18372,6647.0993,0.5017,1110.1568,1096.3153
uncertainty_alpha_1_cv_0.15,uncertainty,34,17361.200001949175,13091.9,17404.5,21591.249999999996,19857,3863.9795,0.173,233.1511,2698.224,17361,6283.8227,0.5069,1052.4583,1021.5312
uncertainty_alpha_1_cv_0.15,uncertainty,35,16421.991551636806,12356.95,16392.0,20493.05,18797,3712.6671,0.167,222.6889,2599.2226,16422,5936.6683,0.4961,989.1891,990.7228
uncertainty_alpha_1_cv_0.15,uncertainty,36,15548.830718927184,11722.95,15558.5,19387.1,17814,3486.5174,0.1695,205.0045,2461.4949,15549,5632.1042,0.5021,940.1023,931.5927
uncertainty_alpha_1_cv_0.15,uncertainty,37,14736.970188191392,11130.95,14788.5,18356.0,16957,3286.4645,0.1609,183.1175,2370.877,14737,5330.2223,0.5103,893.7438,861.5033
uncertainty_alpha_1_cv_0.15,uncertainty,38,13982.008557698378,10539.0,13939.5,17388.05,16017,3141.3057,0.1672,182.5142,2228.7347,13982,4989.0275,0.4907,829.6345,840.855
uncertainty_alpha_1_cv_0.15,uncertainty,39,13279.866677848036,10054.0,13276.0,16562.1,15217,2982.093,0.1688,176.7105,2098.5405,13280,4789.9696,0.4992,800.8566,785.6866
uncertainty_alpha_1_cv_0.15,uncertainty,40,12626.765280116586,9499.0,12602.0,15768.05,14417,2861.3259,0.1724,177.507,1973.7909,12627,4516.0387,0.4926,751.6258,757.9097
uncertainty_alpha_1_cv_0.15,uncertainty,41,12019.20392306283,9060.0,12013.5,14958.05,13760,2700.0003,0.1625,157.8607,1910.6968,12019,4260.3683,0.4979,708.0887,719.9248
uncertainty_alpha_1_cv_0.15,uncertainty,42,11453.941229931239,8621.9,11460.5,14289.099999999999,13130,2561.3732,0.1628,147.2139,1825.3037,11454,4120.398,0.5013,686.3847,688.4745
uncertainty_alpha_1_cv_0.15,uncertainty,43,10927.976392516719,8252.95,10937.0,13679.0,12469,2467.5878,0.1749,155.9724,1687.7258,10928,3943.2252,0.5027,658.7453,649.4987
uncertainty_alpha_1_cv_0.15,uncertainty,44,10438.531879351322,7919.0,10430.0,13018.05,11967,2362.7686,0.1683,139.8189,1663.6741,10439,3756.4284,0.4982,626.7622,622.6174
uncertainty_alpha_1_cv_0.15,uncertainty,45,9983.037305316784,7495.85,9982.0,12388.099999999999,11408,2218.7188,0.1652,129.8058,1569.6898,9983,3534.8842,0.4998,586.6667,601.5507
uncertainty_alpha_1_cv_0.15,uncertainty,46,9559.114388138596,7255.95,9561.5,11922.0,10980,2121.9282,0.1583,118.238,1530.7382,9559,3414.1618,0.5005,570.4436,561.9438
uncertainty_alpha_1_cv_0.15,uncertainty,47,9164.562942964903,6918.9,9166.0,11432.099999999999,10419,2062.7414,0.1746,134.0093,1392.6949,9165,3261.9518,0.5002,542.8777,547.5633
uncertainty_alpha_1_cv_0.15,uncertainty,48,8797.347846181832,6584.0,8803.5,10993.05,10048,1994.1184,0.1725,124.6045,1371.0959,8797,3185.7022,0.5014,531.7018,527.1932
uncertainty_alpha_1_cv_0.15,uncertainty,49,8455.586908627654,6385.0,8458.0,10525.05,9675,1876.3322,0.1621,108.5964,1333.3502,8456,2979.4054,0.5007,495.6086,501.3624
uncertainty_alpha_1_cv_0.15,uncertainty,50,8137.5396110024285,6099.9,8167.0,10126.05,9310,1839.2679,0.1719,112.5661,1276.4374,8138,2983.7623,0.5079,498.6485,490.5198
uncertainty_alpha_1_cv_0.30,uncertainty,0,1500.0,754.0,1503.5,2248.0,1929,677.7552,0.1741,42.3223,466.1437,1500,1095.7788,0.5024,183.4929,178.3143
uncertainty_alpha_1_cv_0.30,uncertainty,1,3468.284929071741,1767.0,3466.0,5153.0,4440,1532.8184,0.1704,93.348,1066.0784,3468,2455.1696,0.4995,409.0732,409.8036
uncertainty_alpha_1_cv_0.30,uncertainty,2,7487.874377838954,3876.95,7451.5,11122.0,9766,3351.3434,0.152,177.9263,2461.7119,7488,5311.0456,0.4927,884.21,889.9956
uncertainty_alpha_1_cv_0.30,uncertainty,3,14835.832827500017,7686.250000000001,14841.5,22199.299999999996,19113,6676.1027,0.1727,407.805,4637.0777,14836,10741.8573,0.5005,1798.2641,1750.5368
uncertainty_alpha_1_cv_0.30,uncertainty,4,26149.967410592108,13359.8,26256.0,38981.649999999994,33767,11649.5152,0.1652,681.5543,8241.7437,26150,18750.9454,0.5046,3134.626,3077.8154
uncertainty_alpha_1_cv_0.30,uncertainty,5,40012.46256928085,20100.500000000004,39903.0,59863.89999999999,51398,18241.422,0.1757,1136.7271,12557.7865,40012,28977.4046,0.497,4823.7242,4858.7836
uncertainty_alpha_1_cv_0.30,uncertainty,6,53378.2720576572,26809.7,53420.0,79541.34999999999,68514,23931.0908,0.1775,1468.2338,16589.9218,53378,38368.804,0.5012,6397.186,6382.874
uncertainty_alpha_1_cv_0.30,uncertainty,7,63820.19142714272,32130.3,63762.0,94729.39999999998,82379,28441.31,0.1646,1621.7623,20332.4985,63820,45691.4566,0.4984,7589.9534,7741.6896
uncertainty_alpha_1_cv_0.30,uncertainty,8,70373.54554866925,35667.45,69872.0,105074.19999999994,90651,31772.4201,0.1615,1856.9474,22487.6831,70374,49743.9339,0.4897,8231.6997,8585.4354
uncertainty_alpha_1_cv_0.30,uncertainty,9,73172.94588495338,38763.4,73381.5,109550.04999999999,94426,32573.4089,0.1643,1961.7456,22764.6809,73173,52199.9311,0.5036,8774.9993,8324.9346
uncertainty_alpha_1_cv_0.30,uncertainty,10,73051.80564427393,37401.4,73142.0,108826.94999999998,94766,32388.4415,0.157,1780.0944,23487.9695,73052,51820.2899,0.5016,8637.7358,8631.6109
uncertainty_alpha_1_cv_0.30,uncertainty,11,71038.3986061932,36519.95,70955.5,105411.34999999998,92153,31532.3193,0.1583,1715.486,22954.8893,71038,50251.5029,0.499,8354.5166,8478.9199
uncertainty_alpha_1_cv_0.30,uncertainty,12,67976.61342941584,34589.55,68101.0,102264.04999999999,88370,30988.3067,0.1625,1792.0543,22028.0352,67977,49461.9357,0.5016,8269.8258,8112.8067
uncertainty_alpha_1_cv_0.30,uncertainty,13,64427.03160211699,32220.55,64677.0,96446.0,82533,29013.8389,0.1805,1833.1179,19848.2494,64427,46847.3919,0.5044,7823.0434,7732.1749
uncertainty_alpha_1_cv_0.30,uncertainty,14,60721.490945738246,30833.75,60702.5,90562.25,78478,27189.2063,0.1671,1561.8438,19379.9873,60721,43539.1733,0.4993,7246.3383,7307.4818
uncertainty_alpha_1_cv_0.30,uncertainty,15,57043.704255172546,29186.85,56817.5,84787.2,74018,25743.8684,0.1593,1434.6378,18570.6794,57044,40556.8754,0.4942,6732.4723,6894.5139
uncertainty_alpha_1_cv_0.30,uncertainty,16,53490.292265785596,27335.95,53967.5,80103.64999999997,69032,24124.958,0.1755,1506.369,16593.113,53490,39393.6648,0.512,6641.4868,6186.2308
uncertainty_alpha_1_cv_0.30,uncertainty,17,50108.789682616225,25816.5,50285.0,74472.0,64623,22391.6609,0.1653,1319.313,15795.0959,50109,35843.5097,0.5044,5980.2878,5942.0707
uncertainty_alpha_1_cv_0.30,uncertainty,18,46919.5453357036,24003.05,47166.0,69878.05,60769,20861.951,0.1604,1175.7563,14983.1695,46920,33523.1656,0.506,5594.1254,5552.5386
uncertainty_alpha_1_cv_0.30,uncertainty,19,43927.977945231774,21903.2,43994.5,65795.9,56661,19967.1855,0.172,1213.2088,13901.1415,43928,32081.9933,0.5015,5354.5101,5309.4428
uncertainty_alpha_1_cv_0.30,uncertainty,20,41131.38973953183,20980.55,41202.0,62072.45,53355,18918.5194,0.1656,1142.3524,13206.7574,41131,30085.7636,0.5014,5040.8931,4881.2981
uncertainty_alpha_1_cv_0.30,uncertainty,21,38522.76983975008,19091.8,38639.5,57741.149999999994,49500,17411.3143,0.1771,1075.1647,12035.4908,38523,27965.6845,0.5042,4663.7264,4647.0525
uncertainty_alpha_1_cv_0.30,uncertainty,22,36092.93453612783,18037.55,36163.0,53990.79999999999,46349,16297.8181,0.1754,1018.3112,11206.2621,36093,26169.1331,0.5028,4372.8637,4304.8146
uncertainty_alpha_1_cv_0.30,uncertainty,23,33831.74118851179,17248.95,33742.0,50566.89999999999,43681,15229.1081,0.1668,902.0478,10718.8691,33832,24473.0039,0.4974,4084.1971,4052.0184
uncertainty_alpha_1_cv_0.30,uncertainty,24,31728.779566541794,15856.5,31773.0,47343.149999999994,40822,14035.9154,0.1678,829.1544,9890.1434,31729,22638.2492,0.5019,3778.3767,3746.3657
uncertainty_alpha_1_cv_0.30,uncertainty,25,29773.764207536686,15440.0,29791.0,44184.649999999994,38246,13192.9354,0.1696,789.3937,9245.9669,29774,21026.725,0.501,3507.0253,3491.5985
uncertainty_alpha_1_cv_0.30,uncertainty,26,27956.753273371858,13973.8,27810.0,42027.25,35942,12765.5745,0.1667,780.0165,8865.492,27957,20045.5837,0.4948,3324.1847,3424.6602
uncertainty_alpha_1_cv_0.30,uncertainty,27,26268.265477205412,13489.65,26410.5,39463.05,33977,11828.4307,0.172,719.5839,8230.5112,26268,19232.6699,0.5074,3238.4571,3040.3844
uncertainty_alpha_1_cv_0.30,uncertainty,28,24699.33654691401,12635.25,24684.5,36683.2,32202,10993.5924,0.1529,576.0717,8113.2339,24699,17366.8632,0.4991,2888.7835,2922.9457
uncertainty_alpha_1_cv_0.30,uncertainty,29,23241.539636610203,12010.0,23277.5,34642.2,30039,10350.2602,0.1562,579.6117,7452.2017,23242,16342.9958,0.5023,2711.2343,2786.8243
uncertainty_alpha_1_cv_0.30,uncertainty,30,21886.984277490054,11057.25,21928.0,32593.199999999997,28322,9761.0895,0.1615,562.8357,6946.911,21887,15642.9351,0.5028,2615.6433,2564.7186
uncertainty_alpha_1_cv_0.30,uncertainty,31,20628.30270351107,10673.9,20647.0,30761.999999999985,26826,9177.508,0.1637,509.3299,6630.8585,20628,14828.218,0.5014,2484.1149,2407.6435
uncertainty_alpha_1_cv_0.30,uncertainty,32,19458.62896630576,9870.500000000002,19588.5,29136.05,25045,8817.8977,0.1766,552.1879,6056.9582,19459,14268.1915,0.5111,2391.5702,2310.3405
uncertainty_alpha_1_cv_0.30,uncertainty,33,18371.57418446964,9317.9,18387.5,27589.05,23730,8306.4525,0.165,496.0332,5826.2865,18372,13275.3573,0.5014,2217.184,2189.4373
uncertainty_alpha_1_cv_0.30,uncertainty,34,17361.200001949175,8835.8,17442.5,25814.449999999993,22347,7720.8923,0.173,466.1134,5390.3253,17361,12547.9439,0.5065,2101.622,2039.8339
uncertainty_alpha_1_cv_0.30,uncertainty,35,16421.991551636806,8304.8,16356.0,24558.05,21166,7418.6987,0.167,445.2929,5192.2342,16422,11855.5111,0.4956,1975.4283,1978.3696
uncertainty_alpha_1_cv_0.30,uncertainty,36,15548.830718927184,7907.9,15563.5,23219.199999999997,20073,6965.7252,0.1695,410.0098,4915.6762,15549,11246.4414,0.5014,1877.4625,1859.1289
uncertainty_alpha_1_cv_0.30,uncertainty,37,14736.970188191392,7534.95,14835.5,21969.05,19171,6566.1835,0.1609,366.2598,4734.8845,14737,10643.3011,0.5101,1784.7794,1719.4041
uncertainty_alpha_1_cv_0.30,uncertainty,38,13982.008557698378,7106.0,13892.5,20789.05,18047,6278.0411,0.1672,364.937,4453.3561,13982,9964.0619,0.4905,1656.7738,1680.1929
uncertainty_alpha_1_cv_0.30,uncertainty,39,13279.866677848036,6836.95,13268.5,19839.149999999998,17150,5958.8702,0.1687,353.2322,4192.7092,13280,9565.748,0.4981,1599.3785,1568.8555
uncertainty_alpha_1_cv_0.30,uncertainty,40,12626.765280116586,6380.95,12574.0,18904.1,16202,5717.4213,0.1726,355.0492,3942.1753,12627,9018.8017,0.4925,1501.1126,1513.2387
uncertainty_alpha_1_cv_0.30,uncertainty,41,12019.20392306283,6109.95,12004.5,17891.149999999998,15497,5395.6063,0.1625,315.5643,3817.7848,12019,8507.6913,0.4976,1413.9118,1438.1323
uncertainty_alpha_1_cv_0.30,uncertainty,42,11453.941229931239,5798.8,11463.0,17120.149999999998,14801,5117.9809,0.163,294.5153,3645.4044,11454,8228.1977,0.5009,1370.7181,1374.6072
uncertainty_alpha_1_cv_0.30,uncertainty,43,10927.976392516719,5585.9,10942.0,16426.05,14005,4930.9813,0.1751,312.0656,3370.6533,10928,7874.6369,0.5022,1315.5082,1297.0959
uncertainty_alpha_1_cv_0.30,uncertainty,44,10438.531879351322,5406.9,10418.5,15593.05,13491,4721.6103,0.1683,279.6933,3323.1438,10439,7502.7005,0.4979,1251.875,1243.3255
uncertainty_alpha_1_cv_0.30,uncertainty,45,9983.037305316784,5016.700000000001,9978.0,14788.199999999997,12829,4432.5026,0.1652,259.6133,3134.4361,9983,7057.899,0.4995,1171.5127,1200.3355
uncertainty_alpha_1_cv_0.30,uncertainty,46,9559.114388138596,4958.9,9561.5,14280.05,12397,4240.3297,0.1584,236.4901,3057.8792,9559,6817.9627,0.5002,1139.0956,1122.4847
uncertainty_alpha_1_cv_0.30,uncertainty,47,9164.562942964903,4680.700000000001,9164.0,13697.199999999997,11670,4121.6479,0.1746,267.9855,2781.7204,9165,6514.6729,0.4997,1084.323,1093.0579
uncertainty_alpha_1_cv_0.30,uncertainty,48,8797.347846181832,4377.95,8807.5,13185.05,11296,3984.6526,0.1725,249.0621,2739.3421,8797,6361.036,0.5012,1061.626,1052.906
uncertainty_alpha_1_cv_0.30,uncertainty,49,8455.586908627654,4320.95,8457.5,12591.05,10891,3749.2898,0.1621,217.2006,2663.2868,8456,5950.4484,0.5002,989.8937,1000.9799
uncertainty_alpha_1_cv_0.30,uncertainty,50,8137.5396110024285,4067.8500000000004,8194.5,12111.099999999999,10479,3675.1018,0.1719,225.1653,2549.2753,8138,5959.275,0.5077,996.0275,979.1375
uncertainty_alpha_2_cv_0.05,uncertainty,0,1500.0,1375.0,1501.0,1625.0,1572,113.04,0.1714,6.9843,78.1185,1500,182.9196,0.5008,30.6309,29.7651
uncertainty_alpha_2_cv_0.05,uncertainty,1,3485.575129032448,3200.0,3485.0,3768.0,3649,256.9612,0.1687,15.5615,179.1537,3486,410.9202,0.4982,68.388,68.9802
uncertainty_alpha_2_cv_0.05,uncertainty,2,7624.1696040087545,7010.95,7618.5,8241.0,8011,569.1902,0.152,30.2364,418.0082,7624,903.0158,0.4931,150.374,151.1458
uncertainty_alpha_2_cv_0.05,uncertainty,3,15532.045345369304,14282.85,15534.0,16818.05,16279,1165.8551,0.1726,71.2241,809.7346,15532,1877.2151,0.5007,314.2841,305.7946
uncertainty_alpha_2_cv_0.05,uncertainty,4,28769.351464784144,26420.95,28790.0,31124.1,30168,2137.7618,0.165,124.9563,1512.9803,28769,3443.962,0.5051,575.823,564.847
uncertainty_alpha_2_cv_0.05,uncertainty,5,47018.95165191887,43113.5,47000.0,50910.149999999994,49252,3575.8096,0.1756,222.6168,2462.7256,47019,5683.5624,0.4973,946.0756,953.1844
uncertainty_alpha_2_cv_0.05,uncertainty,6,65449.96492169362,60012.5,65462.0,70801.05,68547,4894.6065,0.1774,300.1192,3394.0105,65450,7852.4525,0.5015,1309.2602,1306.1515
uncertainty_alpha_2_cv_0.05,uncertainty,7,76534.42539181164,70190.85,76526.5,82717.29999999999,80249,5689.4323,0.1645,324.1133,4068.8658,76534,9146.7567,0.4989,1519.5007,1549.2532
uncertainty_alpha_2_cv_0.05,uncertainty,8,78965.67800359489,72465.9,78876.0,85460.74999999999,82763,5947.1193,0.1614,347.2961,4210.6388,78966,9316.4029,0.4899,1541.6767,1608.0194
uncertainty_alpha_2_cv_0.05,uncertainty,9,76643.99878695146,70629.9,76684.5,82999.2,80359,5691.2638,0.1643,342.511,3978.7088,76644,9126.4278,0.5039,1534.205,1455.4028
uncertainty_alpha_2_cv_0.05,uncertainty,10,72592.32937512599,66679.75,72611.0,78522.15,76193,5368.3158,0.157,294.8784,3893.9238,72592,8595.7082,0.5021,1432.9438,1430.9892
uncertainty_alpha_2_cv_0.05,uncertainty,11,68124.31096961747,62599.95,68114.5,73623.2,71503,5044.1289,0.1583,274.2725,3672.7664,68124,8044.3241,0.4992,1337.4717,1356.9656
uncertainty_alpha_2_cv_0.05,uncertainty,12,63714.46239356336,58490.95,63737.5,69075.15,66904,4844.8539,0.1625,280.0243,3444.7324,63714,7739.1677,0.5022,1294.0766,1268.7847
uncertainty_alpha_2_cv_0.05,uncertainty,13,59520.86249058878,54553.95,59562.0,64455.0,62312,4471.4298,0.1805,282.3715,3059.5723,59521,7223.969,0.5049,1206.2947,1192.4955
uncertainty_alpha_2_cv_0.05,uncertainty,14,55588.7622311351,51021.95,55588.5,60145.05,58302,4152.7169,0.167,238.253,2961.4519,55589,6653.1379,0.4998,1107.1565,1117.3554
uncertainty_alpha_2_cv_0.05,uncertainty,15,51923.08007377571,47691.0,51891.0,56135.05,54501,3908.9612,0.1593,217.7397,2820.2627,51923,6162.2944,0.4947,1022.9619,1047.4849
uncertainty_alpha_2_cv_0.05,uncertainty,16,48514.28391363494,44554.85,48589.0,52540.399999999994,50867,3649.5562,0.1753,227.6735,2511.1887,48514,5963.9364,0.5122,1005.5702,936.0854
uncertainty_alpha_2_cv_0.05,uncertainty,17,45347.91784558243,41678.9,45377.0,49026.0,47540,3380.0541,0.1653,199.0121,2384.9936,45348,5414.1901,0.5052,903.3681,897.3496
uncertainty_alpha_2_cv_0.05,uncertainty,18,42408.231169760904,38950.85,42447.5,45870.0,44497,3145.433,0.1604,177.1741,2259.5625,42408,5058.3412,0.5065,844.1588,837.5472
uncertainty_alpha_2_cv_0.05,uncertainty,19,39679.594177116625,36358.85,39691.5,42974.149999999994,41599,3008.5398,0.172,182.6701,2095.1893,39680,4836.1726,0.5016,807.1089,800.6281
uncertainty_alpha_2_cv_0.05,uncertainty,20,37147.04799450386,34109.9,37159.5,40302.05,38989,2850.0297,0.1656,172.0216,1989.9217,37147,4535.2095,0.5017,759.8849,735.785
uncertainty_alpha_2_cv_0.05,uncertainty,21,34796.502380850645,31866.95,34815.5,37692.05,36451,2623.5399,0.1771,161.9256,1813.9119,34797,4215.5471,0.5043,702.9268,700.9131
uncertainty_alpha_2_cv_0.05,uncertainty,22,32614.785985581126,29890.95,32627.0,35312.149999999994,34162,2456.5273,0.1751,153.2863,1690.0958,32615,3946.5947,0.5031,659.4642,649.2737
uncertainty_alpha_2_cv_0.05,uncertainty,23,30589.633806974274,28087.0,30578.0,33113.149999999994,32076,2297.1142,0.1667,135.9147,1617.5407,30590,3692.9718,0.4976,616.2243,611.8503
uncertainty_alpha_2_cv_0.05,uncertainty,24,28709.648273698196,26311.95,28717.5,31066.05,30083,2118.3188,0.1676,125.0203,1493.2173,28710,3418.2954,0.5022,570.5164,565.7134
uncertainty_alpha_2_cv_0.05,uncertainty,25,26964.250104750587,24798.0,26968.0,29141.1,28245,1993.0278,0.1695,119.1202,1397.4268,26964,3179.1396,0.5015,530.3055,527.6121
uncertainty_alpha_2_cv_0.05,uncertainty,26,25343.62628244003,23227.95,25323.0,27471.05,26552,1930.6185,0.1667,117.8139,1341.549,25344,3032.7379,0.4949,502.8338,518.5689
uncertainty_alpha_2_cv_0.05,uncertainty,27,23838.67850246028,21902.95,23861.5,25836.0,25006,1790.6803,0.172,108.8762,1246.2993,23839,2912.6473,0.5076,490.3707,460.7938
uncertainty_alpha_2_cv_0.05,uncertainty,28,22440.973622976835,20611.85,22440.0,24257.05,23578,1666.1063,0.1531,87.3198,1229.5073,22441,2633.6441,0.4994,438.0761,443.2636
uncertainty_alpha_2_cv_0.05,uncertainty,29,21142.69675801147,19437.0,21149.0,22873.0,22175,1570.7138,0.156,87.8314,1131.5568,21143,2481.245,0.5024,411.5866,423.312
uncertainty_alpha_2_cv_0.05,uncertainty,30,19936.607235390104,18289.9,19944.0,21563.05,20915,1483.098,0.1614,85.4242,1055.977,19937,2377.5774,0.5029,397.5041,390.0569
uncertainty_alpha_2_cv_0.05,uncertainty,31,18815.997431737283,17300.95,18820.0,20358.149999999998,19759,1396.2252,0.1637,77.5023,1008.7137,18816,2257.3478,0.5015,378.1894,366.4008
uncertainty_alpha_2_cv_0.05,uncertainty,32,17774.65439638745,16312.75,17795.0,19249.0,18626,1343.6896,0.1766,84.1227,923.0761,17775,2174.9594,0.5113,364.501,352.4544
uncertainty_alpha_2_cv_0.05,uncertainty,33,16806.824129601537,15424.0,16810.0,18213.05,17625,1267.5657,0.1648,75.6236,889.4477,16807,2026.8955,0.5015,338.5119,334.336
uncertainty_alpha_2_cv_0.05,uncertainty,34,15907.178361419696,14603.0,15920.5,17199.05,16670,1180.1118,0.1728,71.1128,824.5478,15907,1919.4422,0.5067,321.5012,311.9362
uncertainty_alpha_2_cv_0.05,uncertainty,35,15070.783673053393,13827.0,15061.5,16316.0,15797,1135.7317,0.167,68.1745,794.8592,15071,1815.6343,0.4957,302.4916,303.1763
uncertainty_alpha_2_cv_0.05,uncertainty,36,14293.072805226931,13120.95,14296.0,15469.05,14987,1068.3163,0.1694,62.842,754.1063,14293,1726.0029,0.5017,288.1231,285.3874
uncertainty_alpha_2_cv_0.05,uncertainty,37,13569.818004386472,12463.0,13586.0,14681.0,14251,1008.7262,0.1609,56.2414,727.5192,13570,1635.6746,0.5101,274.2328,264.5106
uncertainty_alpha_2_cv_0.05,uncertainty,38,12897.1062657176,11838.95,12884.0,13944.05,13523,965.8577,0.1668,56.0852,685.4317,12897,1534.1649,0.4905,255.1364,258.4829
uncertainty_alpha_2_cv_0.05,uncertainty,39,12271.316340621352,11278.0,12270.0,13282.05,12868,918.5496,0.1686,54.431,646.3946,12271,1476.1218,0.4992,246.8597,241.8233
uncertainty_alpha_2_cv_0.05,uncertainty,40,11689.097385009429,10724.0,11682.0,12658.05,12241,882.9505,0.1726,54.8639,608.631,11689,1393.8829,0.4926,232.0193,233.7864
uncertainty_alpha_2_cv_0.05,uncertainty,41,11147.349133293195,10232.95,11146.0,12056.0,11686,834.7154,0.1621,48.7234,591.0984,11147,1317.6672,0.4979,219.0487,222.4237
uncertainty_alpha_2_cv_0.05,uncertainty,42,10643.203491023547,9766.0,10645.0,11521.05,11162,793.3473,0.1628,45.6539,565.0778,10643,1276.6923,0.5011,212.7114,213.1353
uncertainty_alpha_2_cv_0.05,uncertainty,43,10174.007446577903,9344.0,10177.0,11028.0,10652,765.7861,0.1749,48.4456,523.5581,10174,1223.7537,0.5024,204.4402,201.5527
uncertainty_alpha_2_cv_0.05,uncertainty,44,9737.307209617866,8954.0,9735.0,10539.05,10213,734.6832,0.1678,43.4044,517.6612,9737,1168.9438,0.4982,195.1145,193.3713
uncertainty_alpha_2_cv_0.05,uncertainty,45,9330.833490139685,8555.95,9331.0,10080.05,9775,691.2569,0.1648,40.4077,489.2184,9331,1100.9639,0.4994,182.6922,187.5029
uncertainty_alpha_2_cv_0.05,uncertainty,46,8952.487838642539,8233.0,8953.5,9690.0,9396,662.426,0.1583,36.9217,477.8175,8952,1066.7276,0.5006,178.3053,175.2011
uncertainty_alpha_2_cv_0.05,uncertainty,47,8600.32997254991,7897.95,8601.0,9310.0,8993,645.2319,0.1742,41.8726,435.8689,8600,1021.3167,0.5002,170.0534,171.0497
uncertainty_alpha_2_cv_0.05,uncertainty,48,8272.566020641545,7579.0,8274.5,8961.0,8665,625.0355,0.1723,38.9848,430.1115,8273,997.4631,0.5006,166.3894,165.5161
uncertainty_alpha_2_cv_0.05,uncertainty,49,7967.5376199817,7317.0,7968.0,8617.05,8350,589.3285,0.1622,34.1977,418.34,7968,935.1387,0.4997,155.4994,157.6417
uncertainty_alpha_2_cv_0.05,uncertainty,50,7683.711806588119,7042.0,7693.0,8310.0,8053,578.8819,0.1715,35.3818,401.9729,7684,938.8033,0.5074,156.8687,154.4598
uncertainty_alpha_2_cv_0.15,uncertainty,0,1500.0,1126.0,1502.0,1874.0,1715,339.1561,0.1736,21.1245,233.5336,1500,548.7095,0.5024,91.8834,89.2925
uncertainty_alpha_2_cv_0.15,uncertainty,1,3485.575129032448,2629.95,3485.0,4333.0,3975,770.8913,0.1695,46.8265,536.7588,3486,1234.4339,0.4994,205.5836,206.5159
uncertainty_alpha_2_cv_0.15,uncertainty,2,7624.1696040087545,5783.95,7607.0,9476.0,8785,1707.5759,0.152,90.653,1254.3109,7624,2708.3231,0.4933,450.9442,453.6021
uncertainty_alpha_2_cv_0.15,uncertainty,3,15532.045345369304,11784.6,15537.0,19389.199999999997,17774,3497.526,0.1726,213.4834,2430.109,15532,5631.4598,0.5009,942.8057,917.4313
uncertainty_alpha_2_cv_0.15,uncertainty,4,28769.351464784144,21723.9,28831.5,35834.299999999996,32965,6413.3042,0.1652,374.9211,4538.6987,28769,10330.5006,0.5051,1727.1205,1694.8981
uncertainty_alpha_2_cv_0.15,uncertainty,5,47018.95165191887,35301.5,46961.5,58692.49999999999,53717,10727.4986,0.1757,668.0437,7387.2801,47019,17050.8744,0.4973,2838.273,2859.5094
uncertainty_alpha_2_cv_0.15,uncertainty,6,65449.96492169362,49136.6,65485.5,81503.2,74742,14683.747,0.1774,900.1893,10182.8005,65450,23557.47,0.5016,3927.8098,3918.421
uncertainty_alpha_2_cv_0.15,uncertainty,7,76534.42539181164,57504.55,76511.5,95082.84999999999,87677,17068.2723,0.1645,972.5286,12205.6293,76534,27438.5957,0.4989,4558.0825,4648.1832
uncertainty_alpha_2_cv_0.15,uncertainty,8,78965.67800359489,59465.65,78696.5,98450.34999999996,90357,17841.3015,0.1615,1041.9844,12631.3795,78966,27950.4213,0.49,4625.3377,4823.7328
uncertainty_alpha_2_cv_0.15,uncertainty,9,76643.99878695146,58600.7,76764.5,95710.54999999999,87789,17073.8115,0.1643,1027.5377,11936.123,76644,27379.3497,0.5039,4602.6274,4366.2127
uncertainty_alpha_2_cv_0.15,uncertainty,10,72592.32937512599,54854.2,72648.0,90382.45,83395,16104.9895,0.157,884.5341,11682.319,72592,25785.8161,0.5022,4298.5052,4293.2901
uncertainty_alpha_2_cv_0.15,uncertainty,11,68124.31096961747,51550.0,68094.5,84619.65,78261,15132.4175,0.1583,822.7222,11018.8065,68124,24131.7581,0.4992,4012.1123,4071.1966
uncertainty_alpha_2_cv_0.15,uncertainty,12,63714.46239356336,48044.8,63782.5,79795.5,73284,14534.6005,0.1625,839.9268,10334.9665,63714,23215.6741,0.5022,3881.7724,3806.8121
uncertainty_alpha_2_cv_0.15,uncertainty,13,59520.86249058878,44620.8,59645.5,74323.0,67896,13414.1374,0.1805,846.8018,9180.1284,59521,21672.455,0.5049,3619.0214,3577.348
uncertainty_alpha_2_cv_0.15,uncertainty,14,55588.7622311351,41887.9,55588.5,69259.1,63727,12458.1398,0.1671,715.0009,8883.1353,55589,19960.3428,0.4998,3321.7014,3351.8358
uncertainty_alpha_2_cv_0.15,uncertainty,15,51923.08007377571,39226.95,51828.0,64560.1,59658,11726.9465,0.1593,653.0364,8461.7645,51923,18486.6139,0.4947,3068.8143,3142.5424
uncertainty_alpha_2_cv_0.15,uncertainty,16,48514.28391363494,36636.5,48738.0,60592.249999999985,55571,10948.7383,0.1755,683.2698,7532.3893,48514,17890.5621,0.5122,3016.4071,2808.5266
uncertainty_alpha_2_cv_0.15,uncertainty,17,45347.91784558243,34340.75,45434.5,56381.0,51924,10140.1669,0.1653,597.0653,7154.8404,45348,16242.9277,0.5052,2710.1921,2691.9672
uncertainty_alpha_2_cv_0.15,uncertainty,18,42408.231169760904,32037.55,42526.5,52792.05,48675,9436.3072,0.1604,531.444,6779.0872,42408,15174.004,0.5065,2532.2268,2512.87
uncertainty_alpha_2_cv_0.15,uncertainty,19,39679.594177116625,29716.65,39715.5,49564.399999999994,45438,9025.6276,0.172,547.9808,6285.7236,39680,14510.1996,0.5017,2421.7428,2401.4856
uncertainty_alpha_2_cv_0.15,uncertainty,20,37147.04799450386,28034.8,37184.5,46610.2,42674,8550.0883,0.1656,515.8812,5970.6823,37147,13605.4365,0.5018,2279.6059,2207.407
uncertainty_alpha_2_cv_0.15,uncertainty,21,34796.502380850645,26006.9,34854.5,43483.1,39761,7870.552,0.1771,485.5968,5442.568,34797,12648.65,0.5045,2109.2798,2102.251
uncertainty_alpha_2_cv_0.15,uncertainty,22,32614.785985581126,24444.8,32651.0,40708.34999999999,37255,7369.6461,0.1754,460.1104,5069.0941,32615,11840.6809,0.5031,1978.6162,1947.5999
uncertainty_alpha_2_cv_0.15,uncertainty,23,30589.633806974274,23082.0,30553.5,38161.399999999994,35048,6891.3396,0.1667,407.8663,4852.0081,30590,11080.386,0.4977,1849.0407,1835.1825
uncertainty_alpha_2_cv_0.15,uncertainty,24,28709.648273698196,21517.75,28734.5,35780.05,32829,6354.9557,0.1678,375.1789,4479.0612,28710,10256.3045,0.5025,1711.9037,1696.786
uncertainty_alpha_2_cv_0.15,uncertainty,25,26964.250104750587,20465.0,26976.5,33495.299999999996,30806,5979.1031,0.1696,357.447,4191.8681,26964,9536.4237,0.5015,1590.6671,1583.0882
uncertainty_alpha_2_cv_0.15,uncertainty,26,25343.62628244003,18995.9,25281.0,31726.149999999998,28968,5791.8572,0.1667,353.5663,4024.0257,25344,9099.7052,0.4952,1508.8743,1555.3337
uncertainty_alpha_2_cv_0.15,uncertainty,27,23838.67850246028,18031.85,23907.0,29831.0,27341,5372.0067,0.172,326.5624,3739.1947,23839,8739.2327,0.5077,1471.4334,1382.0657
uncertainty_alpha_2_cv_0.15,uncertainty,28,22440.973622976835,16952.65,22438.0,27889.1,25853,4998.4085,0.1531,261.8168,3689.3245,22441,7901.0665,0.4995,1314.2598,1329.7675
uncertainty_alpha_2_cv_0.15,uncertainty,29,21142.69675801147,16027.0,21162.0,26333.05,24238,4712.0271,0.1563,263.7449,3393.3026,21143,7444.9783,0.5025,1235.0701,1269.6278
uncertainty_alpha_2_cv_0.15,uncertainty,30,19936.607235390104,14996.65,19958.0,24817.1,22871,4449.2823,0.1615,256.3993,3167.2858,19937,7134.2871,0.5031,1192.9001,1169.7866
uncertainty_alpha_2_cv_0.15,uncertainty,31,18815.997431737283,14269.95,18827.0,23441.449999999993,21646,4188.7133,0.1637,232.3465,3026.9808,18816,6772.0891,0.5015,1134.5758,1099.2101
uncertainty_alpha_2_cv_0.15,uncertainty,32,17774.65439638745,13389.300000000001,17836.5,22198.05,20330,4030.9977,0.1766,252.1377,2770.3092,17775,6526.3201,0.5114,1093.8581,1057.0296
uncertainty_alpha_2_cv_0.15,uncertainty,33,16806.824129601537,12659.0,16816.5,21027.0,19261,3802.6667,0.165,226.9237,2668.0482,16807,6081.3809,0.5017,1015.7094,1002.8339
uncertainty_alpha_2_cv_0.15,uncertainty,34,15907.178361419696,11995.9,15947.0,19783.199999999997,18194,3540.3622,0.173,213.6159,2472.2827,15907,5757.5358,0.5069,964.3115,935.9783
uncertainty_alpha_2_cv_0.15,uncertainty,35,15070.783673053393,11340.9,15043.0,18807.05,17250,3407.1796,0.167,204.427,2385.0446,15071,5447.7906,0.496,907.6955,909.3131
uncertainty_alpha_2_cv_0.15,uncertainty,36,14293.072805226931,10775.95,14302.0,17821.1,16375,3204.9488,0.1695,188.4991,2262.4533,14293,5177.693,0.5022,864.2898,856.244
uncertainty_alpha_2_cv_0.15,uncertainty,37,13569.818004386472,10249.0,13617.5,16902.05,15614,3026.167,0.1609,168.6162,2183.086,13570,4907.7384,0.5103,822.8781,793.3479
uncertainty_alpha_2_cv_0.15,uncertainty,38,12897.1062657176,9721.0,12857.5,16039.05,14775,2897.5678,0.167,168.2192,2056.4718,12897,4602.0958,0.4908,765.3072,775.5598
uncertainty_alpha_2_cv_0.15,uncertainty,39,12271.316340621352,9290.95,12268.0,15304.099999999999,14062,2755.6202,0.1687,163.1794,1939.7232,12271,4427.0864,0.4992,740.2571,725.8009
uncertainty_alpha_2_cv_0.15,uncertainty,40,11689.097385009429,8794.0,11666.0,14597.05,13346,2648.8422,0.1725,164.39,1826.8922,11689,4181.2856,0.4926,695.9639,701.4661
uncertainty_alpha_2_cv_0.15,uncertainty,41,11147.349133293195,8403.0,11142.0,13873.05,12762,2504.1545,0.1625,146.389,1772.2095,11147,3951.6421,0.4979,656.8036,667.6241
uncertainty_alpha_2_cv_0.15,uncertainty,42,10643.203491023547,8011.9,10649.0,13278.05,12200,2380.0551,0.163,136.896,1695.5751,10643,3829.2741,0.5014,637.9325,639.6116
uncertainty_alpha_2_cv_0.15,uncertainty,43,10174.007446577903,7683.95,10182.0,12735.05,11608,2297.3589,0.1751,145.3328,1570.6949,10174,3671.1951,0.5027,613.3055,604.6676
uncertainty_alpha_2_cv_0.15,uncertainty,44,9737.307209617866,7387.0,9729.0,12143.05,11163,2204.0405,0.1683,130.4419,1551.831,9737,3505.5499,0.4983,585.0268,580.4159
uncertainty_alpha_2_cv_0.15,uncertainty,45,9330.833490139685,7006.85,9330.0,11578.099999999999,10663,2073.7508,0.165,121.2721,1467.3903,9331,3303.527,0.4998,548.2348,562.353
uncertainty_alpha_2_cv_0.15,uncertainty,46,8952.487838642539,6795.0,8955.0,11165.0,10283,1987.2752,0.1583,110.7683,1433.4337,8952,3198.2574,0.5006,534.432,526.0974
uncertainty_alpha_2_cv_0.15,uncertainty,47,8600.32997254991,6492.9,8601.0,10729.05,9777,1935.7643,0.1746,125.8517,1306.5058,8600,3062.6185,0.5005,509.8274,513.4815
uncertainty_alpha_2_cv_0.15,uncertainty,48,8272.566020641545,6191.0,8278.5,10337.05,9449,1875.1536,0.1724,117.1057,1289.6251,8273,2994.1374,0.5012,499.603,496.1224
uncertainty_alpha_2_cv_0.15,uncertainty,49,7967.5376199817,6016.95,7969.5,9917.05,9116,1768.0153,0.1622,102.42,1255.9153,7968,2807.2859,0.5006,466.9651,472.4604
uncertainty_alpha_2_cv_0.15,uncertainty,50,7683.711806588119,5759.9,7711.5,9561.05,8791,1736.6696,0.1718,106.2489,1205.4251,7684,2817.6548,0.5079,470.9131,463.0893
uncertainty_alpha_2_cv_0.30,uncertainty,0,1500.0,754.0,1503.5,2248.0,1929,677.7552,0.1741,42.3223,466.1437,1500,1095.7788,0.5024,183.4929,178.3143
uncertainty_alpha_2_cv_0.30,uncertainty,1,3485.575129032448,1776.0,3483.0,5179.0,4462,1540.4627,0.1704,93.8368,1071.2787,3486,2465.9995,0.4994,410.7596,412.2015
uncertainty_alpha_2_cv_0.30,uncertainty,2,7624.1696040087545,3947.95,7587.5,11324.05,9944,3412.3431,0.152,181.1245,2506.7206,7624,5408.2853,0.4929,900.4482,906.0443
uncertainty_alpha_2_cv_0.30,uncertainty,3,15532.045345369304,8047.200000000001,15537.5,23241.299999999996,20010,6989.3911,0.1727,426.9296,4854.7431,15532,11246.3819,0.5006,1882.7614,1832.5749
uncertainty_alpha_2_cv_0.30,uncertainty,4,28769.351464784144,14697.8,28885.5,42886.69999999999,37150,12816.4215,0.1652,749.719,9067.8265,28769,20629.9741,0.5047,3448.8111,3385.9186
uncertainty_alpha_2_cv_0.30,uncertainty,5,47018.95165191887,23620.050000000003,46891.0,70346.04999999999,60398,21435.6479,0.1757,1335.809,14756.6029,47019,34050.3843,0.4969,5668.0984,5709.8923
uncertainty_alpha_2_cv_0.30,uncertainty,6,65449.96492169362,32873.200000000004,65501.5,97530.4,84009,29343.1824,0.1775,1800.2276,20342.0444,65450,47045.3426,0.5011,7843.7543,7826.5711
uncertainty_alpha_2_cv_0.30,uncertainty,7,76534.42539181164,38532.15,76465.0,113601.64999999998,98790,34107.3764,0.1647,1944.935,24382.7014,76534,54794.5026,0.4984,9102.1227,9283.8891
uncertainty_alpha_2_cv_0.30,uncertainty,8,78965.67800359489,40022.35,78403.5,117902.74999999993,101719,35651.6133,0.1615,2083.6468,25233.3793,78966,55817.6933,0.4897,9236.8268,9633.5593
uncertainty_alpha_2_cv_0.30,uncertainty,9,76643.99878695146,40601.45,76862.5,114747.09999999998,98905,34118.5592,0.1643,2054.837,23844.3742,76644,54676.1986,0.5036,9191.2769,8719.8141
uncertainty_alpha_2_cv_0.30,uncertainty,10,72592.32937512599,37166.4,72682.0,108141.94999999998,94170,32184.7278,0.157,1768.8916,23340.2698,72592,51495.4282,0.5016,8583.675,8577.0532
uncertainty_alpha_2_cv_0.30,uncertainty,11,68124.31096961747,35021.95,68044.5,101087.29999999999,88373,30238.8471,0.1583,1645.0794,22013.4501,68124,48189.9967,0.499,8011.771,8131.1417
uncertainty_alpha_2_cv_0.30,uncertainty,12,63714.46239356336,32420.6,63831.0,95851.99999999999,82829,29045.323,0.1625,1679.7198,20646.724,63714,46362.332,0.5016,7751.7213,7603.7255
uncertainty_alpha_2_cv_0.30,uncertainty,13,59520.86249058878,29766.6,59751.5,89102.0,76248,26804.4116,0.1805,1693.533,18336.7466,59521,43279.5942,0.5044,7227.2301,7143.4437
uncertainty_alpha_2_cv_0.30,uncertainty,14,55588.7622311351,28226.8,55571.0,82907.2,71844,24890.9336,0.1671,1429.8783,17741.5421,55589,39857.4898,0.4993,6633.471,6690.1348
uncertainty_alpha_2_cv_0.30,uncertainty,15,51923.08007377571,26566.9,51717.0,77176.2,67374,23432.9321,0.1593,1305.7973,16903.9456,51923,36916.8769,0.4942,6128.2881,6275.4364
uncertainty_alpha_2_cv_0.30,uncertainty,16,48514.28391363494,24793.05,48947.0,72651.39999999997,62610,21880.6969,0.1755,1366.2713,15049.3404,48514,35729.0771,0.512,6023.668,5610.7371
uncertainty_alpha_2_cv_0.30,uncertainty,17,45347.91784558243,23363.55,45507.0,67396.05,58483,20264.2118,0.1653,1193.9839,14294.2923,45348,32438.2162,0.5044,5412.1513,5377.4597
uncertainty_alpha_2_cv_0.30,uncertainty,18,42408.231169760904,21695.15,42631.0,63159.05,54926,18856.0714,0.1604,1062.7174,13542.4844,42408,30301.226,0.5062,5056.5765,5018.3435
uncertainty_alpha_2_cv_0.30,uncertainty,19,39679.594177116625,19785.25,39739.5,59432.79999999999,51181,18036.1024,0.172,1095.9038,12556.5834,39680,28978.4762,0.5015,4836.4661,4796.1457
uncertainty_alpha_2_cv_0.30,uncertainty,20,37147.04799450386,18948.55,37210.5,56059.399999999994,48186,17085.9259,0.1656,1031.7932,11926.9599,37147,27170.8073,0.5014,4552.4401,4408.6068
uncertainty_alpha_2_cv_0.30,uncertainty,21,34796.502380850645,17244.85,34901.5,52156.149999999994,44712,15727.1178,0.1771,971.1473,10871.3813,34797,25259.9586,0.5041,4212.4541,4197.6881
uncertainty_alpha_2_cv_0.30,uncertainty,22,32614.785985581126,16299.6,32678.0,48787.749999999985,41883,14727.2234,0.1754,920.0933,10126.7569,32615,23646.988,0.5028,3951.3874,3890.051
uncertainty_alpha_2_cv_0.30,uncertainty,23,30589.633806974274,15595.95,30508.5,45720.79999999999,39495,13769.6928,0.1668,815.6084,9691.6508,30590,22127.4758,0.4974,3692.7389,3663.7813
uncertainty_alpha_2_cv_0.30,uncertainty,24,28709.648273698196,14347.550000000001,28750.0,42838.149999999994,36937,12700.3425,0.1678,750.3577,8948.554,28710,20483.7929,0.5019,3418.7661,3389.9624
uncertainty_alpha_2_cv_0.30,uncertainty,25,26964.250104750587,13983.0,26980.0,40014.59999999999,34637,11948.0225,0.1696,714.9088,8373.4785,26964,19043.5245,0.501,3176.3258,3161.8955
uncertainty_alpha_2_cv_0.30,uncertainty,26,25343.62628244003,12667.85,25211.0,38099.2,32582,11572.367,0.1667,707.1886,8036.424,25344,18171.6336,0.4948,3013.3997,3104.6351
uncertainty_alpha_2_cv_0.30,uncertainty,27,23838.67850246028,12241.7,23968.0,35813.05,30834,10734.4285,0.172,653.1031,7468.913,23839,17452.6649,0.5074,2938.6425,2759.4524
uncertainty_alpha_2_cv_0.30,uncertainty,28,22440.973622976835,11479.35,22427.5,33329.2,29257,9988.3506,0.1531,523.4965,7370.8681,22441,15778.2702,0.4991,2624.4831,2655.8547
uncertainty_alpha_2_cv_0.30,uncertainty,29,21142.69675801147,10925.0,21175.0,31514.149999999998,27326,9415.5619,0.1563,527.319,6778.9669,21143,14867.3761,0.5023,2466.4547,2535.1026
uncertainty_alpha_2_cv_0.30,uncertainty,30,19936.607235390104,10071.35,19974.0,29689.199999999997,25798,8891.2625,0.1615,512.7117,6327.704,19937,14248.2207,0.5027,2382.3714,2336.3637
uncertainty_alpha_2_cv_0.30,uncertainty,31,18815.997431737283,9735.9,18833.0,28058.949999999986,24469,8371.206,0.1637,464.6148,6048.132,18816,13524.935,0.5014,2265.7363,2196.2535
uncertainty_alpha_2_cv_0.30,uncertainty,32,17774.65439638745,9016.600000000002,17893.0,26615.0,22878,8054.7611,0.1766,504.326,5533.1311,17775,13033.4093,0.511,2184.6007,2110.4058
uncertainty_alpha_2_cv_0.30,uncertainty,33,16806.824129601537,8523.95,16821.5,25239.05,21709,7598.9858,0.165,453.7641,5330.1653,16807,12145.1066,0.5014,2028.4509,2002.8521
uncertainty_alpha_2_cv_0.30,uncertainty,34,15907.178361419696,8095.8,15981.5,23652.449999999993,20475,7074.2696,0.1731,427.1472,4938.5336,15907,11497.0386,0.5065,1925.6087,1868.9951
uncertainty_alpha_2_cv_0.30,uncertainty,35,15070.783673053393,7620.85,15010.5,22537.1,19424,6808.2803,0.167,408.7288,4764.6363,15071,10879.6073,0.4956,1812.7833,1815.6908
uncertainty_alpha_2_cv_0.30,uncertainty,36,14293.072805226931,7269.9,14306.5,21343.249999999996,18452,6403.1562,0.1695,376.8716,4518.7982,14293,10338.584,0.5014,1725.9429,1708.8695
uncertainty_alpha_2_cv_0.30,uncertainty,37,13569.818004386472,6937.95,13660.5,20229.05,17653,6046.1675,0.1609,337.2017,4360.159,13570,9800.0495,0.5101,1643.3487,1583.306
uncertainty_alpha_2_cv_0.30,uncertainty,38,12897.1062657176,6555.0,12815.0,19176.05,16647,5790.9112,0.1672,336.5684,4108.0692,12897,9191.1172,0.4905,1528.2694,1549.7702
uncertainty_alpha_2_cv_0.30,uncertainty,39,12271.316340621352,6317.95,12260.5,18332.149999999998,15847,5506.3341,0.1689,326.4966,3873.8511,12271,8840.1543,0.4982,1478.1333,1449.4878
uncertainty_alpha_2_cv_0.30,uncertainty,40,11689.097385009429,5907.0,11640.0,17500.1,14999,5292.8627,0.1725,328.6583,3649.5712,11689,8349.6649,0.4925,1389.792,1400.7049
uncertainty_alpha_2_cv_0.30,uncertainty,41,11147.349133293195,5666.95,11133.5,16593.149999999998,14373,5004.2169,0.1625,292.6531,3540.9514,11147,7890.8813,0.4976,1311.4305,1333.7288
uncertainty_alpha_2_cv_0.30,uncertainty,42,10643.203491023547,5387.85,10651.5,15908.149999999998,13753,4755.7157,0.163,273.7272,3387.0797,10643,7646.3229,0.5009,1273.8284,1277.1809
uncertainty_alpha_2_cv_0.30,uncertainty,43,10174.007446577903,5200.9,10187.0,15293.0,13039,4590.7557,0.1751,290.4889,3138.3112,10174,7331.3979,0.5022,1224.7626,1207.5849
uncertainty_alpha_2_cv_0.30,uncertainty,44,9737.307209617866,5043.9,9719.0,14545.099999999999,12585,4404.4217,0.1683,260.8569,3100.1372,9737,7000.1677,0.4981,1168.1479,1159.4282
uncertainty_alpha_2_cv_0.30,uncertainty,45,9330.833490139685,4689.650000000001,9326.0,13822.199999999997,11991,4142.91,0.1652,242.6272,2929.774,9331,6596.368,0.4995,1094.8702,1122.017
uncertainty_alpha_2_cv_0.30,uncertainty,46,8952.487838642539,4643.9,8955.0,13374.05,11611,3971.2627,0.1583,221.3674,2864.4257,8952,6386.0481,0.5002,1066.9983,1051.0566
uncertainty_alpha_2_cv_0.30,uncertainty,47,8600.32997254991,4391.75,8600.0,12853.199999999997,10951,3867.9095,0.1746,251.5747,2610.036,8600,6115.0653,0.4999,1017.934,1025.3953
uncertainty_alpha_2_cv_0.30,uncertainty,48,8272.566020641545,4116.95,8281.5,12399.05,10622,3746.9801,0.1725,234.2366,2575.7971,8273,5980.0787,0.5012,997.9197,990.4802
uncertainty_alpha_2_cv_0.30,uncertainty,49,7967.5376199817,4071.0,7969.5,11864.05,10262,3532.8817,0.1622,204.7267,2509.2482,7968,5606.8577,0.5002,932.7227,943.2442
uncertainty_alpha_2_cv_0.30,uncertainty,50,7683.711806588119,3840.8500000000004,7737.5,11436.099999999999,9894,3470.1722,0.172,212.7116,2406.6142,7684,5627.2404,0.5078,940.5563,924.4589
cost_cu_1_co_1,cost,0,1500.0,1126.0,1502.0,1874.0,1496,181.2267,0.509,93.9088,87.3179,1500,181.1759,0.5024,91.8834,89.2925
cost_cu_1_co_1,cost,1,3468.284929071741,2616.95,3468.0,4311.0,3458,410.1297,0.5065,209.958,200.1717,3468,410.0571,0.4996,204.9217,205.1354
cost_cu_1_co_1,cost,2,7487.874377838954,5680.0,7471.0,9306.05,7522,889.2527,0.4813,426.1756,463.0771,7488,888.3795,0.4931,442.739,445.6405
cost_cu_1_co_1,cost,3,14835.832827500017,11256.6,14841.0,18520.199999999997,14802,1777.1589,0.5074,917.5907,859.5682,14836,1776.8539,0.5009,900.4382,876.4157
cost_cu_1_co_1,cost,4,26149.967410592108,19745.9,26206.5,32571.299999999996,26185,3110.2269,0.5012,1552.0834,1558.1435,26150,3110.4457,0.5051,1569.6928,1540.7529
cost_cu_1_co_1,cost,5,40012.46256928085,30040.75,39964.0,49946.45,39905,4848.8166,0.5035,2469.1245,2379.6921,40012,4848.7316,0.4973,2415.582,2433.1496
cost_cu_1_co_1,cost,6,53378.2720576572,40073.85,53407.0,66471.15,53359,6399.1536,0.5034,3213.054,3186.0996,53378,6399.0534,0.5016,3203.5039,3195.5495
cost_cu_1_co_1,cost,7,63820.19142714272,47951.65,63801.0,79287.69999999998,64107,7680.8266,0.4871,3659.2621,4021.5645,63820,7676.8818,0.4989,3800.7897,3876.0921
cost_cu_1_co_1,cost,8,70373.54554866925,52994.75,70134.0,87738.09999999998,70456,8422.7292,0.4878,4081.8749,4340.8543,70374,8420.936,0.49,4121.9783,4298.9577
cost_cu_1_co_1,cost,9,73172.94588495338,55946.7,73288.0,91376.5,73298,8562.2037,0.4996,4331.4269,4230.7768,73173,8562.6617,0.5039,4394.1559,4168.5058
cost_cu_1_co_1,cost,10,73051.80564427393,55201.2,73108.0,90954.45,72914,8647.4834,0.5073,4395.1049,4252.3785,73052,8646.1742,0.502,4325.4503,4320.7239
cost_cu_1_co_1,cost,11,71038.3986061932,53755.0,71007.5,88239.65,70999,8429.0524,0.5001,4203.2574,4225.795,71038,8429.0728,0.4992,4183.7676,4245.3052
cost_cu_1_co_1,cost,12,67976.61342941584,51258.8,68049.0,85133.54999999999,67993,8202.8533,0.5014,4132.9712,4069.8821,67977,8202.9077,0.5021,4140.9984,4061.9093
cost_cu_1_co_1,cost,13,64427.03160211699,48298.8,64562.0,80450.0,64293,7791.679,0.5106,3985.4847,3806.1943,64427,7789.5492,0.5049,3917.4198,3872.1294
cost_cu_1_co_1,cost,14,60721.490945738246,45755.9,60721.0,75654.1,61103,7296.5007,0.4826,3441.169,3855.3317,60721,7289.7361,0.5,3628.7867,3660.9494
cost_cu_1_co_1,cost,15,57043.704255172546,43095.9,56939.0,70927.1,57196,6826.4512,0.489,3296.5298,3529.9214,57044,6823.9218,0.4947,3371.2651,3452.6567
cost_cu_1_co_1,cost,16,53490.292265785596,40394.45,53737.0,66807.34999999998,53664,6419.5458,0.5038,3237.3655,3182.1803,53490,6422.3868,0.5122,3325.786,3096.6008
cost_cu_1_co_1,cost,17,50108.789682616225,37945.75,50204.5,62300.05,50030,5970.4681,0.5096,3034.7425,2935.7256,50109,5969.3119,0.5052,2994.6644,2974.6475
cost_cu_1_co_1,cost,18,46919.5453357036,35445.5,47049.5,58408.05,47034,5580.9116,0.5005,2743.8105,2837.1011,46920,5581.7696,0.5065,2801.2395,2780.5301
cost_cu_1_co_1,cost,19,43927.977945231774,32898.55,43967.5,54870.45,44093,5340.6136,0.4918,2599.2348,2741.3788,43928,5339.633,0.5017,2681.2445,2658.3885
cost_cu_1_co_1,cost,20,41131.38973953183,31041.75,41173.0,51610.2,41313,4969.352,0.4918,2433.816,2535.536,41131,4968.2876,0.5019,2524.2838,2444.0038
cost_cu_1_co_1,cost,21,38522.76983975008,28791.9,38587.0,48140.05,38565,4662.3058,0.5015,2314.2049,2348.1009,38523,4662.5426,0.5047,2335.3233,2327.2193
cost_cu_1_co_1,cost,22,36092.93453612783,27051.75,36133.0,45049.399999999994,36023,4345.6856,0.5082,2225.0859,2120.5997,36093,4344.922,0.5031,2189.7041,2155.2179
cost_cu_1_co_1,cost,23,33831.74118851179,25528.95,33792.0,42206.399999999994,33788,4074.5895,0.5002,2067.0316,2007.5579,33832,4074.7017,0.4977,2045.0877,2029.614
cost_cu_1_co_1,cost,24,31728.779566541794,23780.7,31755.5,39542.1,31747,3767.1019,0.5006,1882.9875,1884.1144,31729,3767.1531,0.5025,1892.0131,1875.14
cost_cu_1_co_1,cost,25,29773.764207536686,22597.0,29786.5,36985.299999999996,29646,3506.2611,0.512,1821.0632,1685.1979,29774,3504.4433,0.5015,1756.1543,1748.289
cost_cu_1_co_1,cost,26,27956.753273371858,20953.95,27888.0,34998.1,27941,3380.0175,0.4964,1672.4684,1707.5491,27957,3380.1519,0.4952,1664.5356,1715.6163
cost_cu_1_co_1,cost,27,26268.265477205412,19869.85,26343.5,32871.0,26297,3143.95,0.5051,1607.0237,1536.9263,26268,3144.33,0.5078,1621.7137,1522.6163
cost_cu_1_co_1,cost,28,24699.33654691401,18658.6,24696.0,30696.1,24806,2911.3911,0.4877,1393.8433,1517.5478,24699,2910.1089,0.4995,1446.7022,1463.4067
cost_cu_1_co_1,cost,29,23241.539636610203,17618.0,23263.0,28947.1,23233,2753.3975,0.5039,1362.1374,1391.2601,23242,2753.3335,0.5025,1357.6054,1395.7281
cost_cu_1_co_1,cost,30,21886.984277490054,16463.65,21911.0,27245.1,21889,2593.8198,0.503,1308.8053,1285.0145,21887,2593.8324,0.5032,1309.8116,1284.0208
cost_cu_1_co_1,cost,31,20628.30270351107,15643.95,20641.0,25699.499999999993,20677,2449.0854,0.4957,1219.5811,1229.5043,20628,2448.9436,0.5015,1244.0102,1204.9334
cost_cu_1_co_1,cost,32,19458.62896630576,14657.25,19526.5,24301.05,19461,2354.6204,0.5113,1196.4686,1158.1518,19459,2354.666,0.5114,1197.4914,1157.1746
cost_cu_1_co_1,cost,33,18371.57418446964,13837.95,18382.5,22984.05,18297,2207.7005,0.5136,1148.271,1059.4295,18372,2206.4721,0.5017,1110.1568,1096.3153
cost_cu_1_co_1,cost,34,17361.200001949175,13091.9,17404.5,21591.249999999996,17337,2074.4071,0.5101,1064.6671,1009.74,17361,2073.9895,0.5069,1052.4583,1021.5312
cost_cu_1_co_1,cost,35,16421.991551636806,12356.95,16392.0,20493.05,16463,1980.5309,0.4888,968.9986,1011.5323,16422,1979.9119,0.4961,989.1891,990.7228
cost_cu_1_co_1,cost,36,15548.830718927184,11722.95,15558.5,19387.1,15543,1871.7254,0.5028,943.1175,928.6079,15549,1871.695,0.5021,940.1023,931.5927
cost_cu_1_co_1,cost,37,14736.970188191392,11130.95,14788.5,18356.0,14791,1754.7463,0.499,866.4934,888.2529,14737,1755.2471,0.5103,893.7438,861.5033
cost_cu_1_co_1,cost,38,13982.008557698378,10539.0,13939.5,17388.05,13958,1670.1535,0.4949,841.4665,828.687,13982,1670.4895,0.4907,829.6345,840.855
cost_cu_1_co_1,cost,39,13279.866677848036,10054.0,13276.0,16562.1,13306,1586.7712,0.4929,787.9706,798.8006,13280,1586.5432,0.4992,800.8566,785.6866
cost_cu_1_co_1,cost,40,12626.765280116586,9499.0,12602.0,15768.05,12623,1509.4797,0.4935,753.5979,755.8818,12627,1509.5355,0.4926,751.6258,757.9097
cost_cu_1_co_1,cost,41,12019.20392306283,9060.0,12013.5,14958.05,12022,1428.0277,0.4972,706.5958,721.4319,12019,1428.0135,0.4979,708.0887,719.9248
cost_cu_1_co_1,cost,42,11453.941229931239,8621.9,11460.5,14289.099999999999,11492,1375.0576,0.4936,667.4839,707.5737,11454,1374.8592,0.5013,686.3847,688.4745
cost_cu_1_co_1,cost,43,10927.976392516719,8252.95,10937.0,13679.0,10911,1308.4126,0.5067,667.3296,641.083,10928,1308.244,0.5027,658.7453,649.4987
cost_cu_1_co_1,cost,44,10438.531879351322,7919.0,10430.0,13018.05,10451,1249.4558,0.4953,620.8003,628.6555,10439,1249.3796,0.4982,626.7622,622.6174
cost_cu_1_co_1,cost,45,9983.037305316784,7495.85,9982.0,12388.099999999999,9952,1188.4424,0.5073,602.2792,586.1632,9983,1188.2174,0.4998,586.6667,601.5507
cost_cu_1_co_1,cost,46,9559.114388138596,7255.95,9561.5,11922.0,9553,1132.4048,0.5021,573.4523,558.9525,9559,1132.3874,0.5005,570.4436,561.9438
cost_cu_1_co_1,cost,47,9164.562942964903,6918.9,9166.0,11432.099999999999,9139,1090.662,0.5084,555.9882,534.6738,9165,1090.441,0.5002,542.8777,547.5633
cost_cu_1_co_1,cost,48,8797.347846181832,6584.0,8803.5,10993.05,8832,1059.1456,0.4914,514.3271,544.8185,8797,1058.895,0.5014,531.7018,527.1932
cost_cu_1_co_1,cost,49,8455.586908627654,6385.0,8458.0,10525.05,8439,997.0864,0.506,504.1663,492.9201,8456,996.971,0.5007,495.6086,501.3624
cost_cu_1_co_1,cost,50,8137.5396110024285,6099.9,8167.0,10126.05,8146,989.0571,0.506,494.5929,494.4642,8138,989.1683,0.5079,498.6485,490.5198
cost_cu_5_co_1,cost,0,1500.0,1126.0,1502.0,1874.0,1715,339.1561,0.1736,21.1245,233.5336,1500,548.7095,0.5024,91.8834,89.2925
cost_cu_5_co_1,cost,1,3468.284929071741,2616.95,3468.0,4311.0,3955,767.0879,0.17,46.6457,533.8594,3468,1229.7439,0.4996,204.9217,205.1354
cost_cu_5_co_1,cost,2,7487.874377838954,5680.0,7471.0,9306.05,8628,1677.0437,0.152,89.0237,1231.9252,7488,2659.3355,0.4931,442.739,445.6405
cost_cu_5_co_1,cost,3,14835.832827500017,11256.6,14841.0,18520.199999999997,16977,3340.7765,0.1727,203.9665,2320.944,14836,5378.6067,0.5009,900.4382,876.4157
cost_cu_5_co_1,cost,4,26149.967410592108,19745.9,26206.5,32571.299999999996,29964,5829.3897,0.1651,340.7216,4125.7817,26150,9389.2169,0.5051,1569.6928,1540.7529
cost_cu_5_co_1,cost,5,40012.46256928085,30040.75,39964.0,49946.45,45713,9128.9004,0.1756,568.3888,6286.9564,40012,14511.0596,0.4973,2415.582,2433.1496
cost_cu_5_co_1,cost,6,53378.2720576572,40073.85,53407.0,66471.15,60956,11975.4742,0.1775,734.2381,8304.2837,53378,19213.069,0.5016,3203.5039,3195.5495
cost_cu_5_co_1,cost,7,63820.19142714272,47951.65,63801.0,79287.69999999998,73112,14232.8158,0.1645,810.9189,10178.2213,63820,22880.0406,0.4989,3800.7897,3876.0921
cost_cu_5_co_1,cost,8,70373.54554866925,52994.75,70134.0,87738.09999999998,80526,15900.0478,0.1615,928.5114,11257.4908,70374,24908.8492,0.49,4121.9783,4298.9577
cost_cu_5_co_1,cost,9,73172.94588495338,55946.7,73288.0,91376.5,83813,16300.5863,0.1643,981.0394,11395.3893,73173,26139.2853,0.5039,4394.1559,4168.5058
cost_cu_5_co_1,cost,10,73051.80564427393,55201.2,73108.0,90954.45,83923,16206.9492,0.157,890.1126,11756.3862,73052,25947.9754,0.502,4325.4503,4320.7239
cost_cu_5_co_1,cost,11,71038.3986061932,53755.0,71007.5,88239.65,81609,15779.7474,0.1583,857.8683,11490.4059,71038,25164.1432,0.4992,4183.7676,4245.3052
cost_cu_5_co_1,cost,12,67976.61342941584,51258.8,68049.0,85133.54999999999,78186,15506.8715,0.1625,896.1601,11026.071,67977,24766.9013,0.5021,4140.9984,4061.9093
cost_cu_5_co_1,cost,13,64427.03160211699,48298.8,64562.0,80450.0,73492,14519.8682,0.1805,916.6931,9936.4027,64427,23459.2284,0.5049,3917.4198,3872.1294
cost_cu_5_co_1,cost,14,60721.490945738246,45755.9,60721.0,75654.1,69611,13608.4591,0.1671,781.0494,9703.2121,60721,21804.8829,0.5,3628.7867,3660.9494
cost_cu_5_co_1,cost,15,57043.704255172546,43095.9,56939.0,70927.1,65542,12883.4568,0.1593,717.3442,9296.7358,57044,20308.9822,0.4947,3371.2651,3452.6567
cost_cu_5_co_1,cost,16,53490.292265785596,40394.45,53737.0,66807.34999999998,61271,12071.7252,0.1755,753.3184,8305.1332,53490,19725.5308,0.5122,3325.786,3096.6008
cost_cu_5_co_1,cost,17,50108.789682616225,37945.75,50204.5,62300.05,57375,11204.7519,0.1653,659.7948,7905.7779,50109,17947.9695,0.5052,2994.6644,2974.6475
cost_cu_5_co_1,cost,18,46919.5453357036,35445.5,47049.5,58408.05,53853,10440.1124,0.1604,587.9703,7500.2609,46920,16786.7276,0.5065,2801.2395,2780.5301
cost_cu_5_co_1,cost,19,43927.977945231774,32898.55,43967.5,54870.45,50303,9991.9678,0.172,606.6373,6958.7813,43928,16064.611,0.5017,2681.2445,2658.3885
cost_cu_5_co_1,cost,20,41131.38973953183,31041.75,41173.0,51610.2,47251,9467.163,0.1656,571.2405,6610.9605,41131,15065.4228,0.5019,2524.2838,2444.0038
cost_cu_5_co_1,cost,21,38522.76983975008,28791.9,38587.0,48140.05,44019,8713.3964,0.1771,537.5834,6025.4794,38523,14003.8358,0.5047,2335.3233,2327.2193
cost_cu_5_co_1,cost,22,36092.93453612783,27051.75,36133.0,45049.399999999994,41228,8155.5704,0.1754,509.1761,5609.6899,36093,13103.7384,0.5031,2189.7041,2155.2179
cost_cu_5_co_1,cost,23,33831.74118851179,25528.95,33792.0,42206.399999999994,38763,7621.7531,0.1667,451.0378,5366.5641,33832,12255.0525,0.4977,2045.0877,2029.614
cost_cu_5_co_1,cost,24,31728.779566541794,23780.7,31755.5,39542.1,36281,7023.2489,0.1678,414.687,4949.8139,31729,11335.2055,0.5025,1892.0131,1875.14
cost_cu_5_co_1,cost,25,29773.764207536686,22597.0,29786.5,36985.299999999996,34016,6602.0779,0.1696,394.6572,4628.7919,29774,10529.0605,0.5015,1756.1543,1748.289
cost_cu_5_co_1,cost,26,27956.753273371858,20953.95,27888.0,34998.1,31955,6389.0507,0.1667,389.995,4439.0757,27957,10038.2943,0.4952,1664.5356,1715.6163
cost_cu_5_co_1,cost,27,26268.265477205412,19869.85,26343.5,32871.0,30128,5919.5064,0.172,359.7673,4120.6699,26268,9631.1848,0.5078,1621.7137,1522.6163
cost_cu_5_co_1,cost,28,24699.33654691401,18658.6,24696.0,30696.1,28455,5501.4443,0.1529,288.1233,4060.8278,24699,8696.9177,0.4995,1446.7022,1463.4067
cost_cu_5_co_1,cost,29,23241.539636610203,17618.0,23263.0,28947.1,26645,5179.8291,0.1562,289.7844,3730.9071,23242,8183.7551,0.5025,1357.6054,1395.7281
cost_cu_5_co_1,cost,30,21886.984277490054,16463.65,21911.0,27245.1,25109,4884.5648,0.1614,281.3926,3477.6018,21887,7833.0788,0.5032,1309.8116,1284.0208
cost_cu_5_co_1,cost,31,20628.30270351107,15643.95,20641.0,25699.499999999993,23731,4592.158,0.1637,254.7058,3318.629,20628,7424.9844,0.5015,1244.0102,1204.9334
cost_cu_5_co_1,cost,32,19458.62896630576,14657.25,19526.5,24301.05,22256,4412.892,0.1766,276.0348,3032.718,19459,7144.6316,0.5114,1197.4914,1157.1746
cost_cu_5_co_1,cost,33,18371.57418446964,13837.95,18382.5,22984.05,21054,4156.6991,0.165,248.0901,2916.2486,18372,6647.0993,0.5017,1110.1568,1096.3153
cost_cu_5_co_1,cost,34,17361.200001949175,13091.9,17404.5,21591.249999999996,19857,3863.9795,0.173,233.1511,2698.224,17361,6283.8227,0.5069,1052.4583,1021.5312
cost_cu_5_co_1,cost,35,16421.991551636806,12356.95,16392.0,20493.05,18797,3712.6671,0.167,222.6889,2599.2226,16422,5936.6683,0.4961,989.1891,990.7228
cost_cu_5_co_1,cost,36,15548.830718927184,11722.95,15558.5,19387.1,17814,3486.5174,0.1695,205.0045,2461.4949,15549,5632.1042,0.5021,940.1023,931.5927
cost_cu_5_co_1,cost,37,14736.970188191392,11130.95,14788.5,18356.0,16957,3286.4645,0.1609,183.1175,2370.877,14737,5330.2223,0.5103,893.7438,861.5033
cost_cu_5_co_1,cost,38,13982.008557698378,10539.0,13939.5,17388.05,16017,3141.3057,0.1672,182.5142,2228.7347,13982,4989.0275,0.4907,829.6345,840.855
cost_cu_5_co_1,cost,39,13279.866677848036,10054.0,13276.0,16562.1,15217,2982.093,0.1688,176.7105,2098.5405,13280,4789.9696,0.4992,800.8566,785.6866
cost_cu_5_co_1,cost,40,12626.765280116586,9499.0,12602.0,15768.05,14417,2861.3259,0.1724,177.507,1973.7909,12627,4516.0387,0.4926,751.6258,757.9097
cost_cu_5_co_1,cost,41,12019.20392306283,9060.0,12013.5,14958.05,13760,2700.0003,0.1625,157.8607,1910.6968,12019,4260.3683,0.4979,708.0887,719.9248
cost_cu_5_co_1,cost,42,11453.941229931239,8621.9,11460.5,14289.099999999999,13130,2561.3732,0.1628,147.2139,1825.3037,11454,4120.398,0.5013,686.3847,688.4745
cost_cu_5_co_1,cost,43,10927.976392516719,8252.95,10937.0,13679.0,12469,2467.5878,0.1749,155.9724,1687.7258,10928,3943.2252,0.5027,658.7453,649.4987
cost_cu_5_co_1,cost,44,10438.531879351322,7919.0,10430.0,13018.05,11967,2362.7686,0.1683,139.8189,1663.6741,10439,3756.4284,0.4982,626.7622,622.6174
cost_cu_5_co_1,cost,45,9983.037305316784,7495.85,9982.0,12388.099999999999,11408,2218.7188,0.1652,129.8058,1569.6898,9983,3534.8842,0.4998,586.6667,601.5507
cost_cu_5_co_1,cost,46,9559.114388138596,7255.95,9561.5,11922.0,10980,2121.9282,0.1583,118.238,1530.7382,9559,3414.1618,0.5005,570.4436,561.9438
cost_cu_5_co_1,cost,47,9164.562942964903,6918.9,9166.0,11432.099999999999,10419,2062.7414,0.1746,134.0093,1392.6949,9165,3261.9518,0.5002,542.8777,547.5633
cost_cu_5_co_1,cost,48,8797.347846181832,6584.0,8803.5,10993.05,10048,1994.1184,0.1725,124.6045,1371.0959,8797,3185.7022,0.5014,531.7018,527.1932
cost_cu_5_co_1,cost,49,8455.586908627654,6385.0,8458.0,10525.05,9675,1876.3322,0.1621,108.5964,1333.3502,8456,2979.4054,0.5007,495.6086,501.3624
cost_cu_5_co_1,cost,50,8137.5396110024285,6099.9,8167.0,10126.05,9310,1839.2679,0.1719,112.5661,1276.4374,8138,2983.7623,0.5079,498.6485,490.5198
cost_cu_10_co_1,cost,0,1500.0,1126.0,1502.0,1874.0,1798,406.6455,0.0957,10.1124,305.5215,1500,1008.1265,0.5024,91.8834,89.2925
cost_cu_10_co_1,cost,1,3468.284929071741,2616.95,3468.0,4311.0,4144,922.3651,0.0914,22.3774,698.5911,3468,2254.3524,0.4996,204.9217,205.1354
cost_cu_10_co_1,cost,2,7487.874377838954,5680.0,7471.0,9306.05,9037,2009.6423,0.0817,41.6128,1593.5143,7488,4873.0305,0.4931,442.739,445.6405
cost_cu_10_co_1,cost,3,14835.832827500017,11256.6,14841.0,18520.199999999997,17799,4018.2106,0.0915,98.1121,3037.0896,14836,9880.7977,0.5009,900.4382,876.4157
cost_cu_10_co_1,cost,4,26149.967410592108,19745.9,26206.5,32571.299999999996,31380,7004.7224,0.0896,163.9693,5365.0294,26150,17237.6809,0.5051,1569.6928,1540.7529
cost_cu_10_co_1,cost,5,40012.46256928085,30040.75,39964.0,49946.45,47918,10908.5672,0.0964,271.3636,8194.9312,40012,26588.9696,0.4973,2415.582,2433.1496
cost_cu_10_co_1,cost,6,53378.2720576572,40073.85,53407.0,66471.15,63945,14243.0545,0.095,334.9099,10893.9555,53378,35230.5885,0.5016,3203.5039,3195.5495
cost_cu_10_co_1,cost,7,63820.19142714272,47951.65,63801.0,79287.69999999998,76449,17054.9377,0.0908,395.5123,13099.8147,63820,41883.9891,0.4989,3800.7897,3876.0921
cost_cu_10_co_1,cost,8,70373.54554866925,52994.75,70134.0,87738.09999999998,84399,19183.6495,0.0893,452.8791,14654.8585,70374,45518.7407,0.49,4121.9783,4298.9577
cost_cu_10_co_1,cost,9,73172.94588495338,55946.7,73288.0,91376.5,87600,19647.5929,0.0954,495.113,14696.4629,73173,48110.0648,0.5039,4394.1559,4168.5058
cost_cu_10_co_1,cost,10,73051.80564427393,55201.2,73108.0,90954.45,87581,19464.1349,0.0879,449.0783,14973.3519,73052,47575.2269,0.502,4325.4503,4320.7239
cost_cu_10_co_1,cost,11,71038.3986061932,53755.0,71007.5,88239.65,85534,18952.6481,0.0821,399.5555,14957.0931,71038,46082.9812,0.4992,4183.7676,4245.3052
cost_cu_10_co_1,cost,12,67976.61342941584,51258.8,68049.0,85133.54999999999,81782,18713.6937,0.0909,453.4348,14179.3457,67977,45471.8933,0.5021,4140.9984,4061.9093
cost_cu_10_co_1,cost,13,64427.03160211699,48298.8,64562.0,80450.0,77246,17408.8346,0.0921,421.375,13195.0846,64427,43046.3274,0.5049,3917.4198,3872.1294
cost_cu_10_co_1,cost,14,60721.490945738246,45755.9,60721.0,75654.1,72884,16281.7188,0.0899,371.5051,12566.6678,60721,39948.8164,0.5,3628.7867,3660.9494
cost_cu_10_co_1,cost,15,57043.704255172546,43095.9,56939.0,70927.1,68470,15434.352,0.0909,356.9964,11864.388,57044,37165.3077,0.4947,3371.2651,3452.6567
cost_cu_10_co_1,cost,16,53490.292265785596,40394.45,53737.0,66807.34999999998,64325,14439.3918,0.0925,348.507,10954.3218,53490,36354.4608,0.5122,3325.786,3096.6008
cost_cu_10_co_1,cost,17,50108.789682616225,37945.75,50204.5,62300.05,60087,13477.6014,0.091,319.9653,10277.9484,50109,32921.2915,0.5052,2994.6644,2974.6475
cost_cu_10_co_1,cost,18,46919.5453357036,35445.5,47049.5,58408.05,56537,12492.5015,0.0858,263.2919,9859.5825,46920,30792.9251,0.5065,2801.2395,2780.5301
cost_cu_10_co_1,cost,19,43927.977945231774,32898.55,43967.5,54870.45,52844,11968.7385,0.0906,279.5995,9172.7435,43928,29470.8335,0.5017,2681.2445,2658.3885
cost_cu_10_co_1,cost,20,41131.38973953183,31041.75,41173.0,51610.2,49633,11362.5645,0.0938,267.3495,8689.0695,41131,27686.8418,0.5019,2524.2838,2444.0038
cost_cu_10_co_1,cost,21,38522.76983975008,28791.9,38587.0,48140.05,46143,10457.9656,0.0967,258.7336,7870.6296,38523,25680.4523,0.5047,2335.3233,2327.2193
cost_cu_10_co_1,cost,22,36092.93453612783,27051.75,36133.0,45049.399999999994,43096,9789.8235,0.0985,256.4827,7224.9965,36093,24052.2589,0.5031,2189.7041,2155.2179
cost_cu_10_co_1,cost,23,33831.74118851179,25528.95,33792.0,42206.399999999994,40536,9151.3427,0.0938,223.8924,6912.4187,33832,22480.491,0.4977,2045.0877,2029.614
cost_cu_10_co_1,cost,24,31728.779566541794,23780.7,31755.5,39542.1,38081,8422.3956,0.0873,189.7517,6524.8786,31729,20795.271,0.5025,1892.0131,1875.14
cost_cu_10_co_1,cost,25,29773.764207536686,22597.0,29786.5,36985.299999999996,35795,7932.8063,0.0878,174.5156,6187.6503,29774,19309.832,0.5015,1756.1543,1748.289
cost_cu_10_co_1,cost,26,27956.753273371858,20953.95,27888.0,34998.1,33501,7715.1206,0.0935,192.7309,5787.8116,27957,18360.9723,0.4952,1664.5356,1715.6163
cost_cu_10_co_1,cost,27,26268.265477205412,19869.85,26343.5,32871.0,31600,7098.3728,0.0925,169.5882,5402.4908,26268,17739.7533,0.5078,1621.7137,1522.6163
cost_cu_10_co_1,cost,28,24699.33654691401,18658.6,24696.0,30696.1,29806,6592.2441,0.0808,133.5036,5257.2081,24699,15930.4287,0.4995,1446.7022,1463.4067
cost_cu_10_co_1,cost,29,23241.539636610203,17618.0,23263.0,28947.1,27929,6275.8158,0.0829,140.9721,4866.0948,23242,14971.7821,0.5025,1357.6054,1395.7281
cost_cu_10_co_1,cost,30,21886.984277490054,16463.65,21911.0,27245.1,26278,5868.1238,0.0911,136.6286,4501.8378,21887,14382.1368,0.5032,1309.8116,1284.0208
cost_cu_10_co_1,cost,31,20628.30270351107,15643.95,20641.0,25699.499999999993,24838,5486.1459,0.0862,119.5657,4290.4889,20628,13645.0354,0.5015,1244.0102,1204.9334
cost_cu_10_co_1,cost,32,19458.62896630576,14657.25,19526.5,24301.05,23441,5283.8955,0.0919,122.0193,4063.7025,19459,13132.0886,0.5114,1197.4914,1157.1746
cost_cu_10_co_1,cost,33,18371.57418446964,13837.95,18382.5,22984.05,21973,5025.7517,0.0956,130.7812,3717.9397,18372,12197.8833,0.5017,1110.1568,1096.3153
cost_cu_10_co_1,cost,34,17361.200001949175,13091.9,17404.5,21591.249999999996,20873,4623.897,0.0892,103.8931,3584.966,17361,11546.1142,0.5069,1052.4583,1021.5312
cost_cu_10_co_1,cost,35,16421.991551636806,12356.95,16392.0,20493.05,19749,4471.833,0.0887,103.9363,3432.47,16422,10882.6138,0.4961,989.1891,990.7228
cost_cu_10_co_1,cost,36,15548.830718927184,11722.95,15558.5,19387.1,18650,4177.5084,0.0903,98.638,3191.1284,15549,10332.6157,0.5021,940.1023,931.5927
cost_cu_10_co_1,cost,37,14736.970188191392,11130.95,14788.5,18356.0,17785,3946.772,0.0849,84.6375,3100.397,14737,9798.9413,0.5103,893.7438,861.5033
cost_cu_10_co_1,cost,38,13982.008557698378,10539.0,13939.5,17388.05,16810,3741.655,0.0896,82.0395,2921.26,13982,9137.2,0.4907,829.6345,840.855
cost_cu_10_co_1,cost,39,13279.866677848036,10054.0,13276.0,16562.1,15916,3573.5301,0.0939,86.6091,2707.4391,13280,8794.2526,0.4992,800.8566,785.6866
cost_cu_10_co_1,cost,40,12626.765280116586,9499.0,12602.0,15768.05,15128,3439.7143,0.0948,84.7664,2592.0503,12627,8274.1677,0.4926,751.6258,757.9097
cost_cu_10_co_1,cost,41,12019.20392306283,9060.0,12013.5,14958.05,14448,3249.6936,0.0881,73.5325,2514.3686,12019,7800.8118,0.4979,708.0887,719.9248
cost_cu_10_co_1,cost,42,11453.941229931239,8621.9,11460.5,14289.099999999999,13731,3083.8586,0.0897,73.1608,2352.2506,11454,7552.3215,0.5013,686.3847,688.4745
cost_cu_10_co_1,cost,43,10927.976392516719,8252.95,10937.0,13679.0,13046,2986.7503,0.0951,79.8179,2188.5713,10928,7236.9517,0.5027,658.7453,649.4987
cost_cu_10_co_1,cost,44,10438.531879351322,7919.0,10430.0,13018.05,12573,2831.1184,0.0878,63.7512,2193.6064,10439,6890.2394,0.4982,626.7622,622.6174
cost_cu_10_co_1,cost,45,9983.037305316784,7495.85,9982.0,12388.099999999999,11974,2668.9849,0.0875,60.2819,2066.1659,9983,6468.2177,0.4998,586.6667,601.5507
cost_cu_10_co_1,cost,46,9559.114388138596,7255.95,9561.5,11922.0,11513,2562.9632,0.0808,56.133,2001.6332,9559,6266.3798,0.5005,570.4436,561.9438
cost_cu_10_co_1,cost,47,9164.562942964903,6918.9,9166.0,11432.099999999999,10893,2495.3233,0.1028,69.3307,1802.0163,9165,5976.3403,0.5002,542.8777,547.5633
cost_cu_10_co_1,cost,48,8797.347846181832,6584.0,8803.5,10993.05,10503,2403.9481,0.0965,63.8597,1765.3511,8797,5844.2112,0.5014,531.7018,527.1932
cost_cu_10_co_1,cost,49,8455.586908627654,6385.0,8458.0,10525.05,10150,2265.7566,0.0865,51.4548,1751.2086,8456,5457.4484,0.5007,495.6086,501.3624
cost_cu_10_co_1,cost,50,8137.5396110024285,6099.9,8167.0,10126.05,9723,2206.2517,0.0984,57.2164,1634.0877,8138,5477.0048,0.5079,498.6485,490.5198
service_pw_0.25,service_seeking,0,1250.0,939.0,1251.5,1562.0,1429,282.6388,0.1738,17.6336,194.4708,1250,457.2692,0.5021,76.572,74.4092
service_pw_0.25,service_seeking,1,2699.3778076490075,2036.0,2699.0,3355.0499999999993,3078,597.0324,0.1702,36.3369,415.3479,2699,957.4406,0.4996,159.5716,159.5826
service_pw_0.25,service_seeking,2,5587.480440167129,4238.95,5575.0,6944.049999999999,6439,1251.4933,0.1518,66.3175,919.9058,5587,1985.5417,0.4934,330.6589,332.2472
service_pw_0.25,service_seeking,3,10869.524190133408,8246.75,10873.0,13569.099999999999,12438,2447.633,0.1728,149.4808,1700.229,10870,3939.9642,0.5007,659.536,642.2842
service_pw_0.25,service_seeking,4,19311.07983355564,14581.9,19353.0,24053.199999999997,22127,4304.8499,0.1652,251.7206,3046.2469,19311,6933.9105,0.5051,1159.2307,1137.757
service_pw_0.25,service_seeking,5,30623.79499282558,22992.05,30586.5,38226.34999999999,34986,6986.9219,0.1757,435.1531,4811.1564,30624,11105.0225,0.4973,1848.5032,1862.5065
service_pw_0.25,service_seeking,6,43240.6627956709,32463.05,43264.0,53846.149999999994,49380,9701.046,0.1774,594.656,6727.766,43241,15563.0102,0.5015,2594.8167,2588.9267
service_pw_0.25,service_seeking,7,54992.13813288249,41318.7,54975.5,68319.65,62998,12264.0267,0.1647,698.8515,8769.7692,54992,19715.0497,0.4989,3275.022,3339.9397
service_pw_0.25,service_seeking,8,63861.02481069179,48090.75,63643.0,79618.89999999997,73074,14428.6191,0.1615,842.5758,10215.7401,63861,22604.5743,0.49,3740.735,3900.8993
service_pw_0.25,service_seeking,9,68865.7359971846,52653.75,68974.0,85997.5,78880,15341.0647,0.1643,923.2046,10725.0417,68866,24600.2077,0.5039,4135.3951,3923.2322
service_pw_0.25,service_seeking,10,70364.28446930787,53170.25,70418.5,87607.45,80836,15610.7234,0.157,857.2897,11324.2749,70364,24994.2942,0.5021,4166.5515,4161.5367
service_pw_0.25,service_seeking,11,69394.91604855123,52511.95,69364.5,86197.65,79721,15414.6809,0.1583,838.0155,11224.6034,69395,24581.0375,0.4992,4086.7416,4147.3295
service_pw_0.25,service_seeking,12,66966.39823489558,50496.8,67037.5,83868.54999999999,77024,15276.4233,0.1625,882.8536,10862.1553,66966,24400.4047,0.5022,4079.8505,4001.1522
service_pw_0.25,service_seeking,13,63792.554993269376,47822.8,63926.0,79657.0,72768,14376.9093,0.1805,907.7129,9838.3448,63793,23227.2661,0.5049,3878.6057,3834.2376
service_pw_0.25,service_seeking,14,60309.550287007965,45444.9,60309.0,75141.1,69139,13516.1501,0.1671,775.7113,9637.5936,60310,21655.0835,0.4998,3603.7002,3636.5825
service_pw_0.25,service_seeking,15,56764.50903312092,42884.9,56660.5,70579.15,65221,12820.4021,0.1593,713.8689,9251.0576,56765,20209.2021,0.4947,3354.6689,3435.8576
service_pw_0.25,service_seeking,16,53290.988007232285,40243.5,53537.0,66558.34999999998,61043,12026.7257,0.1755,750.4578,8274.4367,53291,19651.4087,0.5122,3313.2383,3085.2172
service_pw_0.25,service_seeking,17,49957.815098601,37831.75,50053.0,62113.0,57202,11170.9868,0.1653,657.8286,7881.8438,49958,17893.9524,0.5052,2985.6562,2965.6714
service_pw_0.25,service_seeking,18,46797.683615122995,35353.5,46927.5,58256.05,53713,10412.9943,0.1604,586.4649,7480.6698,46798,16743.4395,0.5065,2794.0391,2773.244
service_pw_0.25,service_seeking,19,43823.26750120261,32819.6,43863.0,54740.399999999994,50183,9968.1544,0.172,605.2067,6942.1209,43823,16026.8986,0.5017,2674.9974,2651.9116
service_pw_0.25,service_seeking,20,41036.20927411096,30969.75,41077.5,51490.25,47141,9445.2424,0.1656,570.0256,6595.1144,41036,15030.1984,0.5019,2518.3516,2438.4404
service_pw_0.25,service_seeking,21,38432.14589472928,28723.9,38496.0,48026.1,43915,8692.9199,0.1771,536.3966,6010.9369,38432,13971.6357,0.5047,2330.0159,2321.5562
service_pw_0.25,service_seeking,22,36003.54219532095,26984.75,36044.0,44937.399999999994,41126,8135.35,0.1754,507.8934,5595.883,36004,13070.478,0.5031,2184.0814,2150.071
service_pw_0.25,service_seeking,23,33741.30323119723,25460.0,33701.5,42093.45,38659,7601.3735,0.1667,449.8936,5351.9055,33741,12223.3951,0.4977,2039.8972,2023.9091
service_pw_0.25,service_seeking,24,31635.698437779363,23710.75,31662.5,39426.1,36175,7002.6405,0.1678,413.3971,4935.655,31636,11301.7761,0.5025,1886.4197,1869.6776
service_pw_0.25,service_seeking,25,29676.89241115421,22523.95,29689.5,36864.34999999999,33905,6580.6017,0.1696,393.4275,4613.4642,29677,10495.0433,0.5015,1750.5011,1742.5378
service_pw_0.25,service_seeking,26,27855.24753412585,20877.95,27786.5,34871.1,31838,6365.8614,0.1667,388.7425,4422.1489,27855,10002.811,0.4952,1658.7341,1709.1405
service_pw_0.25,service_seeking,27,26161.492484518163,19788.85,26236.5,32737.05,30005,5895.4428,0.172,358.3938,4103.4738,26161,9592.487,0.5078,1615.2345,1516.3145
service_pw_0.25,service_seeking,28,24586.810997920264,18573.6,24583.0,30556.1,28326,5476.4344,0.1529,286.714,4042.8644,24587,8656.2432,0.4995,1439.8488,1456.9992
service_pw_0.25,service_seeking,29,23122.88283175823,17528.0,23144.0,28799.1,26509,5153.3879,0.1562,288.3011,3711.8824,23123,8142.6831,0.5027,1350.8503,1388.4316
service_pw_0.25,service_seeking,30,21761.895992674577,16369.65,21786.0,27089.1,24965,4856.6337,0.1615,279.8657,3457.3052,21762,7788.1513,0.5032,1302.2853,1276.7248
service_pw_0.25,service_seeking,31,20496.541760624546,15544.0,20509.0,25535.499999999993,23579,4562.8279,0.1637,253.1485,3297.0854,20497,7376.0151,0.5015,1235.6797,1197.6166
service_pw_0.25,service_seeking,32,19319.99957709411,14553.25,19387.5,24128.05,22097,4381.4767,0.1766,274.1459,3010.7472,19320,7094.4869,0.5114,1189.1476,1148.7489
service_pw_0.25,service_seeking,33,18225.91617216631,13728.0,18236.5,22802.0,20887,4123.7444,0.165,246.1349,2893.0699,18226,6595.0676,0.5017,1101.5221,1087.4571
service_pw_0.25,service_seeking,34,17208.381657430902,12976.9,17251.5,21401.249999999996,19683,3829.9366,0.1729,230.962,2675.1266,17208,6228.8722,0.5071,1043.2846,1012.4492
service_pw_0.25,service_seeking,35,16261.904295916376,12236.9,16232.0,20294.0,18614,3676.4699,0.1669,220.4766,2574.0869,16262,5878.6133,0.4961,979.5005,981.1108
service_pw_0.25,service_seeking,36,15381.385016256787,11596.95,15391.0,19178.1,17622,3448.9712,0.1695,202.8233,2434.8547,15381,5572.5608,0.5022,930.2549,921.2863
service_pw_0.25,service_seeking,37,14562.092333208899,10998.95,14613.0,18138.0,16756,3247.4555,0.1609,180.9066,2342.9225,14562,5267.2249,0.5103,883.2015,851.2174
service_pw_0.25,service_seeking,38,13799.638078294258,10402.0,13757.5,17162.0,15808,3100.3439,0.1672,180.1492,2199.5979,13800,4923.2155,0.4906,818.6278,830.0765
service_pw_0.25,service_seeking,39,13089.954175774843,9910.0,13086.0,16325.099999999999,15000,2939.4461,0.1687,174.0809,2069.0416,13090,4721.6541,0.4992,789.4489,774.4096
service_pw_0.25,service_seeking,40,12429.270588294212,9350.95,12405.0,15521.05,14191,2816.5769,0.1726,174.8159,1942.4974,12429,4446.3811,0.4926,740.1166,745.7981
service_pw_0.25,service_seeking,41,11814.094492541379,8905.95,11808.5,14702.099999999999,13525,2653.9295,0.1625,155.1982,1877.9385,11814,4187.4595,0.4979,695.9532,707.6935
service_pw_0.25,service_seeking,42,11241.190690457599,8461.9,11247.5,14024.05,12886,2513.8057,0.1629,144.5005,1791.3032,11241,4044.3525,0.5014,673.7583,675.561
service_pw_0.25,service_seeking,43,10707.563243527971,8086.95,10716.0,13403.05,12217,2417.8369,0.1751,152.914,1653.2669,10708,3862.8379,0.5027,645.2475,636.6004
service_pw_0.25,service_seeking,44,10210.43828702802,7745.95,10202.0,12733.05,11705,2311.1364,0.1683,136.8477,1626.8979,10210,3676.1318,0.4983,613.5136,608.5638
service_pw_0.25,service_seeking,45,9747.247983683495,7318.85,9746.0,12095.099999999999,11139,2166.3079,0.165,126.664,1532.9879,9747,3451.7971,0.4998,572.9122,587.2361
service_pw_0.25,service_seeking,46,9315.615555378754,7070.95,9318.5,11618.0,10700,2067.8693,0.1584,115.2759,1491.4898,9316,3326.2135,0.5004,555.6666,547.8805
service_pw_0.25,service_seeking,47,8913.341342406284,6729.85,8915.0,11119.099999999999,10133,2006.2007,0.1746,130.4017,1354.1922,8913,3174.0585,0.5005,528.378,532.1685
service_pw_0.25,service_seeking,48,8538.389828224226,6390.0,8544.5,10669.05,9753,1935.3871,0.1724,120.8029,1331.3726,8538,3092.0209,0.5014,516.0752,511.6449
service_pw_0.25,service_seeking,49,8188.877572081481,6183.95,8191.0,10193.05,9369,1817.1219,0.1622,105.304,1290.6019,8189,2885.9813,0.5008,480.1139,485.4118
service_pw_0.25,service_seeking,50,7863.061998628471,5893.9,7891.5,9785.05,8996,1777.2179,0.1718,108.7618,1233.4089,7863,2884.1457,0.508,482.0831,473.7302
service_pw_0.50,service_seeking,0,1500.0,1126.0,1502.0,1874.0,1715,339.1561,0.1736,21.1245,233.5336,1500,548.7095,0.5024,91.8834,89.2925
service_pw_0.50,service_seeking,1,3468.284929071741,2616.95,3468.0,4311.0,3955,767.0879,0.17,46.6457,533.8594,3468,1229.7439,0.4996,204.9217,205.1354
service_pw_0.50,service_seeking,2,7487.874377838954,5680.0,7471.0,9306.05,8628,1677.0437,0.152,89.0237,1231.9252,7488,2659.3355,0.4931,442.739,445.6405
service_pw_0.50,service_seeking,3,14835.832827500017,11256.6,14841.0,18520.199999999997,16977,3340.7765,0.1727,203.9665,2320.944,14836,5378.6067,0.5009,900.4382,876.4157
service_pw_0.50,service_seeking,4,26149.967410592108,19745.9,26206.5,32571.299999999996,29964,5829.3897,0.1651,340.7216,4125.7817,26150,9389.2169,0.5051,1569.6928,1540.7529
service_pw_0.50,service_seeking,5,40012.46256928085,30040.75,39964.0,49946.45,45713,9128.9004,0.1756,568.3888,6286.9564,40012,14511.0596,0.4973,2415.582,2433.1496
service_pw_0.50,service_seeking,6,53378.2720576572,40073.85,53407.0,66471.15,60956,11975.4742,0.1775,734.2381,8304.2837,53378,19213.069,0.5016,3203.5039,3195.5495
service_pw_0.50,service_seeking,7,63820.19142714272,47951.65,63801.0,79287.69999999998,73112,14232.8158,0.1645,810.9189,10178.2213,63820,22880.0406,0.4989,3800.7897,3876.0921
service_pw_0.50,service_seeking,8,70373.54554866925,52994.75,70134.0,87738.09999999998,80526,15900.0478,0.1615,928.5114,11257.4908,70374,24908.8492,0.49,4121.9783,4298.9577
service_pw_0.50,service_seeking,9,73172.94588495338,55946.7,73288.0,91376.5,83813,16300.5863,0.1643,981.0394,11395.3893,73173,26139.2853,0.5039,4394.1559,4168.5058
service_pw_0.50,service_seeking,10,73051.80564427393,55201.2,73108.0,90954.45,83923,16206.9492,0.157,890.1126,11756.3862,73052,25947.9754,0.502,4325.4503,4320.7239
service_pw_0.50,service_seeking,11,71038.3986061932,53755.0,71007.5,88239.65,81609,15779.7474,0.1583,857.8683,11490.4059,71038,25164.1432,0.4992,4183.7676,4245.3052
service_pw_0.50,service_seeking,12,67976.61342941584,51258.8,68049.0,85133.54999999999,78186,15506.8715,0.1625,896.1601,11026.071,67977,24766.9013,0.5021,4140.9984,4061.9093
service_pw_0.50,service_seeking,13,64427.03160211699,48298.8,64562.0,80450.0,73492,14519.8682,0.1805,916.6931,9936.4027,64427,23459.2284,0.5049,3917.4198,3872.1294
service_pw_0.50,service_seeking,14,60721.490945738246,45755.9,60721.0,75654.1,69611,13608.4591,0.1671,781.0494,9703.2121,60721,21804.8829,0.5,3628.7867,3660.9494
service_pw_0.50,service_seeking,15,57043.704255172546,43095.9,56939.0,70927.1,65542,12883.4568,0.1593,717.3442,9296.7358,57044,20308.9822,0.4947,3371.2651,3452.6567
service_pw_0.50,service_seeking,16,53490.292265785596,40394.45,53737.0,66807.34999999998,61271,12071.7252,0.1755,753.3184,8305.1332,53490,19725.5308,0.5122,3325.786,3096.6008
service_pw_0.50,service_seeking,17,50108.789682616225,37945.75,50204.5,62300.05,57375,11204.7519,0.1653,659.7948,7905.7779,50109,17947.9695,0.5052,2994.6644,2974.6475
service_pw_0.50,service_seeking,18,46919.5453357036,35445.5,47049.5,58408.05,53853,10440.1124,0.1604,587.9703,7500.2609,46920,16786.7276,0.5065,2801.2395,2780.5301
service_pw_0.50,service_seeking,19,43927.977945231774,32898.55,43967.5,54870.45,50303,9991.9678,0.172,606.6373,6958.7813,43928,16064.611,0.5017,2681.2445,2658.3885
service_pw_0.50,service_seeking,20,41131.38973953183,31041.75,41173.0,51610.2,47251,9467.163,0.1656,571.2405,6610.9605,41131,15065.4228,0.5019,2524.2838,2444.0038
service_pw_0.50,service_seeking,21,38522.76983975008,28791.9,38587.0,48140.05,44019,8713.3964,0.1771,537.5834,6025.4794,38523,14003.8358,0.5047,2335.3233,2327.2193
service_pw_0.50,service_seeking,22,36092.93453612783,27051.75,36133.0,45049.399999999994,41228,8155.5704,0.1754,509.1761,5609.6899,36093,13103.7384,0.5031,2189.7041,2155.2179
service_pw_0.50,service_seeking,23,33831.74118851179,25528.95,33792.0,42206.399999999994,38763,7621.7531,0.1667,451.0378,5366.5641,33832,12255.0525,0.4977,2045.0877,2029.614
service_pw_0.50,service_seeking,24,31728.779566541794,23780.7,31755.5,39542.1,36281,7023.2489,0.1678,414.687,4949.8139,31729,11335.2055,0.5025,1892.0131,1875.14
service_pw_0.50,service_seeking,25,29773.764207536686,22597.0,29786.5,36985.299999999996,34016,6602.0779,0.1696,394.6572,4628.7919,29774,10529.0605,0.5015,1756.1543,1748.289
service_pw_0.50,service_seeking,26,27956.753273371858,20953.95,27888.0,34998.1,31955,6389.0507,0.1667,389.995,4439.0757,27957,10038.2943,0.4952,1664.5356,1715.6163
service_pw_0.50,service_seeking,27,26268.265477205412,19869.85,26343.5,32871.0,30128,5919.5064,0.172,359.7673,4120.6699,26268,9631.1848,0.5078,1621.7137,1522.6163
service_pw_0.50,service_seeking,28,24699.33654691401,18658.6,24696.0,30696.1,28455,5501.4443,0.1529,288.1233,4060.8278,24699,8696.9177,0.4995,1446.7022,1463.4067
service_pw_0.50,service_seeking,29,23241.539636610203,17618.0,23263.0,28947.1,26645,5179.8291,0.1562,289.7844,3730.9071,23242,8183.7551,0.5025,1357.6054,1395.7281
service_pw_0.50,service_seeking,30,21886.984277490054,16463.65,21911.0,27245.1,25109,4884.5648,0.1614,281.3926,3477.6018,21887,7833.0788,0.5032,1309.8116,1284.0208
service_pw_0.50,service_seeking,31,20628.30270351107,15643.95,20641.0,25699.499999999993,23731,4592.158,0.1637,254.7058,3318.629,20628,7424.9844,0.5015,1244.0102,1204.9334
service_pw_0.50,service_seeking,32,19458.62896630576,14657.25,19526.5,24301.05,22256,4412.892,0.1766,276.0348,3032.718,19459,7144.6316,0.5114,1197.4914,1157.1746
service_pw_0.50,service_seeking,33,18371.57418446964,13837.95,18382.5,22984.05,21054,4156.6991,0.165,248.0901,2916.2486,18372,6647.0993,0.5017,1110.1568,1096.3153
service_pw_0.50,service_seeking,34,17361.200001949175,13091.9,17404.5,21591.249999999996,19857,3863.9795,0.173,233.1511,2698.224,17361,6283.8227,0.5069,1052.4583,1021.5312
service_pw_0.50,service_seeking,35,16421.991551636806,12356.95,16392.0,20493.05,18797,3712.6671,0.167,222.6889,2599.2226,16422,5936.6683,0.4961,989.1891,990.7228
service_pw_0.50,service_seeking,36,15548.830718927184,11722.95,15558.5,19387.1,17814,3486.5174,0.1695,205.0045,2461.4949,15549,5632.1042,0.5021,940.1023,931.5927
service_pw_0.50,service_seeking,37,14736.970188191392,11130.95,14788.5,18356.0,16957,3286.4645,0.1609,183.1175,2370.877,14737,5330.2223,0.5103,893.7438,861.5033
service_pw_0.50,service_seeking,38,13982.008557698378,10539.0,13939.5,17388.05,16017,3141.3057,0.1672,182.5142,2228.7347,13982,4989.0275,0.4907,829.6345,840.855
service_pw_0.50,service_seeking,39,13279.866677848036,10054.0,13276.0,16562.1,15217,2982.093,0.1688,176.7105,2098.5405,13280,4789.9696,0.4992,800.8566,785.6866
service_pw_0.50,service_seeking,40,12626.765280116586,9499.0,12602.0,15768.05,14417,2861.3259,0.1724,177.507,1973.7909,12627,4516.0387,0.4926,751.6258,757.9097
service_pw_0.50,service_seeking,41,12019.20392306283,9060.0,12013.5,14958.05,13760,2700.0003,0.1625,157.8607,1910.6968,12019,4260.3683,0.4979,708.0887,719.9248
service_pw_0.50,service_seeking,42,11453.941229931239,8621.9,11460.5,14289.099999999999,13130,2561.3732,0.1628,147.2139,1825.3037,11454,4120.398,0.5013,686.3847,688.4745
service_pw_0.50,service_seeking,43,10927.976392516719,8252.95,10937.0,13679.0,12469,2467.5878,0.1749,155.9724,1687.7258,10928,3943.2252,0.5027,658.7453,649.4987
service_pw_0.50,service_seeking,44,10438.531879351322,7919.0,10430.0,13018.05,11967,2362.7686,0.1683,139.8189,1663.6741,10439,3756.4284,0.4982,626.7622,622.6174
service_pw_0.50,service_seeking,45,9983.037305316784,7495.85,9982.0,12388.099999999999,11408,2218.7188,0.1652,129.8058,1569.6898,9983,3534.8842,0.4998,586.6667,601.5507
service_pw_0.50,service_seeking,46,9559.114388138596,7255.95,9561.5,11922.0,10980,2121.9282,0.1583,118.238,1530.7382,9559,3414.1618,0.5005,570.4436,561.9438
service_pw_0.50,service_seeking,47,9164.562942964903,6918.9,9166.0,11432.099999999999,10419,2062.7414,0.1746,134.0093,1392.6949,9165,3261.9518,0.5002,542.8777,547.5633
service_pw_0.50,service_seeking,48,8797.347846181832,6584.0,8803.5,10993.05,10048,1994.1184,0.1725,124.6045,1371.0959,8797,3185.7022,0.5014,531.7018,527.1932
service_pw_0.50,service_seeking,49,8455.586908627654,6385.0,8458.0,10525.05,9675,1876.3322,0.1621,108.5964,1333.3502,8456,2979.4054,0.5007,495.6086,501.3624
service_pw_0.50,service_seeking,50,8137.5396110024285,6099.9,8167.0,10126.05,9310,1839.2679,0.1719,112.5661,1276.4374,8138,2983.7623,0.5079,498.6485,490.5198
service_pw_0.75,service_seeking,0,1750.0000000000002,1314.0,1752.0,2187.0,2001,395.6773,0.1735,24.6169,272.5928,1750,640.1657,0.5024,107.1983,104.1742
service_pw_0.75,service_seeking,1,4237.192050494476,3196.95,4236.5,5267.0,4832,937.1355,0.1699,56.9536,652.3675,4237,1502.0645,0.4996,250.2751,250.689
service_pw_0.75,service_seeking,2,9388.26831551078,7121.95,9367.0,11668.05,10818,2102.7159,0.152,111.584,1544.7959,9388,3335.1163,0.4933,555.3174,558.5293
service_pw_0.75,service_seeking,3,18802.14146486662,14265.5,18808.5,23472.199999999997,21516,4233.9022,0.1726,258.4515,2941.6447,18802,6817.2674,0.5009,1141.3457,1110.5389
service_pw_0.75,service_seeking,4,32988.854987628576,24909.85,33060.5,41089.399999999994,37800,7353.9157,0.1652,429.8866,5204.4827,32989,11844.5105,0.5051,1980.1524,1943.7485
service_pw_0.75,service_seeking,5,49401.13014573612,37090.450000000004,49341.5,61665.54999999999,56439,11270.9635,0.1756,701.8052,7761.9375,49401,17915.0935,0.4973,2982.1602,3004.2925
service_pw_0.75,service_seeking,6,63515.88131964352,47684.65,63550.5,79095.15,72533,14249.8513,0.1775,873.6463,9881.6198,63516,22861.1495,0.5016,3811.696,3802.6695
service_pw_0.75,service_seeking,7,72648.24472140295,54584.6,72626.5,90254.79999999999,83225,16201.6011,0.1645,923.1525,11585.8386,72648,26045.0317,0.4989,4326.5576,4412.2437
service_pw_0.75,service_seeking,8,76886.06628664672,57899.65,76624.0,95857.29999999996,87978,17371.4699,0.1615,1014.4459,12299.2404,76886,27215.0485,0.49,4503.709,4696.5035
service_pw_0.75,service_seeking,9,77480.1557727222,59239.7,77602.5,96754.59999999999,88747,17260.0843,0.1643,1038.7058,12066.5553,77480,27678.3551,0.5039,4652.9176,4413.7671
service_pw_0.75,service_seeking,10,75739.32681924001,57232.15,75797.5,94300.45,87010,16803.1566,0.157,922.9296,12188.5086,75739,26903.6364,0.5022,4484.8429,4479.4219
service_pw_0.75,service_seeking,11,72681.88116383518,54998.95,72650.5,90280.69999999998,83497,16144.8093,0.1583,877.7193,11756.2128,72682,25745.2599,0.4992,4280.2944,4343.7879
service_pw_0.75,service_seeking,12,68986.82862393609,52020.75,69060.5,86398.54999999999,79348,15737.3203,0.1625,909.4669,11189.9858,68987,25135.3907,0.5021,4202.6453,4122.1642
service_pw_0.75,service_seeking,13,65061.5082109646,48774.75,65197.5,81242.0,74216,14662.8509,0.1805,925.6776,10034.4629,65062,23689.2133,0.5049,3955.738,3910.5233
service_pw_0.75,service_seeking,14,61133.43160446853,46065.9,61133.0,76167.15,70084,13700.7807,0.1671,786.2229,9769.6662,61133,21952.6861,0.5,3653.3738,3685.8171
service_pw_0.75,service_seeking,15,57322.899477224164,43305.95,57218.0,71274.1,65862,12946.4903,0.1593,720.983,9341.5753,57323,20408.7841,0.4947,3387.8653,3469.4576
service_pw_0.75,service_seeking,16,53689.596524338915,40544.5,53937.5,67056.34999999998,61500,12116.6668,0.1755,756.0011,8336.6613,53690,19797.5814,0.5122,3337.8202,3108.4804
service_pw_0.75,service_seeking,17,50259.76426663146,38059.8,50356.0,62488.0,57548,11238.4965,0.1653,661.7581,7929.706,50260,18001.9961,0.5052,3003.6747,2983.6226
service_pw_0.75,service_seeking,18,47041.40705628421,35537.5,47172.5,58560.0,53993,10467.2431,0.1604,589.4774,7519.8561,47041,16832.1033,0.5065,2808.9541,2787.3328
service_pw_0.75,service_seeking,19,44032.68838926094,32976.6,44072.5,55001.45,50423,10015.7792,0.172,608.0666,6975.4462,44033,16102.3022,0.5017,2687.4871,2664.8667
service_pw_0.75,service_seeking,20,41226.57020495269,31113.75,41268.5,51729.25,47360,9489.0639,0.1656,572.6182,6625.9729,41227,15098.6417,0.5017,2529.7145,2450.0692
service_pw_0.75,service_seeking,21,38613.393784770866,28858.95,38678.0,48253.1,44122,8733.9126,0.1771,538.943,6039.1976,38613,14038.0118,0.5047,2341.1262,2332.3808
service_pw_0.75,service_seeking,22,36182.326876934705,27118.75,36223.0,45160.399999999994,41330,8175.7657,0.1754,510.4555,5623.4882,36182,13136.9749,0.5032,2195.3237,2160.3564
service_pw_0.75,service_seeking,23,33922.179145826354,25596.95,33882.5,42318.45,38866,7642.1118,0.1668,452.344,5380.3918,33922,12288.6768,0.4977,2050.7715,2034.8193
service_pw_0.75,service_seeking,24,31821.860695304225,23849.75,31849.5,39658.1,36388,7043.8567,0.1678,415.8103,4964.8052,31822,11368.6261,0.5025,1897.6052,1880.6001
service_pw_0.75,service_seeking,25,29870.63600391916,22671.0,29883.5,37105.34999999999,34126,6623.5784,0.1696,396.0553,4643.3019,29871,10563.0268,0.5015,1761.7967,1754.0433
service_pw_0.75,service_seeking,26,28058.259012617866,21030.9,27989.0,35125.1,32071,6412.2526,0.1667,391.4152,4455.1766,28058,10075.7396,0.4952,1670.8297,1721.5911
service_pw_0.75,service_seeking,27,26375.038469892654,19950.8,26450.5,33004.05,30250,5943.5821,0.172,361.3097,4137.0336,26375,9669.8717,0.5078,1628.1913,1528.9152
service_pw_0.75,service_seeking,28,24811.86209590776,18743.6,24808.0,30836.1,28585,5526.5332,0.1529,289.3804,4079.6312,24812,8735.579,0.4995,1453.0547,1470.3055
service_pw_0.75,service_seeking,29,23360.196441462176,17708.0,23381.5,29094.1,26781,5206.2838,0.1562,291.2705,3749.9313,23360,8226.8688,0.5028,1364.868,1402.5288
service_pw_0.75,service_seeking,30,22012.072562305526,16557.65,22036.0,27400.1,25252,4912.4671,0.1615,283.0823,3497.0556,22012,7878.0253,0.5032,1317.342,1291.3153
service_pw_0.75,service_seeking,31,20760.06364639759,15743.95,20772.5,25863.499999999993,23882,4621.4767,0.1637,256.4269,3339.3422,20760,7471.9091,0.5015,1251.8323,1212.7476
service_pw_0.75,service_seeking,32,19597.258355517413,14762.25,19665.5,24474.05,22414,4444.3636,0.1766,278.1017,3053.8551,19597,7196.8468,0.5114,1206.3489,1165.1023
service_pw_0.75,service_seeking,33,18517.232196772962,13947.95,18528.0,23166.05,21221,4189.6555,0.165,250.0445,2939.433,18517,6701.1339,0.5019,1119.2909,1104.6794
service_pw_0.75,service_seeking,34,17514.01834646745,13206.95,17558.0,21781.249999999996,20032,3897.9803,0.173,235.166,2722.1503,17514,6338.7535,0.5069,1061.6282,1030.6125
service_pw_0.75,service_seeking,35,16582.078807357237,12477.9,16551.0,20693.05,18980,3748.8645,0.167,224.9013,2624.358,16582,5994.7307,0.4961,998.879,1000.3357
service_pw_0.75,service_seeking,36,15716.27642159758,11848.95,15726.0,19596.1,18006,3524.076,0.1695,207.1869,2488.1415,15716,5693.651,0.5022,950.4494,941.404
service_pw_0.75,service_seeking,37,14911.84804317389,11262.95,14964.0,18574.0,17158,3325.4399,0.1609,185.3236,2398.8219,14912,5393.2011,0.5103,904.2838,871.7821
service_pw_0.75,service_seeking,38,14164.379037102499,10676.95,14121.5,17615.05,16226,3182.2934,0.1672,184.8825,2257.8809,14164,5054.8126,0.4909,840.6357,851.6341
service_pw_0.75,service_seeking,39,13469.779179921235,10197.95,13466.0,16799.05,15435,3024.7442,0.1687,179.1754,2128.8672,13470,4858.31,0.4992,812.2697,796.9615
service_pw_0.75,service_seeking,40,12824.259971938958,9647.95,12799.0,16014.05,14642,2906.0823,0.1726,180.367,2004.2473,12824,4587.6333,0.4926,763.6255,769.5058
service_pw_0.75,service_seeking,41,12224.313353584283,9214.95,12218.5,15213.099999999999,13995,2746.0798,0.1625,160.5236,1943.4618,12224,4333.278,0.4979,720.2233,732.1615
service_pw_0.75,service_seeking,42,11666.69176940488,8781.9,11673.0,14555.05,13374,2608.9626,0.1627,149.9311,1859.3071,11667,4196.4498,0.5013,699.0123,701.3883
service_pw_0.75,service_seeking,43,11148.389541505463,8419.95,11157.0,13955.0,12720,2517.3755,0.1751,159.2043,1721.354,11148,4023.5795,0.503,672.2383,662.388
service_pw_0.75,service_seeking,44,10666.625471674623,8092.0,10658.0,13302.05,12228,2414.3955,0.1683,142.9562,1699.6145,10667,3838.7249,0.4982,640.5111,636.1694
service_pw_0.75,service_seeking,45,10218.826626950073,7672.85,10218.0,12680.099999999999,11677,2271.1043,0.1653,132.9437,1606.3858,10219,3617.9519,0.4998,600.4183,615.8604
service_pw_0.75,service_seeking,46,9802.613220898442,7440.95,9805.5,12225.05,11260,2175.9915,0.1583,121.2,1569.9915,9803,3500.1211,0.5004,584.7216,576.5131
service_pw_0.75,service_seeking,47,9415.784543523521,7108.85,9417.0,11746.099999999999,10705,2119.2645,0.1746,137.6146,1431.1915,9416,3351.8551,0.5002,557.8797,562.4566
service_pw_0.75,service_seeking,48,9056.305864139436,6777.95,9062.5,11317.0,10344,2052.8077,0.1725,128.2327,1411.6442,9056,3279.3585,0.5014,547.3245,542.736
service_pw_0.75,service_seeking,49,8722.29624517383,6586.95,8724.5,10857.05,9980,1935.5247,0.1621,112.0515,1375.2672,8722,3074.8361,0.501,511.6034,516.8191
service_pw_0.75,service_seeking,50,8412.017223376386,6305.9,8442.5,10468.05,9624,1901.2979,0.1719,116.3644,1319.4759,8412,3085.4027,0.508,515.7152,506.8267
service_pw_1.00,service_seeking,0,2000.0,1502.0,2002.5,2499.0,2286,452.2415,0.1745,28.2833,310.825,2000,731.5891,0.5026,122.5079,119.0496
service_pw_1.00,service_seeking,1,5006.09917191721,3776.95,5005.0,6223.0,5708,1107.204,0.1704,67.4305,770.0515,5006,1774.3632,0.4996,295.6237,296.2447
service_pw_1.00,service_seeking,2,11288.662253182607,8563.0,11263.5,14030.05,13008,2528.3657,0.152,134.1411,1857.6602,11289,4008.9245,0.4931,667.4009,671.92
service_pw_1.00,service_seeking,3,22768.45010223323,17274.45,22776.0,28423.249999999996,26055,5127.0386,0.1726,312.9351,3562.3631,22768,8255.916,0.5011,1382.248,1344.676
service_pw_1.00,service_seeking,4,39827.742564665044,30073.85,39914.0,49607.49999999999,45636,8878.4612,0.1652,519.0546,6283.1882,39828,14299.8668,0.5051,2390.6222,2346.7558
service_pw_1.00,service_seeking,5,58789.7977221914,44139.15,58718.5,73385.65,67165,13413.0054,0.1757,835.2191,9236.9099,58790,21319.1656,0.4973,3548.7458,3575.4366
service_pw_1.00,service_seeking,6,73653.49058162983,55295.4,73693.5,91719.2,84110,16524.2259,0.1775,1013.0532,11458.9599,73653,26511.2197,0.5017,4420.3855,4409.2922
service_pw_1.00,service_seeking,7,81476.29801566318,61217.55,81451.5,101222.9,93338,18170.3665,0.1647,1035.3824,12993.4545,81476,29210.0017,0.4989,4852.3216,4948.3937
service_pw_1.00,service_seeking,8,83398.58702462417,62803.65,83114.0,103976.49999999997,95430,18842.892,0.1615,1100.3802,13340.991,83399,29519.3276,0.49,4884.9528,5094.5636
service_pw_1.00,service_seeking,9,81787.36566049099,62533.65,81916.5,102133.59999999999,93680,18219.577,0.1643,1096.5369,12736.8925,81787,29217.4362,0.5039,4911.6801,4659.0357
service_pw_1.00,service_seeking,10,78426.8479942061,59263.15,78487.0,97646.5,90098,17399.4393,0.157,955.5947,12621.4658,78427,27857.3027,0.502,4643.7386,4638.6097
service_pw_1.00,service_seeking,11,74325.36372147716,56242.95,74293.0,92321.74999999999,85385,16509.8867,0.1583,897.574,12022.0167,74325,26328.4053,0.4992,4377.3271,4441.7698
service_pw_1.00,service_seeking,12,69997.04381845637,52782.75,70071.5,87664.54999999999,80510,15967.765,0.1625,922.7746,11353.892,69997,25503.9138,0.5022,4264.2994,4182.4168
service_pw_1.00,service_seeking,13,65695.98481981222,49249.8,65833.5,82034.0,74940,14805.8132,0.1805,934.6573,10132.5267,65696,23921.1688,0.5049,3994.5499,3948.4193
service_pw_1.00,service_seeking,14,61545.37226319881,46376.85,61545.0,76680.15,70556,13793.1124,0.1671,791.5654,9835.2854,61545,22100.4842,0.5,3677.9607,3710.6807
service_pw_1.00,service_seeking,15,57602.09469927579,43516.95,57496.5,71621.1,66183,13009.5628,0.1593,724.462,9387.2528,57602,20508.585,0.4947,3404.4657,3486.2565
service_pw_1.00,service_seeking,16,53888.900782892226,40695.45,54137.5,67305.34999999998,61728,12161.6695,0.1755,758.8625,8367.357,53889,19871.7265,0.5122,3350.372,3119.8665
service_pw_1.00,service_seeking,17,50410.738850646696,38174.75,50507.0,62676.0,57721,11272.2668,0.1653,663.7254,7953.6398,50411,18056.0148,0.5052,3012.6834,2992.5978
service_pw_1.00,service_seeking,18,47163.26877686482,35629.5,47294.5,58711.05,54133,10494.3614,0.1604,590.9842,7539.4404,47163,16875.4234,0.5065,2816.1612,2794.6174
service_pw_1.00,service_seeking,19,44137.398833290106,33055.55,44177.5,55132.45,50543,10039.5958,0.172,609.4964,6992.1138,44137,16142.0298,0.5017,2694.2354,2670.8528
service_pw_1.00,service_seeking,20,41321.750670373556,31184.8,41363.5,51849.2,47469,9510.9706,0.1656,573.9963,6640.9891,41322,15133.8652,0.5018,2535.6454,2455.6382
service_pw_1.00,service_seeking,21,38704.01772979166,28926.9,38768.5,48366.1,44226,8754.3869,0.1771,540.13,6053.7369,38704,14070.2115,0.5047,2346.4341,2338.041
service_pw_1.00,service_seeking,22,36271.719217741585,27185.75,36312.0,45272.399999999994,41432,8195.9635,0.1754,511.7338,5637.2945,36272,13168.1875,0.5031,2200.4378,2165.9985
service_pw_1.00,service_seeking,23,34012.61710314091,25664.95,33972.5,42431.45,38970,7662.4978,0.1667,453.488,5395.0578,34013,12320.3322,0.4977,2055.9604,2040.5302
service_pw_1.00,service_seeking,24,31914.941824066656,23919.75,31942.5,39774.1,36494,7064.4652,0.1678,417.0996,4978.9672,31915,11402.0388,0.5025,1903.1952,1886.0628
service_pw_1.00,service_seeking,25,29967.50780030164,22744.0,29980.5,37225.34999999999,34237,6645.057,0.1696,397.2858,4658.628,29968,10597.0332,0.5015,1767.4485,1759.7907
service_pw_1.00,service_seeking,26,28159.764751863873,21106.9,28090.0,35252.1,32187,6435.4358,0.1667,392.834,4471.2658,28160,10111.2376,0.4952,1676.6343,1728.0661
service_pw_1.00,service_seeking,27,26481.811462579903,20031.8,26557.5,33138.0,30372,5967.6555,0.172,362.8511,4153.4,26482,9708.5497,0.5078,1634.6668,1535.2157
service_pw_1.00,service_seeking,28,24924.387644901508,18828.6,24921.0,30976.1,28714,5551.554,0.1531,290.7915,4097.5965,24924,8776.2782,0.4995,1459.9122,1476.7172
service_pw_1.00,service_seeking,29,23478.853246314153,17798.0,23500.5,29242.1,26917,5232.7357,0.1562,292.7574,3768.9487,23479,8267.9731,0.5027,1371.6303,1409.8216
service_pw_1.00,service_seeking,30,22137.160847121,16651.65,22161.0,27556.1,25396,4940.3912,0.1614,284.6096,3517.3432,22137,7922.971,0.5032,1324.8729,1298.6065
service_pw_1.00,service_seeking,31,20891.824589284108,15843.95,20904.0,26027.499999999993,24034,4650.8078,0.1637,257.9837,3360.8893,20892,7518.8638,0.5015,1259.6597,1220.5653
service_pw_1.00,service_seeking,32,19735.887744729065,14866.25,19804.5,24648.0,22573,4475.7866,0.1766,279.9907,3075.8331,19736,7246.9836,0.5114,1214.6902,1173.5326
service_pw_1.00,service_seeking,33,18662.89020907629,14057.0,18673.5,23349.0,21388,4222.5973,0.165,251.9966,2962.6143,18663,6753.1497,0.5017,1127.922,1113.5397
service_pw_1.00,service_seeking,34,17666.836690985725,13322.9,17711.0,21971.249999999996,20207,3931.9853,0.1729,237.1812,2746.0793,17667,6393.6681,0.5069,1070.795,1039.6931
service_pw_1.00,service_seeking,35,16742.166063077668,12597.9,16711.0,20893.05,19164,3785.0501,0.1669,226.9434,2650.3331,16742,6052.7479,0.4961,1008.5597,1009.9494
service_pw_1.00,service_seeking,36,15883.722124267977,11975.9,15894.0,19804.149999999998,18197,3561.6139,0.1695,209.5333,2513.9474,15884,5753.1811,0.5021,960.2945,951.7086
service_pw_1.00,service_seeking,37,15086.725898156386,11395.0,15139.5,18791.05,17359,3364.4331,0.1609,187.5323,2426.7716,15087,5456.2091,0.5103,914.8283,882.0676
service_pw_1.00,service_seeking,38,14346.749516506621,10814.0,14303.0,17842.0,16435,3223.2522,0.1672,187.2464,2287.0202,14347,5118.6408,0.4906,851.1445,862.9183
service_pw_1.00,service_seeking,39,13659.691681994429,10341.95,13656.0,17036.05,15652,3067.3931,0.1689,181.8041,2158.3726,13660,4926.6401,0.4991,823.6786,808.2471
service_pw_1.00,service_seeking,40,13021.754663761334,9796.0,12996.0,16261.05,14868,2950.8355,0.1724,183.059,2035.5405,13022,4657.3029,0.4926,775.1369,781.6184
service_pw_1.00,service_seeking,41,12429.422784105735,9369.95,12423.5,15468.099999999999,14230,2792.163,0.1625,163.1882,1976.222,12429,4406.1878,0.498,732.359,744.3928
service_pw_1.00,service_seeking,42,11879.44230887852,8941.95,11886.0,14820.05,13617,2656.5155,0.163,152.8093,1892.469,11879,4274.4751,0.5014,712.1359,713.7956
service_pw_1.00,service_seeking,43,11368.802690494207,8585.95,11378.0,14231.0,12972,2567.1159,0.1749,162.2607,1755.8124,11369,4101.9107,0.5027,685.2265,675.7782
service_pw_1.00,service_seeking,44,10894.719063997924,8265.0,10886.0,13587.05,12490,2466.0232,0.1683,145.9257,1736.3947,10895,3921.0002,0.4982,654.2552,649.7242
service_pw_1.00,service_seeking,45,10454.615948583361,7850.8,10454.0,12973.099999999999,11947,2323.5247,0.1652,135.9184,1643.9327,10455,3701.0205,0.4998,614.1677,630.182
service_pw_1.00,service_seeking,46,10046.112053658286,7625.95,10049.0,12529.0,11539,2230.0011,0.1584,124.3205,1608.3986,10046,3588.0889,0.5005,599.5018,590.5799
service_pw_1.00,service_seeking,47,9667.006144082141,7298.85,9668.0,12059.099999999999,10990,2175.8378,0.1746,141.3938,1468.8688,9667,3441.7292,0.5003,572.8757,577.3507
service_pw_1.00,service_seeking,48,9315.263882097042,6971.95,9322.0,11640.05,10640,2111.4984,0.1724,131.861,1452.1934,9315,3373.0186,0.5014,562.9477,558.2801
service_pw_1.00,service_seeking,49,8989.005581720003,6788.0,8991.5,11189.05,10285,1994.6914,0.1621,115.503,1417.1764,8989,3168.2458,0.5009,527.0954,532.7688
service_pw_1.00,service_seeking,50,8686.494835750344,6510.9,8718.0,10809.05,9938,1963.3238,0.1719,120.1639,1362.5043,8686,3187.045,0.508,532.7841,523.1245
initial_ip_0.010_iw_0.001,initial_condition,0,1050.0,788.95,1051.0,1312.0,1200,237.439,0.1742,14.8755,163.0615,1050,384.1018,0.5021,64.3193,62.5053
initial_ip_0.010_iw_0.001,initial_condition,1,2664.5211537938035,2010.0,2664.0,3312.0,3038,589.3213,0.1703,35.9104,409.7693,2665,943.3665,0.4993,157.0846,157.9435
initial_ip_0.010_iw_0.001,initial_condition,2,6145.5080776024215,4661.95,6131.5,7638.0,7082,1376.477,0.1518,72.9514,1011.72,6146,2181.8288,0.493,363.1767,365.9453
initial_ip_0.010_iw_0.001,initial_condition,3,12874.742309082189,9768.65,12879.0,16072.149999999998,14733,2899.1542,0.1726,176.982,2014.2442,12875,4667.3988,0.5009,781.3561,760.6183
initial_ip_0.010_iw_0.001,initial_condition,4,23872.883384226807,18025.95,23924.5,29735.249999999996,27354,5321.772,0.1652,311.1835,3765.8545,23873,8571.4436,0.5051,1432.9621,1406.6331
initial_ip_0.010_iw_0.001,initial_condition,5,38088.703111260955,28596.800000000003,38042.5,47544.45,43515,8690.0158,0.1756,541.093,5984.5508,38089,13811.9222,0.4973,2299.0774,2316.5352
initial_ip_0.010_iw_0.001,initial_condition,6,52220.34870195403,39204.85,52249.0,65029.149999999994,59634,11715.6799,0.1775,718.2577,8124.3914,52220,18796.4661,0.5017,3134.0554,3126.1891
initial_ip_0.010_iw_0.001,initial_condition,7,63293.48387838125,47555.65,63274.0,78633.69999999998,72508,14115.354,0.1646,804.3279,10093.7145,63293,22691.7964,0.4989,3769.5683,3843.9549
initial_ip_0.010_iw_0.001,initial_condition,8,70174.73373612773,52845.7,69935.0,87490.09999999998,80298,15855.1042,0.1615,925.9684,11225.2622,70175,24838.8474,0.49,4110.4256,4286.7194
initial_ip_0.010_iw_0.001,initial_condition,9,73105.01337729073,55894.75,73220.0,91291.5,83735,16285.4201,0.1643,980.1549,11384.6456,73105,26115.1399,0.5039,4390.1082,4164.5989
initial_ip_0.010_iw_0.001,initial_condition,10,73029.3741308592,55184.2,73085.5,90926.45,83897,16201.9477,0.157,889.8714,11752.5907,73029,25941.1187,0.5023,4324.3999,4319.1192
initial_ip_0.010_iw_0.001,initial_condition,11,71030.92843386639,53749.95,71000.0,88229.69999999998,81601,15778.1203,0.1582,857.6856,11489.6923,71031,25160.5629,0.4992,4183.0927,4245.0994
initial_ip_0.010_iw_0.001,initial_condition,12,67974.0416574685,51256.8,68046.5,85130.54999999999,78183,15506.2801,0.1625,896.1328,11025.6161,67974,24766.8151,0.5021,4141.0553,4061.5386
initial_ip_0.010_iw_0.001,initial_condition,13,64426.10462312233,48297.8,64561.0,80448.05,73491,14519.6603,0.1805,916.6711,9936.3048,64426,23459.0511,0.5049,3917.4029,3872.0366
initial_ip_0.010_iw_0.001,initial_condition,14,60721.13922204209,45754.9,60720.5,75653.15,69611,13608.3886,0.1671,780.9787,9703.4951,60721,21804.0402,0.4998,3628.5873,3661.1037
initial_ip_0.010_iw_0.001,initial_condition,15,57043.56358063675,43094.95,56939.0,70926.15,65542,12883.4399,0.1593,717.3178,9296.8509,57044,20308.6599,0.4947,3371.1878,3452.7209
initial_ip_0.010_iw_0.001,initial_condition,16,53490.23300783849,40394.45,53737.0,66807.34999999998,61271,12071.7085,0.1755,753.3053,8305.182,53490,19725.3875,0.5122,3325.7518,3096.6285
initial_ip_0.010_iw_0.001,initial_condition,17,50108.763444380435,37945.75,50204.0,62300.05,57375,11204.7462,0.1653,659.7894,7905.7992,50109,17947.911,0.5052,2994.6502,2974.66
initial_ip_0.010_iw_0.001,initial_condition,18,46919.53315484539,35445.5,47049.5,58408.0,53853,10440.1114,0.1604,587.968,7500.2714,46920,16786.6972,0.5065,2801.2323,2780.5357
initial_ip_0.010_iw_0.001,initial_condition,19,43927.97203270359,32898.55,43967.5,54870.45,50303,9991.9666,0.172,606.6361,6958.7861,43928,16064.5978,0.5017,2681.2413,2658.3913
initial_ip_0.010_iw_0.001,initial_condition,20,41131.386747074364,31041.75,41173.0,51610.2,47251,9467.1624,0.1656,571.2399,6610.9629,41131,15065.4156,0.5019,2524.2821,2444.0051
initial_ip_0.010_iw_0.001,initial_condition,21,38522.768265196486,28791.9,38587.0,48140.05,44019,8713.3947,0.1771,537.5829,6025.4802,38523,14003.8311,0.5047,2335.3223,2327.2196
initial_ip_0.010_iw_0.001,initial_condition,22,36092.93367659651,27051.75,36133.0,45049.399999999994,41228,8155.5702,0.1754,509.1759,5609.6907,36093,13103.7364,0.5031,2189.7036,2155.2184
initial_ip_0.010_iw_0.001,initial_condition,23,33831.74070206307,25528.95,33792.0,42206.399999999994,38763,7621.7535,0.1667,451.0378,5366.5645,33832,12255.0523,0.4977,2045.0876,2029.6143
initial_ip_0.010_iw_0.001,initial_condition,24,31728.77928339681,23780.7,31755.5,39542.1,36281,7023.2482,0.1678,414.6868,4949.8142,31729,11335.2036,0.5025,1892.0127,1875.1401
initial_ip_0.010_iw_0.001,initial_condition,25,29773.764037855384,22597.0,29786.5,36985.299999999996,34016,6602.0774,0.1696,394.6571,4628.7919,29774,10529.06,0.5015,1756.1542,1748.289
initial_ip_0.010_iw_0.001,initial_condition,26,27956.75316896122,20953.95,27888.0,34998.1,31955,6389.0507,0.1667,389.995,4439.0757,27957,10038.2943,0.4952,1664.5356,1715.6163
initial_ip_0.010_iw_0.001,initial_condition,27,26268.26541066324,19869.85,26343.5,32871.0,30128,5919.5064,0.172,359.7673,4120.6699,26268,9631.1848,0.5078,1621.7137,1522.6163
initial_ip_0.010_iw_0.001,initial_condition,28,24699.336503913288,18658.6,24696.0,30696.1,28455,5501.4444,0.1529,288.1233,4060.8279,24699,8696.9178,0.4995,1446.7022,1463.4068
initial_ip_0.010_iw_0.001,initial_condition,29,23241.539608276784,17618.0,23263.0,28947.1,26645,5179.8291,0.1562,289.7844,3730.9071,23242,8183.7551,0.5025,1357.6054,1395.7281
initial_ip_0.010_iw_0.001,initial_condition,30,21886.98425843243,16463.65,21911.0,27245.1,25109,4884.5648,0.1614,281.3926,3477.6018,21887,7833.0788,0.5032,1309.8116,1284.0208
initial_ip_0.010_iw_0.001,initial_condition,31,20628.302690138713,15643.95,20641.0,25699.499999999993,23731,4592.158,0.1637,254.7058,3318.629,20628,7424.9844,0.5015,1244.0102,1204.9334
initial_ip_0.010_iw_0.001,initial_condition,32,19458.628957120764,14657.25,19526.5,24301.05,22256,4412.892,0.1766,276.0348,3032.718,19459,7144.6316,0.5114,1197.4914,1157.1746
initial_ip_0.010_iw_0.001,initial_condition,33,18371.574178013052,13837.95,18382.5,22984.05,21054,4156.6991,0.165,248.0901,2916.2486,18372,6647.0993,0.5017,1110.1568,1096.3153
initial_ip_0.010_iw_0.001,initial_condition,34,17361.199997119842,13091.9,17404.5,21591.249999999996,19857,3863.9795,0.173,233.1511,2698.224,17361,6283.8227,0.5069,1052.4583,1021.5312
initial_ip_0.010_iw_0.001,initial_condition,35,16421.991548228692,12356.95,16392.0,20493.05,18797,3712.6671,0.167,222.6889,2599.2226,16422,5936.6683,0.4961,989.1891,990.7228
initial_ip_0.010_iw_0.001,initial_condition,36,15548.830716488805,11722.95,15558.5,19387.1,17814,3486.5174,0.1695,205.0045,2461.4949,15549,5632.1042,0.5021,940.1023,931.5927
initial_ip_0.010_iw_0.001,initial_condition,37,14736.970186125609,11130.95,14788.5,18356.0,16957,3286.4645,0.1609,183.1175,2370.877,14737,5330.2223,0.5103,893.7438,861.5033
initial_ip_0.010_iw_0.001,initial_condition,38,13982.008556324277,10539.0,13939.5,17388.05,16017,3141.3057,0.1672,182.5142,2228.7347,13982,4989.0275,0.4907,829.6345,840.855
initial_ip_0.010_iw_0.001,initial_condition,39,13279.86667654254,10054.0,13276.0,16562.1,15217,2982.093,0.1688,176.7105,2098.5405,13280,4789.9696,0.4992,800.8566,785.6866
initial_ip_0.010_iw_0.001,initial_condition,40,12626.765279344396,9499.0,12602.0,15768.05,14417,2861.3259,0.1724,177.507,1973.7909,12627,4516.0387,0.4926,751.6258,757.9097
initial_ip_0.010_iw_0.001,initial_condition,41,12019.203922180732,9060.0,12013.5,14958.05,13760,2700.0003,0.1625,157.8607,1910.6968,12019,4260.3683,0.4979,708.0887,719.9248
initial_ip_0.010_iw_0.001,initial_condition,42,11453.941229497557,8621.9,11460.5,14289.099999999999,13130,2561.3732,0.1628,147.2139,1825.3037,11454,4120.398,0.5013,686.3847,688.4745
initial_ip_0.010_iw_0.001,initial_condition,43,10927.976391785356,8252.95,10937.0,13679.0,12469,2467.5878,0.1749,155.9724,1687.7258,10928,3943.2252,0.5027,658.7453,649.4987
initial_ip_0.010_iw_0.001,initial_condition,44,10438.531879254962,7919.0,10430.0,13018.05,11967,2362.7686,0.1683,139.8189,1663.6741,10439,3756.4284,0.4982,626.7622,622.6174
initial_ip_0.010_iw_0.001,initial_condition,45,9983.037304940666,7495.85,9982.0,12388.099999999999,11408,2218.7188,0.1652,129.8058,1569.6898,9983,3534.8842,0.4998,586.6667,601.5507
initial_ip_0.010_iw_0.001,initial_condition,46,9559.114388087613,7255.95,9561.5,11922.0,10980,2121.9282,0.1583,118.238,1530.7382,9559,3414.1618,0.5005,570.4436,561.9438
initial_ip_0.010_iw_0.001,initial_condition,47,9164.562942985716,6918.9,9166.0,11432.099999999999,10419,2062.7414,0.1746,134.0093,1392.6949,9165,3261.9518,0.5002,542.8777,547.5633
initial_ip_0.010_iw_0.001,initial_condition,48,8797.347845546734,6584.0,8803.5,10993.05,10048,1994.1184,0.1725,124.6045,1371.0959,8797,3185.7022,0.5014,531.7018,527.1932
initial_ip_0.010_iw_0.001,initial_condition,49,8455.586908902758,6385.0,8458.0,10525.05,9675,1876.3322,0.1621,108.5964,1333.3502,8456,2979.4054,0.5007,495.6086,501.3624
initial_ip_0.010_iw_0.001,initial_condition,50,8137.5396109210715,6099.9,8167.0,10126.05,9310,1839.2679,0.1719,112.5661,1276.4374,8138,2983.7623,0.5079,498.6485,490.5198
initial_ip_0.010_iw_0.010,initial_condition,0,1500.0,1126.0,1502.0,1874.0,1715,339.1561,0.1736,21.1245,233.5336,1500,548.7095,0.5024,91.8834,89.2925
initial_ip_0.010_iw_0.010,initial_condition,1,3468.284929071741,2616.95,3468.0,4311.0,3955,767.0879,0.17,46.6457,533.8594,3468,1229.7439,0.4996,204.9217,205.1354
initial_ip_0.010_iw_0.010,initial_condition,2,7487.874377838954,5680.0,7471.0,9306.05,8628,1677.0437,0.152,89.0237,1231.9252,7488,2659.3355,0.4931,442.739,445.6405
initial_ip_0.010_iw_0.010,initial_condition,3,14835.832827500017,11256.6,14841.0,18520.199999999997,16977,3340.7765,0.1727,203.9665,2320.944,14836,5378.6067,0.5009,900.4382,876.4157
initial_ip_0.010_iw_0.010,initial_condition,4,26149.967410592108,19745.9,26206.5,32571.299999999996,29964,5829.3897,0.1651,340.7216,4125.7817,26150,9389.2169,0.5051,1569.6928,1540.7529
initial_ip_0.010_iw_0.010,initial_condition,5,40012.46256928085,30040.75,39964.0,49946.45,45713,9128.9004,0.1756,568.3888,6286.9564,40012,14511.0596,0.4973,2415.582,2433.1496
initial_ip_0.010_iw_0.010,initial_condition,6,53378.2720576572,40073.85,53407.0,66471.15,60956,11975.4742,0.1775,734.2381,8304.2837,53378,19213.069,0.5016,3203.5039,3195.5495
initial_ip_0.010_iw_0.010,initial_condition,7,63820.19142714272,47951.65,63801.0,79287.69999999998,73112,14232.8158,0.1645,810.9189,10178.2213,63820,22880.0406,0.4989,3800.7897,3876.0921
initial_ip_0.010_iw_0.010,initial_condition,8,70373.54554866925,52994.75,70134.0,87738.09999999998,80526,15900.0478,0.1615,928.5114,11257.4908,70374,24908.8492,0.49,4121.9783,4298.9577
initial_ip_0.010_iw_0.010,initial_condition,9,73172.94588495338,55946.7,73288.0,91376.5,83813,16300.5863,0.1643,981.0394,11395.3893,73173,26139.2853,0.5039,4394.1559,4168.5058
initial_ip_0.010_iw_0.010,initial_condition,10,73051.80564427393,55201.2,73108.0,90954.45,83923,16206.9492,0.157,890.1126,11756.3862,73052,25947.9754,0.502,4325.4503,4320.7239
initial_ip_0.010_iw_0.010,initial_condition,11,71038.3986061932,53755.0,71007.5,88239.65,81609,15779.7474,0.1583,857.8683,11490.4059,71038,25164.1432,0.4992,4183.7676,4245.3052
initial_ip_0.010_iw_0.010,initial_condition,12,67976.61342941584,51258.8,68049.0,85133.54999999999,78186,15506.8715,0.1625,896.1601,11026.071,67977,24766.9013,0.5021,4140.9984,4061.9093
initial_ip_0.010_iw_0.010,initial_condition,13,64427.03160211699,48298.8,64562.0,80450.0,73492,14519.8682,0.1805,916.6931,9936.4027,64427,23459.2284,0.5049,3917.4198,3872.1294
initial_ip_0.010_iw_0.010,initial_condition,14,60721.490945738246,45755.9,60721.0,75654.1,69611,13608.4591,0.1671,781.0494,9703.2121,60721,21804.8829,0.5,3628.7867,3660.9494
initial_ip_0.010_iw_0.010,initial_condition,15,57043.704255172546,43095.9,56939.0,70927.1,65542,12883.4568,0.1593,717.3442,9296.7358,57044,20308.9822,0.4947,3371.2651,3452.6567
initial_ip_0.010_iw_0.010,initial_condition,16,53490.292265785596,40394.45,53737.0,66807.34999999998,61271,12071.7252,0.1755,753.3184,8305.1332,53490,19725.5308,0.5122,3325.786,3096.6008
initial_ip_0.010_iw_0.010,initial_condition,17,50108.789682616225,37945.75,50204.5,62300.05,57375,11204.7519,0.1653,659.7948,7905.7779,50109,17947.9695,0.5052,2994.6644,2974.6475
initial_ip_0.010_iw_0.010,initial_condition,18,46919.5453357036,35445.5,47049.5,58408.05,53853,10440.1124,0.1604,587.9703,7500.2609,46920,16786.7276,0.5065,2801.2395,2780.5301
initial_ip_0.010_iw_0.010,initial_condition,19,43927.977945231774,32898.55,43967.5,54870.45,50303,9991.9678,0.172,606.6373,6958.7813,43928,16064.611,0.5017,2681.2445,2658.3885
initial_ip_0.010_iw_0.010,initial_condition,20,41131.38973953183,31041.75,41173.0,51610.2,47251,9467.163,0.1656,571.2405,6610.9605,41131,15065.4228,0.5019,2524.2838,2444.0038
initial_ip_0.010_iw_0.010,initial_condition,21,38522.76983975008,28791.9,38587.0,48140.05,44019,8713.3964,0.1771,537.5834,6025.4794,38523,14003.8358,0.5047,2335.3233,2327.2193
initial_ip_0.010_iw_0.010,initial_condition,22,36092.93453612783,27051.75,36133.0,45049.399999999994,41228,8155.5704,0.1754,509.1761,5609.6899,36093,13103.7384,0.5031,2189.7041,2155.2179
initial_ip_0.010_iw_0.010,initial_condition,23,33831.74118851179,25528.95,33792.0,42206.399999999994,38763,7621.7531,0.1667,451.0378,5366.5641,33832,12255.0525,0.4977,2045.0877,2029.614
initial_ip_0.010_iw_0.010,initial_condition,24,31728.779566541794,23780.7,31755.5,39542.1,36281,7023.2489,0.1678,414.687,4949.8139,31729,11335.2055,0.5025,1892.0131,1875.14
initial_ip_0.010_iw_0.010,initial_condition,25,29773.764207536686,22597.0,29786.5,36985.299999999996,34016,6602.0779,0.1696,394.6572,4628.7919,29774,10529.0605,0.5015,1756.1543,1748.289
initial_ip_0.010_iw_0.010,initial_condition,26,27956.753273371858,20953.95,27888.0,34998.1,31955,6389.0507,0.1667,389.995,4439.0757,27957,10038.2943,0.4952,1664.5356,1715.6163
initial_ip_0.010_iw_0.010,initial_condition,27,26268.265477205412,19869.85,26343.5,32871.0,30128,5919.5064,0.172,359.7673,4120.6699,26268,9631.1848,0.5078,1621.7137,1522.6163
initial_ip_0.010_iw_0.010,initial_condition,28,24699.33654691401,18658.6,24696.0,30696.1,28455,5501.4443,0.1529,288.1233,4060.8278,24699,8696.9177,0.4995,1446.7022,1463.4067
initial_ip_0.010_iw_0.010,initial_condition,29,23241.539636610203,17618.0,23263.0,28947.1,26645,5179.8291,0.1562,289.7844,3730.9071,23242,8183.7551,0.5025,1357.6054,1395.7281
initial_ip_0.010_iw_0.010,initial_condition,30,21886.984277490054,16463.65,21911.0,27245.1,25109,4884.5648,0.1614,281.3926,3477.6018,21887,7833.0788,0.5032,1309.8116,1284.0208
initial_ip_0.010_iw_0.010,initial_condition,31,20628.30270351107,15643.95,20641.0,25699.499999999993,23731,4592.158,0.1637,254.7058,3318.629,20628,7424.9844,0.5015,1244.0102,1204.9334
initial_ip_0.010_iw_0.010,initial_condition,32,19458.62896630576,14657.25,19526.5,24301.05,22256,4412.892,0.1766,276.0348,3032.718,19459,7144.6316,0.5114,1197.4914,1157.1746
initial_ip_0.010_iw_0.010,initial_condition,33,18371.57418446964,13837.95,18382.5,22984.05,21054,4156.6991,0.165,248.0901,2916.2486,18372,6647.0993,0.5017,1110.1568,1096.3153
initial_ip_0.010_iw_0.010,initial_condition,34,17361.200001949175,13091.9,17404.5,21591.249999999996,19857,3863.9795,0.173,233.1511,2698.224,17361,6283.8227,0.5069,1052.4583,1021.5312
initial_ip_0.010_iw_0.010,initial_condition,35,16421.991551636806,12356.95,16392.0,20493.05,18797,3712.6671,0.167,222.6889,2599.2226,16422,5936.6683,0.4961,989.1891,990.7228
initial_ip_0.010_iw_0.010,initial_condition,36,15548.830718927184,11722.95,15558.5,19387.1,17814,3486.5174,0.1695,205.0045,2461.4949,15549,5632.1042,0.5021,940.1023,931.5927
initial_ip_0.010_iw_0.010,initial_condition,37,14736.970188191392,11130.95,14788.5,18356.0,16957,3286.4645,0.1609,183.1175,2370.877,14737,5330.2223,0.5103,893.7438,861.5033
initial_ip_0.010_iw_0.010,initial_condition,38,13982.008557698378,10539.0,13939.5,17388.05,16017,3141.3057,0.1672,182.5142,2228.7347,13982,4989.0275,0.4907,829.6345,840.855
initial_ip_0.010_iw_0.010,initial_condition,39,13279.866677848036,10054.0,13276.0,16562.1,15217,2982.093,0.1688,176.7105,2098.5405,13280,4789.9696,0.4992,800.8566,785.6866
initial_ip_0.010_iw_0.010,initial_condition,40,12626.765280116586,9499.0,12602.0,15768.05,14417,2861.3259,0.1724,177.507,1973.7909,12627,4516.0387,0.4926,751.6258,757.9097
initial_ip_0.010_iw_0.010,initial_condition,41,12019.20392306283,9060.0,12013.5,14958.05,13760,2700.0003,0.1625,157.8607,1910.6968,12019,4260.3683,0.4979,708.0887,719.9248
initial_ip_0.010_iw_0.010,initial_condition,42,11453.941229931239,8621.9,11460.5,14289.099999999999,13130,2561.3732,0.1628,147.2139,1825.3037,11454,4120.398,0.5013,686.3847,688.4745
initial_ip_0.010_iw_0.010,initial_condition,43,10927.976392516719,8252.95,10937.0,13679.0,12469,2467.5878,0.1749,155.9724,1687.7258,10928,3943.2252,0.5027,658.7453,649.4987
initial_ip_0.010_iw_0.010,initial_condition,44,10438.531879351322,7919.0,10430.0,13018.05,11967,2362.7686,0.1683,139.8189,1663.6741,10439,3756.4284,0.4982,626.7622,622.6174
initial_ip_0.010_iw_0.010,initial_condition,45,9983.037305316784,7495.85,9982.0,12388.099999999999,11408,2218.7188,0.1652,129.8058,1569.6898,9983,3534.8842,0.4998,586.6667,601.5507
initial_ip_0.010_iw_0.010,initial_condition,46,9559.114388138596,7255.95,9561.5,11922.0,10980,2121.9282,0.1583,118.238,1530.7382,9559,3414.1618,0.5005,570.4436,561.9438
initial_ip_0.010_iw_0.010,initial_condition,47,9164.562942964903,6918.9,9166.0,11432.099999999999,10419,2062.7414,0.1746,134.0093,1392.6949,9165,3261.9518,0.5002,542.8777,547.5633
initial_ip_0.010_iw_0.010,initial_condition,48,8797.347846181832,6584.0,8803.5,10993.05,10048,1994.1184,0.1725,124.6045,1371.0959,8797,3185.7022,0.5014,531.7018,527.1932
initial_ip_0.010_iw_0.010,initial_condition,49,8455.586908627654,6385.0,8458.0,10525.05,9675,1876.3322,0.1621,108.5964,1333.3502,8456,2979.4054,0.5007,495.6086,501.3624
initial_ip_0.010_iw_0.010,initial_condition,50,8137.5396110024285,6099.9,8167.0,10126.05,9310,1839.2679,0.1719,112.5661,1276.4374,8138,2983.7623,0.5079,498.6485,490.5198
initial_ip_0.001_iw_0.010,initial_condition,0,600.0,451.0,601.0,750.0,686,135.6668,0.1727,8.4509,93.4123,600,219.489,0.5013,36.7546,35.716
initial_ip_0.001_iw_0.010,initial_condition,1,1186.5031365606947,895.0,1186.0,1475.0,1353,262.4016,0.1691,15.9554,182.6246,1187,419.4992,0.4982,69.805,70.4742
initial_ip_0.001_iw_0.010,initial_condition,2,2319.3637450927063,1759.0,2314.0,2883.0,2673,519.5117,0.1515,27.502,382.0017,2319,824.5115,0.4932,137.3353,137.835
initial_ip_0.001_iw_0.010,initial_condition,3,4441.887615708059,3369.9,4443.0,5545.049999999999,5083,1000.2352,0.1725,61.0607,694.9317,4442,1610.2484,0.5006,269.5629,262.4339
initial_ip_0.001_iw_0.010,initial_condition,4,8207.165253568695,6197.0,8225.0,10222.099999999999,9404,1829.5572,0.165,106.9695,1294.7097,8207,2947.1796,0.5051,492.7399,483.4801
initial_ip_0.001_iw_0.010,initial_condition,5,14300.446832731339,10736.550000000001,14283.0,17851.149999999998,16338,3262.6568,0.1756,203.1104,2247.1048,14300,5186.8168,0.4973,863.4704,869.4648
initial_ip_0.001_iw_0.010,initial_condition,6,22901.89298365388,17193.5,22914.0,28519.05,26153,5138.068,0.1774,315.0418,3562.859,22902,8242.8812,0.5015,1374.344,1371.1612
initial_ip_0.001_iw_0.010,initial_condition,7,33180.915839976726,24930.8,33170.5,41222.399999999994,38012,7399.8252,0.1645,421.5824,5291.9132,33181,11895.2588,0.4989,1975.988,2015.3188
initial_ip_0.001_iw_0.010,initial_condition,8,43751.43977119034,32946.85,43602.5,54547.29999999998,50063,9885.0941,0.1615,577.2977,6998.6056,43751,15487.2917,0.49,2562.9973,2672.3052
initial_ip_0.001_iw_0.010,initial_condition,9,53663.096196396196,41029.8,53748.0,67013.34999999999,61466,11954.4059,0.1643,719.5045,8356.8834,53663,19170.1169,0.5039,3222.623,3057.0019
initial_ip_0.001_iw_0.010,initial_condition,10,62332.50205435155,47101.3,62380.5,77607.4,71609,13828.8446,0.157,759.4232,10031.7286,62333,22139.8052,0.502,3690.5833,3686.8887
initial_ip_0.001_iw_0.010,initial_condition,11,68911.09410711852,52145.95,68881.5,85596.65,79165,15307.198,0.1583,832.2017,11146.1895,68911,24409.9846,0.4992,4058.3328,4118.3206
initial_ip_0.001_iw_0.010,initial_condition,12,72618.45463039797,54758.8,72696.0,90947.54999999999,83525,16565.7796,0.1625,957.3563,11778.9981,72618,26459.8622,0.5022,4424.2034,4338.8452
initial_ip_0.001_iw_0.010,initial_condition,13,73456.65104549502,55067.75,73610.0,91725.0,83792,16554.8841,0.1805,1045.1896,11328.9361,73457,26746.3293,0.5049,4466.2638,4415.0103
initial_ip_0.001_iw_0.010,initial_condition,14,72117.52299425042,54342.85,72117.0,89852.15,82676,16162.4629,0.1671,927.5342,11524.7919,72118,25895.0373,0.4998,4309.2966,4348.5543
initial_ip_0.001_iw_0.010,initial_condition,15,69434.62345550832,52456.9,69307.5,86333.15,79779,15681.9926,0.1593,873.1501,11316.2421,69435,24720.4184,0.4947,4103.5544,4202.6464
initial_ip_0.001_iw_0.010,initial_condition,16,66055.96024678487,49883.35,66360.5,82501.64999999998,75665,14907.5184,0.1755,930.1897,10256.5699,66056,24358.5144,0.5122,4106.8557,3824.2359
initial_ip_0.001_iw_0.010,initial_condition,17,62395.64575479781,47250.7,62515.0,77577.0,71444,13952.1902,0.1653,821.504,9844.6702,62396,22348.676,0.5052,3728.9183,3704.0845
initial_ip_0.001_iw_0.010,initial_condition,18,58692.88192540605,44339.4,58856.0,73064.05,67366,13059.8205,0.1604,735.5295,9382.173,58693,20999.9025,0.5065,3504.3765,3478.02
initial_ip_0.001_iw_0.010,initial_condition,19,55077.52798687994,41248.5,55127.5,68797.54999999999,63070,12528.0998,0.172,760.7182,8724.5088,55078,20141.144,0.5017,3361.5589,3333.3495
initial_ip_0.001_iw_0.010,initial_condition,20,51616.083696657086,38954.7,51668.5,64766.25,59295,11880.4111,0.1656,716.9589,8295.6166,51616,18904.9247,0.5019,3167.5445,3067.2022
initial_ip_0.001_iw_0.010,initial_condition,21,48339.501107852426,36128.85,48420.0,60407.1,55236,10933.8389,0.1771,674.6327,7560.6754,48340,17571.9771,0.5046,2930.3224,2920.3651
initial_ip_0.001_iw_0.010,initial_condition,22,45259.06370884874,33921.7,45310.0,56489.49999999999,51698,10226.7493,0.1754,638.5237,7034.1308,45259,16431.8361,0.5032,2745.8715,2702.4786
initial_ip_0.001_iw_0.010,initial_condition,23,42375.275599899745,31974.95,42325.5,52864.54999999999,48552,9546.4775,0.1667,564.9074,6721.9405,42375,15350.9801,0.4977,2561.8245,2541.8576
initial_ip_0.001_iw_0.010,initial_condition,24,39682.827005976265,29741.7,39717.0,49455.1,45377,8783.9162,0.1678,518.5204,6191.3142,39683,14177.0384,0.5025,2366.3741,2345.1679
initial_ip_0.001_iw_0.010,initial_condition,25,37173.38359014851,28213.0,37189.5,46176.45,42470,8242.8799,0.1696,492.7291,5779.2344,37173,13147.1627,0.5016,2192.9429,2182.4482
initial_ip_0.001_iw_0.010,initial_condition,26,34837.165474424095,26111.85,34751.0,43611.149999999994,39819,7961.4603,0.1667,486.0466,5531.2273,34837,12509.7535,0.4952,2074.4288,2137.6095
initial_ip_0.001_iw_0.010,initial_condition,27,32663.846443267663,24707.75,32757.5,40874.0,37463,7360.7331,0.172,447.4123,5123.6716,32664,11975.1055,0.5078,2016.3077,1893.567
initial_ip_0.001_iw_0.010,initial_condition,28,30643.066239263895,23148.55,30638.5,38083.149999999994,35303,6825.3787,0.1529,357.384,5038.4587,30643,10789.0737,0.4995,1794.6665,1815.7412
initial_ip_0.001_iw_0.010,initial_condition,29,28764.71956062181,21805.0,28791.0,35825.149999999994,32977,6410.8016,0.1562,358.6515,4617.5441,28765,10129.163,0.5027,1680.3784,1727.271
initial_ip_0.001_iw_0.010,initial_condition,30,27019.114492840497,20324.55,27049.0,33633.1,30996,6029.8995,0.1615,347.4793,4292.503,27019,9670.0693,0.5032,1617.0076,1585.0313
initial_ip_0.001_iw_0.010,initial_condition,31,25397.05373486464,19260.95,25412.0,31640.59999999999,29217,5653.7445,0.1637,313.5899,4085.795,25397,9140.8121,0.5015,1531.4345,1483.6396
initial_ip_0.001_iw_0.010,initial_condition,32,23889.869860850315,17995.100000000002,23973.0,29835.05,27324,5417.8408,0.1766,338.9448,3723.1168,23890,8772.3296,0.5114,1470.3596,1420.5316
initial_ip_0.001_iw_0.010,initial_condition,33,22489.43314286315,16939.95,22502.5,28136.0,25773,5088.3915,0.165,303.7148,3569.8175,22489,8138.9119,0.502,1359.4682,1341.5709
initial_ip_0.001_iw_0.010,initial_condition,34,21188.143112488666,15977.9,21241.0,26351.249999999996,24234,4715.716,0.1731,284.56,3292.916,21188,7668.747,0.5069,1284.3985,1246.7545
initial_ip_0.001_iw_0.010,initial_condition,35,19978.91066285301,15033.9,19942.0,24932.05,22868,4516.8015,0.167,270.9758,3161.9225,19979,7222.3647,0.4961,1203.403,1205.3497
initial_ip_0.001_iw_0.010,initial_condition,36,18855.134893449682,14215.9,18867.0,23509.149999999998,21602,4227.8822,0.1695,248.5894,2984.9352,18855,6830.3712,0.5022,1140.1709,1129.5167
initial_ip_0.001_iw_0.010,initial_condition,37,17810.677295279515,13452.0,17873.0,22184.05,20494,3971.9231,0.1609,221.2676,2865.5851,17811,6441.3625,0.5103,1080.0075,1041.325
initial_ip_0.001_iw_0.010,initial_condition,38,16839.83489468153,12693.0,16788.5,20942.05,19291,3783.3731,0.1672,219.7809,2684.4686,16840,6008.3897,0.4907,999.117,1012.8047
initial_ip_0.001_iw_0.010,initial_condition,39,15937.313361922032,12065.95,15932.5,19876.1,18262,3578.86,0.1689,212.0902,2518.409,15937,5749.4338,0.4992,961.3525,942.6713
initial_ip_0.001_iw_0.010,initial_condition,40,15098.200699289784,11358.0,15069.0,18854.05,17239,3421.3548,0.1724,212.2207,2360.2513,15098,5400.8998,0.4926,898.9782,906.0088
initial_ip_0.001_iw_0.010,initial_condition,41,14317.941875358958,10793.0,14311.0,17818.1,16392,3216.3923,0.1625,187.9976,2276.4043,14318,5074.5757,0.4979,843.3615,857.7682
initial_ip_0.001_iw_0.010,initial_condition,42,13592.314616913975,10231.9,13600.0,16957.05,15581,3039.5631,0.163,174.7456,2165.8351,13592,4890.4125,0.5014,814.7205,816.81
initial_ip_0.001_iw_0.010,initial_condition,43,12917.406465554657,9755.95,12928.0,16170.0,14739,2916.8108,0.1749,184.3629,1994.9963,12917,4661.956,0.503,778.8871,767.5205
initial_ip_0.001_iw_0.010,initial_condition,44,12289.593136467058,9323.95,12280.0,15326.05,14089,2781.7544,0.1683,164.63,1958.6044,12290,4422.834,0.4982,737.9766,732.951
initial_ip_0.001_iw_0.010,initial_condition,45,11705.518186040812,8789.8,11704.0,14525.099999999999,13376,2601.5244,0.1652,152.257,1840.2394,11706,4143.7414,0.4998,687.6265,705.6089
initial_ip_0.001_iw_0.010,initial_condition,46,11162.073950430944,8472.95,11165.5,13921.0,12821,2477.7384,0.1584,138.1008,1787.2344,11162,3986.5686,0.5005,666.0725,656.2061
initial_ip_0.001_iw_0.010,initial_condition,47,10656.383723477906,8045.8,10658.0,13293.149999999998,12115,2398.4986,0.1746,155.8247,1619.3751,10656,3794.7318,0.5005,631.6969,636.2473
initial_ip_0.001_iw_0.010,initial_condition,48,10185.785107278469,7623.0,10193.0,12728.05,11634,2308.8287,0.1725,144.2393,1587.6322,10186,3687.2403,0.5014,615.3079,610.7008
initial_ip_0.001_iw_0.010,initial_condition,49,9747.814489320825,7361.0,9750.5,12133.05,11153,2163.0658,0.1622,125.286,1536.6358,9748,3435.3168,0.5008,571.4945,577.8443
initial_ip_0.001_iw_0.010,initial_condition,50,9340.192575204272,7000.9,9374.0,11623.05,10686,2111.0738,0.1719,129.1863,1465.1423,9340,3426.1782,0.508,572.7037,562.6597
