scenario,group,day,S,I_P,I_W,R_P,total,pressure,risk_ratio
behaviour_alpha_0.5,behaviour,0,0.98,0.01,0.01,0.0,1.0,0.02,1.0
behaviour_alpha_0.5,behaviour,1,0.9489710544413593,0.019170500910043218,0.030852517111281272,0.0010059275373161154,0.9999999999999999,0.050023018021324486,1.6093745936037578
behaviour_alpha_0.5,behaviour,2,0.8846101074245593,0.035941902211103015,0.07653898127423937,0.002909009090098319,1.0,0.11248088348534238,2.129519490223177
behaviour_alpha_0.5,behaviour,3,0.7680525395393409,0.0646002388576862,0.160949534786338,0.0063976868166347595,0.9999999999999999,0.2255497736440242,2.4914696544839177
behaviour_alpha_0.5,behaviour,4,0.5962818600476553,0.10838327162654479,0.2828901339930222,0.012444734332777747,1.0,0.391273405619567,2.610090374165619
behaviour_alpha_0.5,behaviour,5,0.404431680639024,0.16607475106538944,0.4073857816938826,0.022107786601703764,0.9999999999999999,0.5734605327592721,2.4530265984471087
behaviour_alpha_0.5,behaviour,6,0.24569639311888103,0.2317257647766165,0.48640875565356245,0.03616908645094005,1.0,0.718134520430179,2.0990706670984998
behaviour_alpha_0.5,behaviour,7,0.1434582491637982,0.2987294242415768,0.5028784847851752,0.054933841809449775,1.0,0.8016079090267519,1.6833912027979772
behaviour_alpha_0.5,behaviour,8,0.08704599755212748,0.3623724755855386,0.4722820350458241,0.0782994918165098,1.0,0.8346545106313628,1.3033054850059693
behaviour_alpha_0.5,behaviour,9,0.05746746470872164,0.419300288768162,0.4173496250926522,0.10588262143046415,1.0,0.8366499138608142,0.9953478122296541
behaviour_alpha_0.5,behaviour,10,0.041335743318597205,0.4668685198414828,0.35470713141238774,0.13708860542753226,1.0,0.8215756512538706,0.7597580824957366
behaviour_alpha_0.5,behaviour,11,0.031644096371753694,0.5033034187415826,0.29388680100524817,0.17116568388141565,1.0000000000000002,0.7971902197468308,0.5839157654443475
behaviour_alpha_0.5,behaviour,12,0.025184904938655234,0.5279984798910348,0.2395371885486496,0.20727942662166043,1.0,0.7675356684396843,0.4536702238197426
behaviour_alpha_0.5,behaviour,13,0.020549441050513574,0.5414908470941582,0.19336206261309952,0.2445976492422288,1.0,0.7348529097072577,0.35709202408637647
behaviour_alpha_0.5,behaviour,14,0.017090284580478204,0.5451398943303728,0.15540816681107805,0.282361654278071,1.0,0.7005480611414509,0.2850794235156372
behaviour_alpha_0.5,behaviour,15,0.01446931217011921,0.5407129358721359,0.12488803257529435,0.3199297193824505,1.0,0.6656009684474302,0.23096919694339813
behaviour_alpha_0.5,behaviour,16,0.012479377705610428,0.5300396388981948,0.10068830743254997,0.35679267596364483,1.0,0.6307279463307448,0.18996373109349518
behaviour_alpha_0.5,behaviour,17,0.010977040928211479,0.51479431406493,0.08165938209334825,0.3925692629135103,1.0,0.5964536961582783,0.15862526034630736
behaviour_alpha_0.5,behaviour,18,0.009856350692283097,0.4963945255375597,0.0667588073791584,0.4269903163909988,1.0,0.5631533329167181,0.13448739650555855
behaviour_alpha_0.5,behaviour,19,0.009037029492524136,0.4759787326558699,0.055105385658701975,0.459878852192904,1.0,0.5310841183145718,0.11577278957659413
behaviour_alpha_0.5,behaviour,20,0.008457796174403587,0.45442711164336996,0.04598473074002852,0.49113036144219796,1.0,0.5004118423833985,0.10119275360515219
behaviour_alpha_0.5,behaviour,21,0.008071809703173762,0.4324004316646163,0.03883232733047956,0.5206954313017306,1.0000000000000002,0.47123275899509587,0.08980640278499806
behaviour_alpha_0.5,behaviour,22,0.007843260791635111,0.41038244463499335,0.03320889980799092,0.5485653947653808,1.0000000000000002,0.44359134444298426,0.08092183338282885
behaviour_alpha_0.5,behaviour,23,0.007744754507352919,0.3887187341999319,0.028775550027848356,0.574760961264867,1.0000000000000002,0.4174942842277803,0.07402666117205471
behaviour_alpha_0.5,behaviour,24,0.00775529664764545,0.3676494071574737,0.025271845216415786,0.5993234509784653,1.0000000000000002,0.3929212523738895,0.06873897992059376
behaviour_alpha_0.5,behaviour,25,0.007858756625680785,0.3473352966753527,0.022497784251172492,0.6223081624477942,1.0000000000000002,0.36983308092652517,0.06477252518393119
behaviour_alpha_0.5,behaviour,26,0.008042698981427737,0.3278783532457168,0.020299525045486908,0.6437794227273688,1.0000000000000002,0.3481778782912037,0.061911757347012625
behaviour_alpha_0.5,behaviour,27,0.008297498630532963,0.3093372209100024,0.018558346670178923,0.6638069337892859,1.0000000000000002,0.3278955675801813,0.05999390120459584
behaviour_alpha_0.5,behaviour,28,0.008615671081654869,0.2917389971148771,0.017182229254652494,0.6824631025488156,1.0,0.3089212263695296,0.058895894702368855
behaviour_alpha_0.5,behaviour,29,0.008991365940877516,0.2750880447167325,0.01609947876615602,0.6998211105762341,1.0,0.2911875234828885,0.05852482169021268
behaviour_alpha_0.5,behaviour,30,0.009419980686094565,0.25937256443594797,0.01525391870814113,0.7159535361698165,1.0000000000000002,0.2746264831440891,0.05881084123647968
behaviour_alpha_0.5,behaviour,31,0.009897867500248332,0.24456947984869848,0.014601264887144921,0.7309313877639084,1.0000000000000002,0.2591707447358434,0.05970190923322857
behaviour_alpha_0.5,behaviour,32,0.010422107383456348,0.230648059703915,0.014106390697053989,0.7448234422155748,1.0000000000000002,0.244754450400969,0.061159806482493244
behaviour_alpha_0.5,behaviour,33,0.010990336789401697,0.2175725963542427,0.0137412580387765,0.7576958088175793,1.0000000000000002,0.23131385439301919,0.0631571175278138
behaviour_alpha_0.5,behaviour,34,0.011600612929543964,0.20530438023060715,0.01348334716640436,0.7696116596734447,1.0000000000000002,0.21878772739701152,0.06567491229977293
behaviour_alpha_0.5,behaviour,35,0.012251309020815048,0.19380314868725468,0.0133144599990044,0.7806310822929261,1.0000000000000002,0.20711760868625909,0.06870094778743921
behaviour_alpha_0.5,behaviour,36,0.012941032356032308,0.18302814227419478,0.013219803970739647,0.7908110213990335,1.0000000000000002,0.19624794624493444,0.07222825848789437
behaviour_alpha_0.5,behaviour,37,0.013668559735424812,0.17293886758505436,0.013187287403221374,0.8002052852762996,1.0000000000000002,0.18612615498827573,0.07625404044429535
behaviour_alpha_0.5,behaviour,38,0.014432786900722885,0.1634956403596603,0.013206974451734554,0.8088645982878825,1.0000000000000002,0.17670261481139485,0.08077875607375
behaviour_alpha_0.5,behaviour,39,0.015232688265906184,0.15465996433180995,0.01327066169727191,0.8168366857050122,1.0000000000000002,0.16793062602908188,0.08580541030515706
behaviour_alpha_0.5,behaviour,40,0.016067285531545815,0.1463947868853563,0.013371546956712025,0.824166380626386,1.0000000000000002,0.15976633384206831,0.09133895571830343
behaviour_alpha_0.5,behaviour,41,0.016935622624378286,0.1386646629003936,0.013503969276538286,0.83089574519869,1.0000000000000002,0.15216863217693188,0.09738580106914865
behaviour_alpha_0.5,behaviour,42,0.017836746432779948,0.13143584990697849,0.013663203176416982,0.8370642004838248,1.0000000000000002,0.14509905308339546,0.1039533976923867
behaviour_alpha_0.5,behaviour,43,0.018769691571377617,0.12467635248734159,0.013845295312605067,0.8427086606286759,1.0000000000000002,0.13852164779994666,0.11104989066800605
behaviour_alpha_0.5,behaviour,44,0.019733469014840563,0.11835592906909134,0.014046933649203825,0.8478636682668645,1.0000000000000002,0.13240286271829516,0.11868381888163626
behaviour_alpha_0.5,behaviour,45,0.020727057402358716,0.11244607145056426,0.014265342359307823,0.8525615287877695,1.0000000000000002,0.12671141380987208,0.12686385727205624
behaviour_alpha_0.5,behaviour,46,0.021749396916857996,0.10691996460754505,0.014498196609893847,0.8568324418657033,1.0000000000000002,0.1214181612174389,0.1355985915550027
behaviour_alpha_0.5,behaviour,47,0.022799385052355563,0.10175243272436207,0.014743553177701148,0.8607046290455814,1.0000000000000002,0.11649598590206323,0.1448963212274253
behaviour_alpha_0.5,behaviour,48,0.023875874009056025,0.09691987585977471,0.014999793538449161,0.8642044565927203,1.0000000000000002,0.11191966939822387,0.15476488599873067
behaviour_alpha_0.5,behaviour,49,0.024977669525310293,0.09240020058100398,0.015265576794285434,0.8673565530994005,1.0000000000000002,0.10766577737528941,0.165211511428513
behaviour_alpha_0.5,behaviour,50,0.026103530635616008,0.08817274720536325,0.015539800660440443,0.8701839214985805,1.0000000000000002,0.1037125478658037,0.17624267308181601
behaviour_alpha_1,behaviour,0,0.98,0.01,0.01,0.0,1.0,0.02,1.0
behaviour_alpha_1,behaviour,1,0.948929818098752,0.019304706862262735,0.030756284856909358,0.0010091901820757547,0.9999999999999999,0.050060991719172096,1.593201340810433
behaviour_alpha_1,behaviour,2,0.8841705917902959,0.03687086502495302,0.07601575750687306,0.0029427856778778475,0.9999999999999999,0.11288662253182608,2.061675457178128
behaviour_alpha_1,behaviour,3,0.7657207660807259,0.069032155527668,0.1586523454946643,0.006594732896941648,1.0,0.22768450102233231,2.2982383250523974
behaviour_alpha_1,behaviour,4,0.5884172487580629,0.12472192256519171,0.2735555030814587,0.013305325595286549,0.9999999999999999,0.3982774256466504,2.193323334464093
behaviour_alpha_1,behaviour,5,0.3870401768298029,0.21235127416370309,0.37554670305821086,0.025061845948283375,1.0000000000000002,0.587897977221914,1.7685163629802347
behaviour_alpha_1,behaviour,6,0.21928749129022845,0.3310305353368459,0.4055043704794523,0.044177602893473465,1.0000000000000002,0.7365349058162982,1.2249757263837435
behaviour_alpha_1,behaviour,7,0.11297050668309441,0.46164084838622255,0.35312213177040935,0.07226651316027366,0.9999999999999999,0.8147629801566318,0.764928261883309
behaviour_alpha_1,behaviour,8,0.05695832376332864,0.5734850407271432,0.26050082951909853,0.10905580599042947,0.9999999999999998,0.8339858702462417,0.45424171690476833
behaviour_alpha_1,behaviour,9,0.02981537820670388,0.6455852610941579,0.172288395510752,0.15231096518838613,1.0,0.81787365660491,0.266871637092136
behaviour_alpha_1,behaviour,10,0.016706728259660103,0.6767676329434179,0.10750084699864304,0.1990247917982788,0.9999999999999999,0.784268479942061,0.1588445454034159
behaviour_alpha_1,behaviour,11,0.010138931931373218,0.6775143349090924,0.0657393023056792,0.24660743085385514,0.9999999999999999,0.7432536372147716,0.09703012750940536
behaviour_alpha_1,behaviour,12,0.006713230852225872,0.6595618304037532,0.04040860778081041,0.2933163309632106,1.0,0.6999704381845636,0.06126583728484429
behaviour_alpha_1,behaviour,13,0.00488738516520204,0.6315807838442177,0.02537906435390452,0.33815276663667576,1.0,0.6569598481981221,0.04018340171692808
behaviour_alpha_1,behaviour,14,0.003927035847520249,0.5989760962827768,0.01647762634921132,0.38061924152049165,1.0,0.6154537226319882,0.027509655980381936
behaviour_alpha_1,behaviour,15,0.003461594588806929,0.564853138110693,0.011167808882064856,0.42051745841843524,1.0,0.5760209469927579,0.019771172590841348
behaviour_alpha_1,behaviour,16,0.0032940849396538747,0.5309168374867897,0.007972170342132478,0.4578169072314239,1.0,0.5388890078289222,0.015015855175869876
behaviour_alpha_1,behaviour,17,0.003315257601545235,0.4980684051458577,0.006038983360609218,0.49257735389198787,1.0,0.504107388506467,0.01212480715142074
behaviour_alpha_1,behaviour,18,0.00346239077917215,0.4667582189454239,0.004874468823224254,0.5249049214521797,1.0,0.47163268776864814,0.010443241544278422
behaviour_alpha_1,behaviour,19,0.0036984420331074657,0.4371855705717344,0.004188417761166665,0.5549275696339915,1.0,0.4413739883329011,0.009580411713243907
behaviour_alpha_1,behaviour,20,0.0040010215008212365,0.40941028808690094,0.003807218616834587,0.5827814717954432,0.9999999999999999,0.4132175067037355,0.009299274413999267
behaviour_alpha_1,behaviour,21,0.0043563416231532206,0.38341521949708485,0.0036249578008317814,0.60860348107893,0.9999999999999999,0.3870401772979166,0.009454392044182644
behaviour_alpha_1,behaviour,22,0.004755791565094346,0.35914149854514077,0.0035756936322750396,0.6325270162574897,1.0,0.3627171921774158,0.009956225183555633
behaviour_alpha_1,behaviour,23,0.005193943067811645,0.3365086527388267,0.003617518292582445,0.6546798859007791,0.9999999999999998,0.34012617103140913,0.010750149403706707
behaviour_alpha_1,behaviour,24,0.005667359973500176,0.3154261730901693,0.003723245150497269,0.6751832217858331,0.9999999999999998,0.31914941824066656,0.011803856078337938
behaviour_alpha_1,behaviour,25,0.0061738704479773025,0.29580020614771735,0.003874871855299033,0.6941510515490061,0.9999999999999998,0.2996750780030164,0.01309962526991611
behaviour_alpha_1,behaviour,26,0.006712112198415241,0.27753741794879844,0.0040602295698402985,0.7116902402829459,0.9999999999999999,0.28159764751863875,0.014629485277510764
behaviour_alpha_1,behaviour,27,0.007281242043471358,0.26054719491830913,0.004270919707489887,0.7279006433307296,1.0,0.264818114625799,0.016392115481530987
behaviour_alpha_1,behaviour,28,0.007880746547073061,0.24474285448926514,0.004501021959749946,0.7428753770039117,0.9999999999999998,0.24924387644901508,0.018390820721376235
behaviour_alpha_1,behaviour,29,0.008510316082574318,0.23004226026906255,0.0047462721940789735,0.7567011514542841,0.9999999999999999,0.23478853246314152,0.020632175099164943
behaviour_alpha_1,behaviour,30,0.009169759430569429,0.21636807707859107,0.005003531392618918,0.7694586320982205,1.0,0.22137160847120999,0.023125090633409347
behaviour_alpha_1,behaviour,31,0.009858944808989927,0.2036478081773803,0.005270437715460793,0.7812228092981689,0.9999999999999999,0.20891824589284108,0.025880159293785097
behaviour_alpha_1,behaviour,32,0.010577758452354445,0.19181370187882457,0.005545175568466087,0.7920633641003547,0.9999999999999998,0.19735887744729066,0.028909173401852013
behaviour_alpha_1,behaviour,33,0.011326075095209357,0.18080258159862986,0.005826320492133027,0.8020450228140277,0.9999999999999999,0.18662890209076288,0.032224763831453944
behaviour_alpha_1,behaviour,34,0.012103736769741453,0.17055563312912628,0.006112733780730959,0.8112278963204013,1.0,0.17666836690985724,0.03584011661522231
behaviour_alpha_1,behaviour,35,0.012910537428494516,0.16101817040195945,0.006403490228817227,0.8196678019407287,1.0,0.16742166063077668,0.03976874294889704
behaviour_alpha_1,behaviour,36,0.013746211839373176,0.15213939313586392,0.006697828106815864,0.827416566917947,0.9999999999999999,0.15883722124267977,0.04402428568145104
behaviour_alpha_1,behaviour,37,0.014610427684834858,0.143872144782264,0.006995114199299844,0.8345223133336013,1.0,0.15086725898156386,0.048620351145013126
behaviour_alpha_1,behaviour,38,0.015502780075843063,0.13617267598890137,0.0072948191761648285,0.8410297247590907,1.0,0.1434674951650662,0.05357035927500893
behaviour_alpha_1,behaviour,39,0.016422787947290313,0.12900041673701645,0.007596500082927845,0.8469802952327653,0.9999999999999999,0.1365969168199443,0.058887407305158276
behaviour_alpha_1,behaviour,40,0.01736989203554486,0.12231775896471836,0.007899787672894988,0.8524125613268417,1.0,0.13021754663761334,0.06458414329822396
behaviour_alpha_1,behaviour,41,0.018343454001405992,0.11608985062019928,0.008204377220858063,0.8573623181575366,1.0,0.12429422784105734,0.0706726486167993
behaviour_alpha_1,behaviour,42,0.01934275667289469,0.11028440150983958,0.008510021578945629,0.8618628202383201,1.0,0.11879442308878521,0.07716432661772539
behaviour_alpha_1,behaviour,43,0.020367005016059942,0.10487150094539227,0.008816525959549812,0.8659449680789979,1.0,0.11368802690494208,0.0840697985636791
behaviour_alpha_1,behaviour,44,0.021415327933525744,0.09982344694704719,0.009123743692932054,0.8696374814264949,0.9999999999999999,0.10894719063997924,0.0913988043086899
behaviour_alpha_1,behaviour,45,0.02248678050380823,0.09511458662050207,0.009431572865331556,0.8729670600103581,0.9999999999999999,0.10454615948583362,0.09916010993100997
behaviour_alpha_1,behaviour,46,0.023580346835547845,0.0907211672261891,0.009739953310393745,0.8759585326278693,1.0,0.10046112053658285,0.10736141970164208
behaviour_alpha_1,behaviour,47,0.024694943200911347,0.08662119741847664,0.010048864022344773,0.8786349953582672,0.9999999999999999,0.09667006144082141,0.11600929474338242
behaviour_alpha_1,behaviour,48,0.0258294215207987,0.0827943181026662,0.010358320718304224,0.8810179396582307,0.9999999999999999,0.09315263882097043,0.12510907699559468
behaviour_alpha_1,behaviour,49,0.026982573136587126,0.07922168235535307,0.010668373461846953,0.8831273710462128,0.9999999999999999,0.08989005581720003,0.1346648183257886
behaviour_alpha_1,behaviour,50,0.0281531326023774,0.07588584386254513,0.01097910449495832,0.884981919040119,0.9999999999999999,0.08686494835750344,0.14467921731021643
behaviour_alpha_2,behaviour,0,0.98,0.01,0.01,0.0,1.0,0.02,1.0
behaviour_alpha_2,behaviour,1,0.9488471483876719,0.01957438349293876,0.030562735594771434,0.0010157325246179902,1.0,0.050137119087710194,1.561363892037601
behaviour_alpha_2,behaviour,2,0.883280477720683,0.0387752123034944,0.0749329674731863,0.0030113425026364357,1.0000000000000002,0.1137081797766807,1.9324966395202272
behaviour_alpha_2,behaviour,3,0.7608922341644411,0.07853999353088682,0.1535609198456125,0.007006852459059584,1.0,0.2321009133764993,1.9551939456835168
behaviour_alpha_2,behaviour,4,0.5716471825515254,0.16223434970374503,0.25091832988819274,0.015200137856536636,0.9999999999999998,0.4131526795919378,1.5466412035823047
behaviour_alpha_2,behaviour,5,0.34999139281840147,0.32226719210561255,0.29584464882715233,0.031896766248833266,0.9999999999999997,0.6181118409327648,0.9180104462206594
behaviour_alpha_2,behaviour,6,0.16871815072454,0.5401571284227988,0.22868504158827477,0.06243967926438604,0.9999999999999996,0.7688421700110736,0.4233676268533393
behaviour_alpha_2,behaviour,7,0.06762594299413602,0.7055161066975514,0.11965629444113016,0.10720165586718208,0.9999999999999997,0.8251724011386815,0.1696010811166722
behaviour_alpha_2,behaviour,8,0.02546096093579142,0.7644780796903455,0.05035740069120681,0.15970355868265596,0.9999999999999997,0.8148354803815523,0.0658716083940618
behaviour_alpha_2,behaviour,9,0.010061157917604405,0.756437074585256,0.020005826568517134,0.21349594092862217,0.9999999999999998,0.7764429011537731,0.02644744320535327
behaviour_alpha_2,behaviour,10,0.004594736506474456,0.7218170841666062,0.008212419169307603,0.26537576015761155,0.9999999999999998,0.7300295033359138,0.01137742421099589
behaviour_alpha_2,behaviour,11,0.0026792071008310335,0.6793937845813475,0.0036986502296544052,0.3142283580881668,0.9999999999999998,0.6830924348110019,0.005444044843497602
behaviour_alpha_2,behaviour,12,0.0020777082769871088,0.6361691207970485,0.0019510062771701017,0.35980216464879405,0.9999999999999998,0.6381201270742186,0.0030668044288690247
behaviour_alpha_2,behaviour,13,0.0019949520687866057,0.5945677976591813,0.0012816544934128077,0.402155595778619,0.9999999999999998,0.5958494521525941,0.002155606977805883
behaviour_alpha_2,behaviour,14,0.0021352057629357587,0.5553612623928559,0.0010527198369904,0.44145081200721764,0.9999999999999998,0.5564139822298463,0.001895558635931144
behaviour_alpha_2,behaviour,15,0.0023826678457879646,0.5187237338114465,0.0010141338526209998,0.4778794644901442,0.9999999999999997,0.5197378676640675,0.001955055815876033
behaviour_alpha_2,behaviour,16,0.0026897152414962064,0.4846111515150039,0.0010633752426910915,0.5116357580008084,0.9999999999999996,0.48567452675769496,0.0021942855408232775
behaviour_alpha_2,behaviour,17,0.003035944911775855,0.4529009681384201,0.0011564206348083767,0.5429066663149953,0.9999999999999996,0.4540573887732285,0.002553363132699111
behaviour_alpha_2,behaviour,18,0.0034123788944472834,0.4234455703181452,0.0012734827589276404,0.5718685680284795,0.9999999999999997,0.42471905307707286,0.0030074296395894307
behaviour_alpha_2,behaviour,19,0.0038150607372082744,0.39609331178305907,0.0014052599762143098,0.598686367503518,0.9999999999999997,0.3974985717592734,0.0035478003147500076
behaviour_alpha_2,behaviour,20,0.004242332175086834,0.3706968914069369,0.0015471770762034425,0.6235135993417724,0.9999999999999996,0.37224406848314034,0.004173698544736407
behaviour_alpha_2,behaviour,21,0.004693620968839372,0.34711658820821045,0.0016968712005919365,0.6464929196223579,0.9999999999999996,0.3488134594088024,0.0048884762590893655
behaviour_alpha_2,behaviour,22,0.005168877191467397,0.32522133469077324,0.0018530503300759412,0.6677567377876831,0.9999999999999997,0.3270743850208492,0.0056978129428005
behaviour_alpha_2,behaviour,23,0.005668299477214211,0.30488886029391443,0.0020149555516566654,0.6874278846772144,0.9999999999999997,0.3069038158455711,0.006608819849023798
behaviour_alpha_2,behaviour,24,0.006192196061685635,0.28600543322061456,0.002182099032734784,0.7056202716849648,0.9999999999999998,0.28818753225334937,0.007629571956598424
behaviour_alpha_2,behaviour,25,0.006740910828554366,0.2684654348234764,0.0023541324480589603,0.72243952189991,0.9999999999999998,0.2708195672715354,0.008768847466739503
behaviour_alpha_2,behaviour,26,0.00731478184776645,0.2521708731969031,0.0025307792549943506,0.7379835657003359,0.9999999999999998,0.25470165245189746,0.010035969749044873
behaviour_alpha_2,behaviour,27,0.00791411675344803,0.23703088540419606,0.0027117992408134174,0.7523431986015422,0.9999999999999997,0.23974268464500947,0.011440699958527057
behaviour_alpha_2,behaviour,28,0.008539177196764312,0.2229612512829145,0.0028969698937076627,0.7656026016266133,0.9999999999999998,0.22585822117662216,0.012993154088607581
behaviour_alpha_2,behaviour,29,0.00919016841599583,0.20988392917720475,0.0030860768058198693,0.7778398256009793,0.9999999999999998,0.21297000598302462,0.01470373085694569
behaviour_alpha_2,behaviour,30,0.009867231858514494,0.19772661782549728,0.0032789090568074723,0.7891272412591805,0.9999999999999998,0.20100552688230475,0.016583043258754662
behaviour_alpha_2,behaviour,31,0.010570439752692047,0.18642234561304225,0.0034752574086611547,0.7995319572256043,0.9999999999999998,0.1898976030217034,0.018641850027328606
behaviour_alpha_2,behaviour,32,0.011299791025485824,0.17590908690310325,0.003674914121542541,0.809116207949868,0.9999999999999997,0.17958400102464578,0.020890985146019257
behaviour_alpha_2,behaviour,33,0.01205520824112767,0.1661294044510343,0.0038776736899621043,0.8179377136178756,0.9999999999999997,0.17000707814099641,0.02334128448106865
behaviour_alpha_2,behaviour,34,0.012836535355869403,0.1570301165539259,0.004083334120542136,0.8260500139696623,0.9999999999999997,0.16111345067446803,0.026003509455078788
behaviour_alpha_2,behaviour,35,0.01364353619332723,0.14856198749629512,0.004291698468477624,0.8335027778418997,0.9999999999999998,0.15285368596477275,0.02888826772450558
behaviour_alpha_2,behaviour,36,0.014475893553232921,0.14067943980303457,0.004502576498469487,0.8403420901452627,0.9999999999999998,0.14518201630150407,0.03200593139106574
behaviour_alpha_2,behaviour,37,0.015333208905396785,0.13334028686618954,0.004715786355350381,0.846610717873063,0.9999999999999997,0.13805607322153993,0.03536655324645278
behaviour_alpha_2,behaviour,38,0.01621500262386517,0.12650548456983007,0.004931156174691838,0.8523483566316126,0.9999999999999997,0.1314366407445219,0.038979781718237495
behaviour_alpha_2,behaviour,39,0.017120714740381515,0.12013890063053204,0.005148525551362942,0.8575918590777232,0.9999999999999997,0.12528742618189498,0.04285477496748875
behaviour_alpha_2,behaviour,40,0.018049706130677773,0.11420710039586322,0.005367746908462123,0.8623754465649965,0.9999999999999997,0.11957484730432534,0.04700011549068758
behaviour_alpha_2,behaviour,41,0.01900126017384019,0.10867914802827375,0.005588686609316419,0.8667309051885693,0.9999999999999997,0.11426783463759016,0.0514237248884439
behaviour_alpha_2,behaviour,42,0.019974584747833868,0.10352642193437256,0.005811225951725849,0.8706877673660673,0.9999999999999996,0.10933764788609841,0.05613278082197895
behaviour_alpha_2,behaviour,43,0.020968814612202305,0.09872244352413495,0.006035261883288139,0.8742734799803742,0.9999999999999996,0.10475770540742309,0.06113363555281816
behaviour_alpha_2,behaviour,44,0.021983014048885672,0.09424271831183398,0.0062607075686893525,0.8775135600705906,0.9999999999999996,0.10050342588052333,0.06643173797230338
behaviour_alpha_2,behaviour,45,0.023016179804115456,0.09006458856430515,0.006487492674183412,0.8804317389573956,0.9999999999999996,0.09655208123848856,0.07203155843599299
behaviour_alpha_2,behaviour,46,0.02406724419171903,0.08616709662625763,0.006715563520335537,0.8830500956616874,0.9999999999999996,0.09288266014659316,0.07793651850037046
behaviour_alpha_2,behaviour,47,0.025135078436900857,0.08253085826157028,0.006944882927857604,0.8853891803736709,0.9999999999999996,0.08947574118942789,0.08414892410117374
behaviour_alpha_2,behaviour,48,0.026218496059862175,0.07913794520450475,0.00717543000382139,0.8874681287318112,0.9999999999999996,0.08631337520832613,0.09066990538203847
behaviour_alpha_2,behaviour,49,0.027316256457346637,0.07597177640420819,0.007407199591217631,0.8893047675472271,0.9999999999999996,0.08337897599542582,0.09749936018091233
behaviour_alpha_2,behaviour,50,0.02842706844990043,0.07301701722459775,0.007640201682566878,0.8909157126429346,0.9999999999999996,0.08065721890716462,0.10463590506670369
uncertainty_alpha_0.5_cv_0.05,uncertainty,0,0.98,0.01,0.01,0.0,1.0,0.02,1.0
uncertainty_alpha_0.5_cv_0.05,uncertainty,1,0.9489710544413593,0.019170500910043218,0.030852517111281272,0.0010059275373161154,0.9999999999999999,0.050023018021324486,1.6093745936037578
uncertainty_alpha_0.5_cv_0.05,uncertainty,2,0.8846101074245593,0.035941902211103015,0.07653898127423937,0.002909009090098319,1.0,0.11248088348534238,2.129519490223177
uncertainty_alpha_0.5_cv_0.05,uncertainty,3,0.7680525395393409,0.0646002388576862,0.160949534786338,0.0063976868166347595,0.9999999999999999,0.2255497736440242,2.4914696544839177
uncertainty_alpha_0.5_cv_0.05,uncertainty,4,0.5962818600476553,0.10838327162654479,0.2828901339930222,0.012444734332777747,1.0,0.391273405619567,2.610090374165619
uncertainty_alpha_0.5_cv_0.05,uncertainty,5,0.404431680639024,0.16607475106538944,0.4073857816938826,0.022107786601703764,0.9999999999999999,0.5734605327592721,2.4530265984471087
uncertainty_alpha_0.5_cv_0.05,uncertainty,6,0.24569639311888103,0.2317257647766165,0.48640875565356245,0.03616908645094005,1.0,0.718134520430179,2.0990706670984998
uncertainty_alpha_0.5_cv_0.05,uncertainty,7,0.1434582491637982,0.2987294242415768,0.5028784847851752,0.054933841809449775,1.0,0.8016079090267519,1.6833912027979772
uncertainty_alpha_0.5_cv_0.05,uncertainty,8,0.08704599755212748,0.3623724755855386,0.4722820350458241,0.0782994918165098,1.0,0.8346545106313628,1.3033054850059693
uncertainty_alpha_0.5_cv_0.05,uncertainty,9,0.05746746470872164,0.419300288768162,0.4173496250926522,0.10588262143046415,1.0,0.8366499138608142,0.9953478122296541
uncertainty_alpha_0.5_cv_0.05,uncertainty,10,0.041335743318597205,0.4668685198414828,0.35470713141238774,0.13708860542753226,1.0,0.8215756512538706,0.7597580824957366
uncertainty_alpha_0.5_cv_0.05,uncertainty,11,0.031644096371753694,0.5033034187415826,0.29388680100524817,0.17116568388141565,1.0000000000000002,0.7971902197468308,0.5839157654443475
uncertainty_alpha_0.5_cv_0.05,uncertainty,12,0.025184904938655234,0.5279984798910348,0.2395371885486496,0.20727942662166043,1.0,0.7675356684396843,0.4536702238197426
uncertainty_alpha_0.5_cv_0.05,uncertainty,13,0.020549441050513574,0.5414908470941582,0.19336206261309952,0.2445976492422288,1.0,0.7348529097072577,0.35709202408637647
uncertainty_alpha_0.5_cv_0.05,uncertainty,14,0.017090284580478204,0.5451398943303728,0.15540816681107805,0.282361654278071,1.0,0.7005480611414509,0.2850794235156372
uncertainty_alpha_0.5_cv_0.05,uncertainty,15,0.01446931217011921,0.5407129358721359,0.12488803257529435,0.3199297193824505,1.0,0.6656009684474302,0.23096919694339813
uncertainty_alpha_0.5_cv_0.05,uncertainty,16,0.012479377705610428,0.5300396388981948,0.10068830743254997,0.35679267596364483,1.0,0.6307279463307448,0.18996373109349518
uncertainty_alpha_0.5_cv_0.05,uncertainty,17,0.010977040928211479,0.51479431406493,0.08165938209334825,0.3925692629135103,1.0,0.5964536961582783,0.15862526034630736
uncertainty_alpha_0.5_cv_0.05,uncertainty,18,0.009856350692283097,0.4963945255375597,0.0667588073791584,0.4269903163909988,1.0,0.5631533329167181,0.13448739650555855
uncertainty_alpha_0.5_cv_0.05,uncertainty,19,0.009037029492524136,0.4759787326558699,0.055105385658701975,0.459878852192904,1.0,0.5310841183145718,0.11577278957659413
uncertainty_alpha_0.5_cv_0.05,uncertainty,20,0.008457796174403587,0.45442711164336996,0.04598473074002852,0.49113036144219796,1.0,0.5004118423833985,0.10119275360515219
uncertainty_alpha_0.5_cv_0.05,uncertainty,21,0.008071809703173762,0.4324004316646163,0.03883232733047956,0.5206954313017306,1.0000000000000002,0.47123275899509587,0.08980640278499806
uncertainty_alpha_0.5_cv_0.05,uncertainty,22,0.007843260791635111,0.41038244463499335,0.03320889980799092,0.5485653947653808,1.0000000000000002,0.44359134444298426,0.08092183338282885
uncertainty_alpha_0.5_cv_0.05,uncertainty,23,0.007744754507352919,0.3887187341999319,0.028775550027848356,0.574760961264867,1.0000000000000002,0.4174942842277803,0.07402666117205471
uncertainty_alpha_0.5_cv_0.05,uncertainty,24,0.00775529664764545,0.3676494071574737,0.025271845216415786,0.5993234509784653,1.0000000000000002,0.3929212523738895,0.06873897992059376
uncertainty_alpha_0.5_cv_0.05,uncertainty,25,0.007858756625680785,0.3473352966753527,0.022497784251172492,0.6223081624477942,1.0000000000000002,0.36983308092652517,0.06477252518393119
uncertainty_alpha_0.5_cv_0.05,uncertainty,26,0.008042698981427737,0.3278783532457168,0.020299525045486908,0.6437794227273688,1.0000000000000002,0.3481778782912037,0.061911757347012625
uncertainty_alpha_0.5_cv_0.05,uncertainty,27,0.008297498630532963,0.3093372209100024,0.018558346670178923,0.6638069337892859,1.0000000000000002,0.3278955675801813,0.05999390120459584
uncertainty_alpha_0.5_cv_0.05,uncertainty,28,0.008615671081654869,0.2917389971148771,0.017182229254652494,0.6824631025488156,1.0,0.3089212263695296,0.058895894702368855
uncertainty_alpha_0.5_cv_0.05,uncertainty,29,0.008991365940877516,0.2750880447167325,0.01609947876615602,0.6998211105762341,1.0,0.2911875234828885,0.05852482169021268
uncertainty_alpha_0.5_cv_0.05,uncertainty,30,0.009419980686094565,0.25937256443594797,0.01525391870814113,0.7159535361698165,1.0000000000000002,0.2746264831440891,0.05881084123647968
uncertainty_alpha_0.5_cv_0.05,uncertainty,31,0.009897867500248332,0.24456947984869848,0.014601264887144921,0.7309313877639084,1.0000000000000002,0.2591707447358434,0.05970190923322857
uncertainty_alpha_0.5_cv_0.05,uncertainty,32,0.010422107383456348,0.230648059703915,0.014106390697053989,0.7448234422155748,1.0000000000000002,0.244754450400969,0.061159806482493244
uncertainty_alpha_0.5_cv_0.05,uncertainty,33,0.010990336789401697,0.2175725963542427,0.0137412580387765,0.7576958088175793,1.0000000000000002,0.23131385439301919,0.0631571175278138
uncertainty_alpha_0.5_cv_0.05,uncertainty,34,0.011600612929543964,0.20530438023060715,0.01348334716640436,0.7696116596734447,1.0000000000000002,0.21878772739701152,0.06567491229977293
uncertainty_alpha_0.5_cv_0.05,uncertainty,35,0.012251309020815048,0.19380314868725468,0.0133144599990044,0.7806310822929261,1.0000000000000002,0.20711760868625909,0.06870094778743921
uncertainty_alpha_0.5_cv_0.05,uncertainty,36,0.012941032356032308,0.18302814227419478,0.013219803970739647,0.7908110213990335,1.0000000000000002,0.19624794624493444,0.07222825848789437
uncertainty_alpha_0.5_cv_0.05,uncertainty,37,0.013668559735424812,0.17293886758505436,0.013187287403221374,0.8002052852762996,1.0000000000000002,0.18612615498827573,0.07625404044429535
uncertainty_alpha_0.5_cv_0.05,uncertainty,38,0.014432786900722885,0.1634956403596603,0.013206974451734554,0.8088645982878825,1.0000000000000002,0.17670261481139485,0.08077875607375
uncertainty_alpha_0.5_cv_0.05,uncertainty,39,0.015232688265906184,0.15465996433180995,0.01327066169727191,0.8168366857050122,1.0000000000000002,0.16793062602908188,0.08580541030515706
uncertainty_alpha_0.5_cv_0.05,uncertainty,40,0.016067285531545815,0.1463947868853563,0.013371546956712025,0.824166380626386,1.0000000000000002,0.15976633384206831,0.09133895571830343
uncertainty_alpha_0.5_cv_0.05,uncertainty,41,0.016935622624378286,0.1386646629003936,0.013503969276538286,0.83089574519869,1.0000000000000002,0.15216863217693188,0.09738580106914865
uncertainty_alpha_0.5_cv_0.05,uncertainty,42,0.017836746432779948,0.13143584990697849,0.013663203176416982,0.8370642004838248,1.0000000000000002,0.14509905308339546,0.1039533976923867
uncertainty_alpha_0.5_cv_0.05,uncertainty,43,0.018769691571377617,0.12467635248734159,0.013845295312605067,0.8427086606286759,1.0000000000000002,0.13852164779994666,0.11104989066800605
uncertainty_alpha_0.5_cv_0.05,uncertainty,44,0.019733469014840563,0.11835592906909134,0.014046933649203825,0.8478636682668645,1.0000000000000002,0.13240286271829516,0.11868381888163626
uncertainty_alpha_0.5_cv_0.05,uncertainty,45,0.020727057402358716,0.11244607145056426,0.014265342359307823,0.8525615287877695,1.0000000000000002,0.12671141380987208,0.12686385727205624
uncertainty_alpha_0.5_cv_0.05,uncertainty,46,0.021749396916857996,0.10691996460754505,0.014498196609893847,0.8568324418657033,1.0000000000000002,0.1214181612174389,0.1355985915550027
uncertainty_alpha_0.5_cv_0.05,uncertainty,47,0.022799385052355563,0.10175243272436207,0.014743553177701148,0.8607046290455814,1.0000000000000002,0.11649598590206323,0.1448963212274253
uncertainty_alpha_0.5_cv_0.05,uncertainty,48,0.023875874009056025,0.09691987585977471,0.014999793538449161,0.8642044565927203,1.0000000000000002,0.11191966939822387,0.15476488599873067
uncertainty_alpha_0.5_cv_0.05,uncertainty,49,0.024977669525310293,0.09240020058100398,0.015265576794285434,0.8673565530994005,1.0000000000000002,0.10766577737528941,0.165211511428513
uncertainty_alpha_0.5_cv_0.05,uncertainty,50,0.026103530635616008,0.08817274720536325,0.015539800660440443,0.8701839214985805,1.0000000000000002,0.1037125478658037,0.17624267308181601
uncertainty_alpha_0.5_cv_0.15,uncertainty,0,0.98,0.01,0.01,0.0,1.0,0.02,1.0
uncertainty_alpha_0.5_cv_0.15,uncertainty,1,0.9489710544413593,0.019170500910043218,0.030852517111281272,0.0010059275373161154,0.9999999999999999,0.050023018021324486,1.6093745936037578
uncertainty_alpha_0.5_cv_0.15,uncertainty,2,0.8846101074245593,0.035941902211103015,0.07653898127423937,0.002909009090098319,1.0,0.11248088348534238,2.129519490223177
uncertainty_alpha_0.5_cv_0.15,uncertainty,3,0.7680525395393409,0.0646002388576862,0.160949534786338,0.0063976868166347595,0.9999999999999999,0.2255497736440242,2.4914696544839177
uncertainty_alpha_0.5_cv_0.15,uncertainty,4,0.5962818600476553,0.10838327162654479,0.2828901339930222,0.012444734332777747,1.0,0.391273405619567,2.610090374165619
uncertainty_alpha_0.5_cv_0.15,uncertainty,5,0.404431680639024,0.16607475106538944,0.4073857816938826,0.022107786601703764,0.9999999999999999,0.5734605327592721,2.4530265984471087
uncertainty_alpha_0.5_cv_0.15,uncertainty,6,0.24569639311888103,0.2317257647766165,0.48640875565356245,0.03616908645094005,1.0,0.718134520430179,2.0990706670984998
uncertainty_alpha_0.5_cv_0.15,uncertainty,7,0.1434582491637982,0.2987294242415768,0.5028784847851752,0.054933841809449775,1.0,0.8016079090267519,1.6833912027979772
uncertainty_alpha_0.5_cv_0.15,uncertainty,8,0.08704599755212748,0.3623724755855386,0.4722820350458241,0.0782994918165098,1.0,0.8346545106313628,1.3033054850059693
uncertainty_alpha_0.5_cv_0.15,uncertainty,9,0.05746746470872164,0.419300288768162,0.4173496250926522,0.10588262143046415,1.0,0.8366499138608142,0.9953478122296541
uncertainty_alpha_0.5_cv_0.15,uncertainty,10,0.041335743318597205,0.4668685198414828,0.35470713141238774,0.13708860542753226,1.0,0.8215756512538706,0.7597580824957366
uncertainty_alpha_0.5_cv_0.15,uncertainty,11,0.031644096371753694,0.5033034187415826,0.29388680100524817,0.17116568388141565,1.0000000000000002,0.7971902197468308,0.5839157654443475
uncertainty_alpha_0.5_cv_0.15,uncertainty,12,0.025184904938655234,0.5279984798910348,0.2395371885486496,0.20727942662166043,1.0,0.7675356684396843,0.4536702238197426
uncertainty_alpha_0.5_cv_0.15,uncertainty,13,0.020549441050513574,0.5414908470941582,0.19336206261309952,0.2445976492422288,1.0,0.7348529097072577,0.35709202408637647
uncertainty_alpha_0.5_cv_0.15,uncertainty,14,0.017090284580478204,0.5451398943303728,0.15540816681107805,0.282361654278071,1.0,0.7005480611414509,0.2850794235156372
uncertainty_alpha_0.5_cv_0.15,uncertainty,15,0.01446931217011921,0.5407129358721359,0.12488803257529435,0.3199297193824505,1.0,0.6656009684474302,0.23096919694339813
uncertainty_alpha_0.5_cv_0.15,uncertainty,16,0.012479377705610428,0.5300396388981948,0.10068830743254997,0.35679267596364483,1.0,0.6307279463307448,0.18996373109349518
uncertainty_alpha_0.5_cv_0.15,uncertainty,17,0.010977040928211479,0.51479431406493,0.08165938209334825,0.3925692629135103,1.0,0.5964536961582783,0.15862526034630736
uncertainty_alpha_0.5_cv_0.15,uncertainty,18,0.009856350692283097,0.4963945255375597,0.0667588073791584,0.4269903163909988,1.0,0.5631533329167181,0.13448739650555855
uncertainty_alpha_0.5_cv_0.15,uncertainty,19,0.009037029492524136,0.4759787326558699,0.055105385658701975,0.459878852192904,1.0,0.5310841183145718,0.11577278957659413
uncertainty_alpha_0.5_cv_0.15,uncertainty,20,0.008457796174403587,0.45442711164336996,0.04598473074002852,0.49113036144219796,1.0,0.5004118423833985,0.10119275360515219
uncertainty_alpha_0.5_cv_0.15,uncertainty,21,0.008071809703173762,0.4324004316646163,0.03883232733047956,0.5206954313017306,1.0000000000000002,0.47123275899509587,0.08980640278499806
uncertainty_alpha_0.5_cv_0.15,uncertainty,22,0.007843260791635111,0.41038244463499335,0.03320889980799092,0.5485653947653808,1.0000000000000002,0.44359134444298426,0.08092183338282885
uncertainty_alpha_0.5_cv_0.15,uncertainty,23,0.007744754507352919,0.3887187341999319,0.028775550027848356,0.574760961264867,1.0000000000000002,0.4174942842277803,0.07402666117205471
uncertainty_alpha_0.5_cv_0.15,uncertainty,24,0.00775529664764545,0.3676494071574737,0.025271845216415786,0.5993234509784653,1.0000000000000002,0.3929212523738895,0.06873897992059376
uncertainty_alpha_0.5_cv_0.15,uncertainty,25,0.007858756625680785,0.3473352966753527,0.022497784251172492,0.6223081624477942,1.0000000000000002,0.36983308092652517,0.06477252518393119
uncertainty_alpha_0.5_cv_0.15,uncertainty,26,0.008042698981427737,0.3278783532457168,0.020299525045486908,0.6437794227273688,1.0000000000000002,0.3481778782912037,0.061911757347012625
uncertainty_alpha_0.5_cv_0.15,uncertainty,27,0.008297498630532963,0.3093372209100024,0.018558346670178923,0.6638069337892859,1.0000000000000002,0.3278955675801813,0.05999390120459584
uncertainty_alpha_0.5_cv_0.15,uncertainty,28,0.008615671081654869,0.2917389971148771,0.017182229254652494,0.6824631025488156,1.0,0.3089212263695296,0.058895894702368855
uncertainty_alpha_0.5_cv_0.15,uncertainty,29,0.008991365940877516,0.2750880447167325,0.01609947876615602,0.6998211105762341,1.0,0.2911875234828885,0.05852482169021268
uncertainty_alpha_0.5_cv_0.15,uncertainty,30,0.009419980686094565,0.25937256443594797,0.01525391870814113,0.7159535361698165,1.0000000000000002,0.2746264831440891,0.05881084123647968
uncertainty_alpha_0.5_cv_0.15,uncertainty,31,0.009897867500248332,0.24456947984869848,0.014601264887144921,0.7309313877639084,1.0000000000000002,0.2591707447358434,0.05970190923322857
uncertainty_alpha_0.5_cv_0.15,uncertainty,32,0.010422107383456348,0.230648059703915,0.014106390697053989,0.7448234422155748,1.0000000000000002,0.244754450400969,0.061159806482493244
uncertainty_alpha_0.5_cv_0.15,uncertainty,33,0.010990336789401697,0.2175725963542427,0.0137412580387765,0.7576958088175793,1.0000000000000002,0.23131385439301919,0.0631571175278138
uncertainty_alpha_0.5_cv_0.15,uncertainty,34,0.011600612929543964,0.20530438023060715,0.01348334716640436,0.7696116596734447,1.0000000000000002,0.21878772739701152,0.06567491229977293
uncertainty_alpha_0.5_cv_0.15,uncertainty,35,0.012251309020815048,0.19380314868725468,0.0133144599990044,0.7806310822929261,1.0000000000000002,0.20711760868625909,0.06870094778743921
uncertainty_alpha_0.5_cv_0.15,uncertainty,36,0.012941032356032308,0.18302814227419478,0.013219803970739647,0.7908110213990335,1.0000000000000002,0.19624794624493444,0.07222825848789437
uncertainty_alpha_0.5_cv_0.15,uncertainty,37,0.013668559735424812,0.17293886758505436,0.013187287403221374,0.8002052852762996,1.0000000000000002,0.18612615498827573,0.07625404044429535
uncertainty_alpha_0.5_cv_0.15,uncertainty,38,0.014432786900722885,0.1634956403596603,0.013206974451734554,0.8088645982878825,1.0000000000000002,0.17670261481139485,0.08077875607375
uncertainty_alpha_0.5_cv_0.15,uncertainty,39,0.015232688265906184,0.15465996433180995,0.01327066169727191,0.8168366857050122,1.0000000000000002,0.16793062602908188,0.08580541030515706
uncertainty_alpha_0.5_cv_0.15,uncertainty,40,0.016067285531545815,0.1463947868853563,0.013371546956712025,0.824166380626386,1.0000000000000002,0.15976633384206831,0.09133895571830343
uncertainty_alpha_0.5_cv_0.15,uncertainty,41,0.016935622624378286,0.1386646629003936,0.013503969276538286,0.83089574519869,1.0000000000000002,0.15216863217693188,0.09738580106914865
uncertainty_alpha_0.5_cv_0.15,uncertainty,42,0.017836746432779948,0.13143584990697849,0.013663203176416982,0.8370642004838248,1.0000000000000002,0.14509905308339546,0.1039533976923867
uncertainty_alpha_0.5_cv_0.15,uncertainty,43,0.018769691571377617,0.12467635248734159,0.013845295312605067,0.8427086606286759,1.0000000000000002,0.13852164779994666,0.11104989066800605
uncertainty_alpha_0.5_cv_0.15,uncertainty,44,0.019733469014840563,0.11835592906909134,0.014046933649203825,0.8478636682668645,1.0000000000000002,0.13240286271829516,0.11868381888163626
uncertainty_alpha_0.5_cv_0.15,uncertainty,45,0.020727057402358716,0.11244607145056426,0.014265342359307823,0.8525615287877695,1.0000000000000002,0.12671141380987208,0.12686385727205624
uncertainty_alpha_0.5_cv_0.15,uncertainty,46,0.021749396916857996,0.10691996460754505,0.014498196609893847,0.8568324418657033,1.0000000000000002,0.1214181612174389,0.1355985915550027
uncertainty_alpha_0.5_cv_0.15,uncertainty,47,0.022799385052355563,0.10175243272436207,0.014743553177701148,0.8607046290455814,1.0000000000000002,0.11649598590206323,0.1448963212274253
uncertainty_alpha_0.5_cv_0.15,uncertainty,48,0.023875874009056025,0.09691987585977471,0.014999793538449161,0.8642044565927203,1.0000000000000002,0.11191966939822387,0.15476488599873067
uncertainty_alpha_0.5_cv_0.15,uncertainty,49,0.024977669525310293,0.09240020058100398,0.015265576794285434,0.8673565530994005,1.0000000000000002,0.10766577737528941,0.165211511428513
uncertainty_alpha_0.5_cv_0.15,uncertainty,50,0.026103530635616008,0.08817274720536325,0.015539800660440443,0.8701839214985805,1.0000000000000002,0.1037125478658037,0.17624267308181601
uncertainty_alpha_0.5_cv_0.30,uncertainty,0,0.98,0.01,0.01,0.0,1.0,0.02,1.0
uncertainty_alpha_0.5_cv_0.30,uncertainty,1,0.9489710544413593,0.019170500910043218,0.030852517111281272,0.0010059275373161154,0.9999999999999999,0.050023018021324486,1.6093745936037578
uncertainty_alpha_0.5_cv_0.30,uncertainty,2,0.8846101074245593,0.035941902211103015,0.07653898127423937,0.002909009090098319,1.0,0.11248088348534238,2.129519490223177
uncertainty_alpha_0.5_cv_0.30,uncertainty,3,0.7680525395393409,0.0646002388576862,0.160949534786338,0.0063976868166347595,0.9999999999999999,0.2255497736440242,2.4914696544839177
uncertainty_alpha_0.5_cv_0.30,uncertainty,4,0.5962818600476553,0.10838327162654479,0.2828901339930222,0.012444734332777747,1.0,0.391273405619567,2.610090374165619
uncertainty_alpha_0.5_cv_0.30,uncertainty,5,0.404431680639024,0.16607475106538944,0.4073857816938826,0.022107786601703764,0.9999999999999999,0.5734605327592721,2.4530265984471087
uncertainty_alpha_0.5_cv_0.30,uncertainty,6,0.24569639311888103,0.2317257647766165,0.48640875565356245,0.03616908645094005,1.0,0.718134520430179,2.0990706670984998
uncertainty_alpha_0.5_cv_0.30,uncertainty,7,0.1434582491637982,0.2987294242415768,0.5028784847851752,0.054933841809449775,1.0,0.8016079090267519,1.6833912027979772
uncertainty_alpha_0.5_cv_0.30,uncertainty,8,0.08704599755212748,0.3623724755855386,0.4722820350458241,0.0782994918165098,1.0,0.8346545106313628,1.3033054850059693
uncertainty_alpha_0.5_cv_0.30,uncertainty,9,0.05746746470872164,0.419300288768162,0.4173496250926522,0.10588262143046415,1.0,0.8366499138608142,0.9953478122296541
uncertainty_alpha_0.5_cv_0.30,uncertainty,10,0.041335743318597205,0.4668685198414828,0.35470713141238774,0.13708860542753226,1.0,0.8215756512538706,0.7597580824957366
uncertainty_alpha_0.5_cv_0.30,uncertainty,11,0.031644096371753694,0.5033034187415826,0.29388680100524817,0.17116568388141565,1.0000000000000002,0.7971902197468308,0.5839157654443475
uncertainty_alpha_0.5_cv_0.30,uncertainty,12,0.025184904938655234,0.5279984798910348,0.2395371885486496,0.20727942662166043,1.0,0.7675356684396843,0.4536702238197426
uncertainty_alpha_0.5_cv_0.30,uncertainty,13,0.020549441050513574,0.5414908470941582,0.19336206261309952,0.2445976492422288,1.0,0.7348529097072577,0.35709202408637647
uncertainty_alpha_0.5_cv_0.30,uncertainty,14,0.017090284580478204,0.5451398943303728,0.15540816681107805,0.282361654278071,1.0,0.7005480611414509,0.2850794235156372
uncertainty_alpha_0.5_cv_0.30,uncertainty,15,0.01446931217011921,0.5407129358721359,0.12488803257529435,0.3199297193824505,1.0,0.6656009684474302,0.23096919694339813
uncertainty_alpha_0.5_cv_0.30,uncertainty,16,0.012479377705610428,0.5300396388981948,0.10068830743254997,0.35679267596364483,1.0,0.6307279463307448,0.18996373109349518
uncertainty_alpha_0.5_cv_0.30,uncertainty,17,0.010977040928211479,0.51479431406493,0.08165938209334825,0.3925692629135103,1.0,0.5964536961582783,0.15862526034630736
uncertainty_alpha_0.5_cv_0.30,uncertainty,18,0.009856350692283097,0.4963945255375597,0.0667588073791584,0.4269903163909988,1.0,0.5631533329167181,0.13448739650555855
uncertainty_alpha_0.5_cv_0.30,uncertainty,19,0.009037029492524136,0.4759787326558699,0.055105385658701975,0.459878852192904,1.0,0.5310841183145718,0.11577278957659413
uncertainty_alpha_0.5_cv_0.30,uncertainty,20,0.008457796174403587,0.45442711164336996,0.04598473074002852,0.49113036144219796,1.0,0.5004118423833985,0.10119275360515219
uncertainty_alpha_0.5_cv_0.30,uncertainty,21,0.008071809703173762,0.4324004316646163,0.03883232733047956,0.5206954313017306,1.0000000000000002,0.47123275899509587,0.08980640278499806
uncertainty_alpha_0.5_cv_0.30,uncertainty,22,0.007843260791635111,0.41038244463499335,0.03320889980799092,0.5485653947653808,1.0000000000000002,0.44359134444298426,0.08092183338282885
uncertainty_alpha_0.5_cv_0.30,uncertainty,23,0.007744754507352919,0.3887187341999319,0.028775550027848356,0.574760961264867,1.0000000000000002,0.4174942842277803,0.07402666117205471
uncertainty_alpha_0.5_cv_0.30,uncertainty,24,0.00775529664764545,0.3676494071574737,0.025271845216415786,0.5993234509784653,1.0000000000000002,0.3929212523738895,0.06873897992059376
uncertainty_alpha_0.5_cv_0.30,uncertainty,25,0.007858756625680785,0.3473352966753527,0.022497784251172492,0.6223081624477942,1.0000000000000002,0.36983308092652517,0.06477252518393119
uncertainty_alpha_0.5_cv_0.30,uncertainty,26,0.008042698981427737,0.3278783532457168,0.020299525045486908,0.6437794227273688,1.0000000000000002,0.3481778782912037,0.061911757347012625
uncertainty_alpha_0.5_cv_0.30,uncertainty,27,0.008297498630532963,0.3093372209100024,0.018558346670178923,0.6638069337892859,1.0000000000000002,0.3278955675801813,0.05999390120459584
uncertainty_alpha_0.5_cv_0.30,uncertainty,28,0.008615671081654869,0.2917389971148771,0.017182229254652494,0.6824631025488156,1.0,0.3089212263695296,0.058895894702368855
uncertainty_alpha_0.5_cv_0.30,uncertainty,29,0.008991365940877516,0.2750880447167325,0.01609947876615602,0.6998211105762341,1.0,0.2911875234828885,0.05852482169021268
uncertainty_alpha_0.5_cv_0.30,uncertainty,30,0.009419980686094565,0.25937256443594797,0.01525391870814113,0.7159535361698165,1.0000000000000002,0.2746264831440891,0.05881084123647968
uncertainty_alpha_0.5_cv_0.30,uncertainty,31,0.009897867500248332,0.24456947984869848,0.014601264887144921,0.7309313877639084,1.0000000000000002,0.2591707447358434,0.05970190923322857
uncertainty_alpha_0.5_cv_0.30,uncertainty,32,0.010422107383456348,0.230648059703915,0.014106390697053989,0.7448234422155748,1.0000000000000002,0.244754450400969,0.061159806482493244
uncertainty_alpha_0.5_cv_0.30,uncertainty,33,0.010990336789401697,0.2175725963542427,0.0137412580387765,0.7576958088175793,1.0000000000000002,0.23131385439301919,0.0631571175278138
uncertainty_alpha_0.5_cv_0.30,uncertainty,34,0.011600612929543964,0.20530438023060715,0.01348334716640436,0.7696116596734447,1.0000000000000002,0.21878772739701152,0.06567491229977293
uncertainty_alpha_0.5_cv_0.30,uncertainty,35,0.012251309020815048,0.19380314868725468,0.0133144599990044,0.7806310822929261,1.0000000000000002,0.20711760868625909,0.06870094778743921
uncertainty_alpha_0.5_cv_0.30,uncertainty,36,0.012941032356032308,0.18302814227419478,0.013219803970739647,0.7908110213990335,1.0000000000000002,0.19624794624493444,0.07222825848789437
uncertainty_alpha_0.5_cv_0.30,uncertainty,37,0.013668559735424812,0.17293886758505436,0.013187287403221374,0.8002052852762996,1.0000000000000002,0.18612615498827573,0.07625404044429535
uncertainty_alpha_0.5_cv_0.30,uncertainty,38,0.014432786900722885,0.1634956403596603,0.013206974451734554,0.8088645982878825,1.0000000000000002,0.17670261481139485,0.08077875607375
uncertainty_alpha_0.5_cv_0.30,uncertainty,39,0.015232688265906184,0.15465996433180995,0.01327066169727191,0.8168366857050122,1.0000000000000002,0.16793062602908188,0.08580541030515706
uncertainty_alpha_0.5_cv_0.30,uncertainty,40,0.016067285531545815,0.1463947868853563,0.013371546956712025,0.824166380626386,1.0000000000000002,0.15976633384206831,0.09133895571830343
uncertainty_alpha_0.5_cv_0.30,uncertainty,41,0.016935622624378286,0.1386646629003936,0.013503969276538286,0.83089574519869,1.0000000000000002,0.15216863217693188,0.09738580106914865
uncertainty_alpha_0.5_cv_0.30,uncertainty,42,0.017836746432779948,0.13143584990697849,0.013663203176416982,0.8370642004838248,1.0000000000000002,0.14509905308339546,0.1039533976923867
uncertainty_alpha_0.5_cv_0.30,uncertainty,43,0.018769691571377617,0.12467635248734159,0.013845295312605067,0.8427086606286759,1.0000000000000002,0.13852164779994666,0.11104989066800605
uncertainty_alpha_0.5_cv_0.30,uncertainty,44,0.019733469014840563,0.11835592906909134,0.014046933649203825,0.8478636682668645,1.0000000000000002,0.13240286271829516,0.11868381888163626
uncertainty_alpha_0.5_cv_0.30,uncertainty,45,0.020727057402358716,0.11244607145056426,0.014265342359307823,0.8525615287877695,1.0000000000000002,0.12671141380987208,0.12686385727205624
uncertainty_alpha_0.5_cv_0.30,uncertainty,46,0.021749396916857996,0.10691996460754505,0.014498196609893847,0.8568324418657033,1.0000000000000002,0.1214181612174389,0.1355985915550027
uncertainty_alpha_0.5_cv_0.30,uncertainty,47,0.022799385052355563,0.10175243272436207,0.014743553177701148,0.8607046290455814,1.0000000000000002,0.11649598590206323,0.1448963212274253
uncertainty_alpha_0.5_cv_0.30,uncertainty,48,0.023875874009056025,0.09691987585977471,0.014999793538449161,0.8642044565927203,1.0000000000000002,0.11191966939822387,0.15476488599873067
uncertainty_alpha_0.5_cv_0.30,uncertainty,49,0.024977669525310293,0.09240020058100398,0.015265576794285434,0.8673565530994005,1.0000000000000002,0.10766577737528941,0.165211511428513
uncertainty_alpha_0.5_cv_0.30,uncertainty,50,0.026103530635616008,0.08817274720536325,0.015539800660440443,0.8701839214985805,1.0000000000000002,0.1037125478658037,0.17624267308181601
uncertainty_alpha_1_cv_0.05,uncertainty,0,0.98,0.01,0.01,0.0,1.0,0.02,1.0
uncertainty_alpha_1_cv_0.05,uncertainty,1,0.948929818098752,0.019304706862262735,0.030756284856909358,0.0010091901820757547,0.9999999999999999,0.050060991719172096,1.593201340810433
uncertainty_alpha_1_cv_0.05,uncertainty,2,0.8841705917902959,0.03687086502495302,0.07601575750687306,0.0029427856778778475,0.9999999999999999,0.11288662253182608,2.061675457178128
uncertainty_alpha_1_cv_0.05,uncertainty,3,0.7657207660807259,0.069032155527668,0.1586523454946643,0.006594732896941648,1.0,0.22768450102233231,2.2982383250523974
uncertainty_alpha_1_cv_0.05,uncertainty,4,0.5884172487580629,0.12472192256519171,0.2735555030814587,0.013305325595286549,0.9999999999999999,0.3982774256466504,2.193323334464093
uncertainty_alpha_1_cv_0.05,uncertainty,5,0.3870401768298029,0.21235127416370309,0.37554670305821086,0.025061845948283375,1.0000000000000002,0.587897977221914,1.7685163629802347
uncertainty_alpha_1_cv_0.05,uncertainty,6,0.21928749129022845,0.3310305353368459,0.4055043704794523,0.044177602893473465,1.0000000000000002,0.7365349058162982,1.2249757263837435
uncertainty_alpha_1_cv_0.05,uncertainty,7,0.11297050668309441,0.46164084838622255,0.35312213177040935,0.07226651316027366,0.9999999999999999,0.8147629801566318,0.764928261883309
uncertainty_alpha_1_cv_0.05,uncertainty,8,0.05695832376332864,0.5734850407271432,0.26050082951909853,0.10905580599042947,0.9999999999999998,0.8339858702462417,0.45424171690476833
uncertainty_alpha_1_cv_0.05,uncertainty,9,0.02981537820670388,0.6455852610941579,0.172288395510752,0.15231096518838613,1.0,0.81787365660491,0.266871637092136
uncertainty_alpha_1_cv_0.05,uncertainty,10,0.016706728259660103,0.6767676329434179,0.10750084699864304,0.1990247917982788,0.9999999999999999,0.784268479942061,0.1588445454034159
uncertainty_alpha_1_cv_0.05,uncertainty,11,0.010138931931373218,0.6775143349090924,0.0657393023056792,0.24660743085385514,0.9999999999999999,0.7432536372147716,0.09703012750940536
uncertainty_alpha_1_cv_0.05,uncertainty,12,0.006713230852225872,0.6595618304037532,0.04040860778081041,0.2933163309632106,1.0,0.6999704381845636,0.06126583728484429
uncertainty_alpha_1_cv_0.05,uncertainty,13,0.00488738516520204,0.6315807838442177,0.02537906435390452,0.33815276663667576,1.0,0.6569598481981221,0.04018340171692808
uncertainty_alpha_1_cv_0.05,uncertainty,14,0.003927035847520249,0.5989760962827768,0.01647762634921132,0.38061924152049165,1.0,0.6154537226319882,0.027509655980381936
uncertainty_alpha_1_cv_0.05,uncertainty,15,0.003461594588806929,0.564853138110693,0.011167808882064856,0.42051745841843524,1.0,0.5760209469927579,0.019771172590841348
uncertainty_alpha_1_cv_0.05,uncertainty,16,0.0032940849396538747,0.5309168374867897,0.007972170342132478,0.4578169072314239,1.0,0.5388890078289222,0.015015855175869876
uncertainty_alpha_1_cv_0.05,uncertainty,17,0.003315257601545235,0.4980684051458577,0.006038983360609218,0.49257735389198787,1.0,0.504107388506467,0.01212480715142074
uncertainty_alpha_1_cv_0.05,uncertainty,18,0.00346239077917215,0.4667582189454239,0.004874468823224254,0.5249049214521797,1.0,0.47163268776864814,0.010443241544278422
uncertainty_alpha_1_cv_0.05,uncertainty,19,0.0036984420331074657,0.4371855705717344,0.004188417761166665,0.5549275696339915,1.0,0.4413739883329011,0.009580411713243907
uncertainty_alpha_1_cv_0.05,uncertainty,20,0.0040010215008212365,0.40941028808690094,0.003807218616834587,0.5827814717954432,0.9999999999999999,0.4132175067037355,0.009299274413999267
uncertainty_alpha_1_cv_0.05,uncertainty,21,0.0043563416231532206,0.38341521949708485,0.0036249578008317814,0.60860348107893,0.9999999999999999,0.3870401772979166,0.009454392044182644
uncertainty_alpha_1_cv_0.05,uncertainty,22,0.004755791565094346,0.35914149854514077,0.0035756936322750396,0.6325270162574897,1.0,0.3627171921774158,0.009956225183555633
uncertainty_alpha_1_cv_0.05,uncertainty,23,0.005193943067811645,0.3365086527388267,0.003617518292582445,0.6546798859007791,0.9999999999999998,0.34012617103140913,0.010750149403706707
uncertainty_alpha_1_cv_0.05,uncertainty,24,0.005667359973500176,0.3154261730901693,0.003723245150497269,0.6751832217858331,0.9999999999999998,0.31914941824066656,0.011803856078337938
uncertainty_alpha_1_cv_0.05,uncertainty,25,0.0061738704479773025,0.29580020614771735,0.003874871855299033,0.6941510515490061,0.9999999999999998,0.2996750780030164,0.01309962526991611
uncertainty_alpha_1_cv_0.05,uncertainty,26,0.006712112198415241,0.27753741794879844,0.0040602295698402985,0.7116902402829459,0.9999999999999999,0.28159764751863875,0.014629485277510764
uncertainty_alpha_1_cv_0.05,uncertainty,27,0.007281242043471358,0.26054719491830913,0.004270919707489887,0.7279006433307296,1.0,0.264818114625799,0.016392115481530987
uncertainty_alpha_1_cv_0.05,uncertainty,28,0.007880746547073061,0.24474285448926514,0.004501021959749946,0.7428753770039117,0.9999999999999998,0.24924387644901508,0.018390820721376235
uncertainty_alpha_1_cv_0.05,uncertainty,29,0.008510316082574318,0.23004226026906255,0.0047462721940789735,0.7567011514542841,0.9999999999999999,0.23478853246314152,0.020632175099164943
uncertainty_alpha_1_cv_0.05,uncertainty,30,0.009169759430569429,0.21636807707859107,0.005003531392618918,0.7694586320982205,1.0,0.22137160847120999,0.023125090633409347
uncertainty_alpha_1_cv_0.05,uncertainty,31,0.009858944808989927,0.2036478081773803,0.005270437715460793,0.7812228092981689,0.9999999999999999,0.20891824589284108,0.025880159293785097
uncertainty_alpha_1_cv_0.05,uncertainty,32,0.010577758452354445,0.19181370187882457,0.005545175568466087,0.7920633641003547,0.9999999999999998,0.19735887744729066,0.028909173401852013
uncertainty_alpha_1_cv_0.05,uncertainty,33,0.011326075095209357,0.18080258159862986,0.005826320492133027,0.8020450228140277,0.9999999999999999,0.18662890209076288,0.032224763831453944
uncertainty_alpha_1_cv_0.05,uncertainty,34,0.012103736769741453,0.17055563312912628,0.006112733780730959,0.8112278963204013,1.0,0.17666836690985724,0.03584011661522231
uncertainty_alpha_1_cv_0.05,uncertainty,35,0.012910537428494516,0.16101817040195945,0.006403490228817227,0.8196678019407287,1.0,0.16742166063077668,0.03976874294889704
uncertainty_alpha_1_cv_0.05,uncertainty,36,0.013746211839373176,0.15213939313586392,0.006697828106815864,0.827416566917947,0.9999999999999999,0.15883722124267977,0.04402428568145104
uncertainty_alpha_1_cv_0.05,uncertainty,37,0.014610427684834858,0.143872144782264,0.006995114199299844,0.8345223133336013,1.0,0.15086725898156386,0.048620351145013126
uncertainty_alpha_1_cv_0.05,uncertainty,38,0.015502780075843063,0.13617267598890137,0.0072948191761648285,0.8410297247590907,1.0,0.1434674951650662,0.05357035927500893
uncertainty_alpha_1_cv_0.05,uncertainty,39,0.016422787947290313,0.12900041673701645,0.007596500082927845,0.8469802952327653,0.9999999999999999,0.1365969168199443,0.058887407305158276
uncertainty_alpha_1_cv_0.05,uncertainty,40,0.01736989203554486,0.12231775896471836,0.007899787672894988,0.8524125613268417,1.0,0.13021754663761334,0.06458414329822396
uncertainty_alpha_1_cv_0.05,uncertainty,41,0.018343454001405992,0.11608985062019928,0.008204377220858063,0.8573623181575366,1.0,0.12429422784105734,0.0706726486167993
uncertainty_alpha_1_cv_0.05,uncertainty,42,0.01934275667289469,0.11028440150983958,0.008510021578945629,0.8618628202383201,1.0,0.11879442308878521,0.07716432661772539
uncertainty_alpha_1_cv_0.05,uncertainty,43,0.020367005016059942,0.10487150094539227,0.008816525959549812,0.8659449680789979,1.0,0.11368802690494208,0.0840697985636791
uncertainty_alpha_1_cv_0.05,uncertainty,44,0.021415327933525744,0.09982344694704719,0.009123743692932054,0.8696374814264949,0.9999999999999999,0.10894719063997924,0.0913988043086899
uncertainty_alpha_1_cv_0.05,uncertainty,45,0.02248678050380823,0.09511458662050207,0.009431572865331556,0.8729670600103581,0.9999999999999999,0.10454615948583362,0.09916010993100997
uncertainty_alpha_1_cv_0.05,uncertainty,46,0.023580346835547845,0.0907211672261891,0.009739953310393745,0.8759585326278693,1.0,0.10046112053658285,0.10736141970164208
uncertainty_alpha_1_cv_0.05,uncertainty,47,0.024694943200911347,0.08662119741847664,0.010048864022344773,0.8786349953582672,0.9999999999999999,0.09667006144082141,0.11600929474338242
uncertainty_alpha_1_cv_0.05,uncertainty,48,0.0258294215207987,0.0827943181026662,0.010358320718304224,0.8810179396582307,0.9999999999999999,0.09315263882097043,0.12510907699559468
uncertainty_alpha_1_cv_0.05,uncertainty,49,0.026982573136587126,0.07922168235535307,0.010668373461846953,0.8831273710462128,0.9999999999999999,0.08989005581720003,0.1346648183257886
uncertainty_alpha_1_cv_0.05,uncertainty,50,0.0281531326023774,0.07588584386254513,0.01097910449495832,0.884981919040119,0.9999999999999999,0.08686494835750344,0.14467921731021643
uncertainty_alpha_1_cv_0.15,uncertainty,0,0.98,0.01,0.01,0.0,1.0,0.02,1.0
uncertainty_alpha_1_cv_0.15,uncertainty,1,0.948929818098752,0.019304706862262735,0.030756284856909358,0.0010091901820757547,0.9999999999999999,0.050060991719172096,1.593201340810433
uncertainty_alpha_1_cv_0.15,uncertainty,2,0.8841705917902959,0.03687086502495302,0.07601575750687306,0.0029427856778778475,0.9999999999999999,0.11288662253182608,2.061675457178128
uncertainty_alpha_1_cv_0.15,uncertainty,3,0.7657207660807259,0.069032155527668,0.1586523454946643,0.006594732896941648,1.0,0.22768450102233231,2.2982383250523974
uncertainty_alpha_1_cv_0.15,uncertainty,4,0.5884172487580629,0.12472192256519171,0.2735555030814587,0.013305325595286549,0.9999999999999999,0.3982774256466504,2.193323334464093
uncertainty_alpha_1_cv_0.15,uncertainty,5,0.3870401768298029,0.21235127416370309,0.37554670305821086,0.025061845948283375,1.0000000000000002,0.587897977221914,1.7685163629802347
uncertainty_alpha_1_cv_0.15,uncertainty,6,0.21928749129022845,0.3310305353368459,0.4055043704794523,0.044177602893473465,1.0000000000000002,0.7365349058162982,1.2249757263837435
uncertainty_alpha_1_cv_0.15,uncertainty,7,0.11297050668309441,0.46164084838622255,0.35312213177040935,0.07226651316027366,0.9999999999999999,0.8147629801566318,0.764928261883309
uncertainty_alpha_1_cv_0.15,uncertainty,8,0.05695832376332864,0.5734850407271432,0.26050082951909853,0.10905580599042947,0.9999999999999998,0.8339858702462417,0.45424171690476833
uncertainty_alpha_1_cv_0.15,uncertainty,9,0.02981537820670388,0.6455852610941579,0.172288395510752,0.15231096518838613,1.0,0.81787365660491,0.266871637092136
uncertainty_alpha_1_cv_0.15,uncertainty,10,0.016706728259660103,0.6767676329434179,0.10750084699864304,0.1990247917982788,0.9999999999999999,0.784268479942061,0.1588445454034159
uncertainty_alpha_1_cv_0.15,uncertainty,11,0.010138931931373218,0.6775143349090924,0.0657393023056792,0.24660743085385514,0.9999999999999999,0.7432536372147716,0.09703012750940536
uncertainty_alpha_1_cv_0.15,uncertainty,12,0.006713230852225872,0.6595618304037532,0.04040860778081041,0.2933163309632106,1.0,0.6999704381845636,0.06126583728484429
uncertainty_alpha_1_cv_0.15,uncertainty,13,0.00488738516520204,0.6315807838442177,0.02537906435390452,0.33815276663667576,1.0,0.6569598481981221,0.04018340171692808
uncertainty_alpha_1_cv_0.15,uncertainty,14,0.003927035847520249,0.5989760962827768,0.01647762634921132,0.38061924152049165,1.0,0.6154537226319882,0.027509655980381936
uncertainty_alpha_1_cv_0.15,uncertainty,15,0.003461594588806929,0.564853138110693,0.011167808882064856,0.42051745841843524,1.0,0.5760209469927579,0.019771172590841348
uncertainty_alpha_1_cv_0.15,uncertainty,16,0.0032940849396538747,0.5309168374867897,0.007972170342132478,0.4578169072314239,1.0,0.5388890078289222,0.015015855175869876
uncertainty_alpha_1_cv_0.15,uncertainty,17,0.003315257601545235,0.4980684051458577,0.006038983360609218,0.49257735389198787,1.0,0.504107388506467,0.01212480715142074
uncertainty_alpha_1_cv_0.15,uncertainty,18,0.00346239077917215,0.4667582189454239,0.004874468823224254,0.5249049214521797,1.0,0.47163268776864814,0.010443241544278422
uncertainty_alpha_1_cv_0.15,uncertainty,19,0.0036984420331074657,0.4371855705717344,0.004188417761166665,0.5549275696339915,1.0,0.4413739883329011,0.009580411713243907
uncertainty_alpha_1_cv_0.15,uncertainty,20,0.0040010215008212365,0.40941028808690094,0.003807218616834587,0.5827814717954432,0.9999999999999999,0.4132175067037355,0.009299274413999267
uncertainty_alpha_1_cv_0.15,uncertainty,21,0.0043563416231532206,0.38341521949708485,0.0036249578008317814,0.60860348107893,0.9999999999999999,0.3870401772979166,0.009454392044182644
uncertainty_alpha_1_cv_0.15,uncertainty,22,0.004755791565094346,0.35914149854514077,0.0035756936322750396,0.6325270162574897,1.0,0.3627171921774158,0.009956225183555633
uncertainty_alpha_1_cv_0.15,uncertainty,23,0.005193943067811645,0.3365086527388267,0.003617518292582445,0.6546798859007791,0.9999999999999998,0.34012617103140913,0.010750149403706707
uncertainty_alpha_1_cv_0.15,uncertainty,24,0.005667359973500176,0.3154261730901693,0.003723245150497269,0.6751832217858331,0.9999999999999998,0.31914941824066656,0.011803856078337938
uncertainty_alpha_1_cv_0.15,uncertainty,25,0.0061738704479773025,0.29580020614771735,0.003874871855299033,0.6941510515490061,0.9999999999999998,0.2996750780030164,0.01309962526991611
uncertainty_alpha_1_cv_0.15,uncertainty,26,0.006712112198415241,0.27753741794879844,0.0040602295698402985,0.7116902402829459,0.9999999999999999,0.28159764751863875,0.014629485277510764
uncertainty_alpha_1_cv_0.15,uncertainty,27,0.007281242043471358,0.26054719491830913,0.004270919707489887,0.7279006433307296,1.0,0.264818114625799,0.016392115481530987
uncertainty_alpha_1_cv_0.15,uncertainty,28,0.007880746547073061,0.24474285448926514,0.004501021959749946,0.7428753770039117,0.9999999999999998,0.24924387644901508,0.018390820721376235
uncertainty_alpha_1_cv_0.15,uncertainty,29,0.008510316082574318,0.23004226026906255,0.0047462721940789735,0.7567011514542841,0.9999999999999999,0.23478853246314152,0.020632175099164943
uncertainty_alpha_1_cv_0.15,uncertainty,30,0.009169759430569429,0.21636807707859107,0.005003531392618918,0.7694586320982205,1.0,0.22137160847120999,0.023125090633409347
uncertainty_alpha_1_cv_0.15,uncertainty,31,0.009858944808989927,0.2036478081773803,0.005270437715460793,0.7812228092981689,0.9999999999999999,0.20891824589284108,0.025880159293785097
uncertainty_alpha_1_cv_0.15,uncertainty,32,0.010577758452354445,0.19181370187882457,0.005545175568466087,0.7920633641003547,0.9999999999999998,0.19735887744729066,0.028909173401852013
uncertainty_alpha_1_cv_0.15,uncertainty,33,0.011326075095209357,0.18080258159862986,0.005826320492133027,0.8020450228140277,0.9999999999999999,0.18662890209076288,0.032224763831453944
uncertainty_alpha_1_cv_0.15,uncertainty,34,0.012103736769741453,0.17055563312912628,0.006112733780730959,0.8112278963204013,1.0,0.17666836690985724,0.03584011661522231
uncertainty_alpha_1_cv_0.15,uncertainty,35,0.012910537428494516,0.16101817040195945,0.006403490228817227,0.8196678019407287,1.0,0.16742166063077668,0.03976874294889704
uncertainty_alpha_1_cv_0.15,uncertainty,36,0.013746211839373176,0.15213939313586392,0.006697828106815864,0.827416566917947,0.9999999999999999,0.15883722124267977,0.04402428568145104
uncertainty_alpha_1_cv_0.15,uncertainty,37,0.014610427684834858,0.143872144782264,0.006995114199299844,0.8345223133336013,1.0,0.15086725898156386,0.048620351145013126
uncertainty_alpha_1_cv_0.15,uncertainty,38,0.015502780075843063,0.13617267598890137,0.0072948191761648285,0.8410297247590907,1.0,0.1434674951650662,0.05357035927500893
uncertainty_alpha_1_cv_0.15,uncertainty,39,0.016422787947290313,0.12900041673701645,0.007596500082927845,0.8469802952327653,0.9999999999999999,0.1365969168199443,0.058887407305158276
uncertainty_alpha_1_cv_0.15,uncertainty,40,0.01736989203554486,0.12231775896471836,0.007899787672894988,0.8524125613268417,1.0,0.13021754663761334,0.06458414329822396
uncertainty_alpha_1_cv_0.15,uncertainty,41,0.018343454001405992,0.11608985062019928,0.008204377220858063,0.8573623181575366,1.0,0.12429422784105734,0.0706726486167993
uncertainty_alpha_1_cv_0.15,uncertainty,42,0.01934275667289469,0.11028440150983958,0.008510021578945629,0.8618628202383201,1.0,0.11879442308878521,0.07716432661772539
uncertainty_alpha_1_cv_0.15,uncertainty,43,0.020367005016059942,0.10487150094539227,0.008816525959549812,0.8659449680789979,1.0,0.11368802690494208,0.0840697985636791
uncertainty_alpha_1_cv_0.15,uncertainty,44,0.021415327933525744,0.09982344694704719,0.009123743692932054,0.8696374814264949,0.9999999999999999,0.10894719063997924,0.0913988043086899
uncertainty_alpha_1_cv_0.15,uncertainty,45,0.02248678050380823,0.09511458662050207,0.009431572865331556,0.8729670600103581,0.9999999999999999,0.10454615948583362,0.09916010993100997
uncertainty_alpha_1_cv_0.15,uncertainty,46,0.023580346835547845,0.0907211672261891,0.009739953310393745,0.8759585326278693,1.0,0.10046112053658285,0.10736141970164208
uncertainty_alpha_1_cv_0.15,uncertainty,47,0.024694943200911347,0.08662119741847664,0.010048864022344773,0.8786349953582672,0.9999999999999999,0.09667006144082141,0.11600929474338242
uncertainty_alpha_1_cv_0.15,uncertainty,48,0.0258294215207987,0.0827943181026662,0.010358320718304224,0.8810179396582307,0.9999999999999999,0.09315263882097043,0.12510907699559468
uncertainty_alpha_1_cv_0.15,uncertainty,49,0.026982573136587126,0.07922168235535307,0.010668373461846953,0.8831273710462128,0.9999999999999999,0.08989005581720003,0.1346648183257886
uncertainty_alpha_1_cv_0.15,uncertainty,50,0.0281531326023774,0.07588584386254513,0.01097910449495832,0.884981919040119,0.9999999999999999,0.08686494835750344,0.14467921731021643
uncertainty_alpha_1_cv_0.30,uncertainty,0,0.98,0.01,0.01,0.0,1.0,0.02,1.0
uncertainty_alpha_1_cv_0.30,uncertainty,1,0.948929818098752,0.019304706862262735,0.030756284856909358,0.0010091901820757547,0.9999999999999999,0.050060991719172096,1.593201340810433
uncertainty_alpha_1_cv_0.30,uncertainty,2,0.8841705917902959,0.03687086502495302,0.07601575750687306,0.0029427856778778475,0.9999999999999999,0.11288662253182608,2.061675457178128
uncertainty_alpha_1_cv_0.30,uncertainty,3,0.7657207660807259,0.069032155527668,0.1586523454946643,0.006594732896941648,1.0,0.22768450102233231,2.2982383250523974
uncertainty_alpha_1_cv_0.30,uncertainty,4,0.5884172487580629,0.12472192256519171,0.2735555030814587,0.013305325595286549,0.9999999999999999,0.3982774256466504,2.193323334464093
uncertainty_alpha_1_cv_0.30,uncertainty,5,0.3870401768298029,0.21235127416370309,0.37554670305821086,0.025061845948283375,1.0000000000000002,0.587897977221914,1.7685163629802347
uncertainty_alpha_1_cv_0.30,uncertainty,6,0.21928749129022845,0.3310305353368459,0.4055043704794523,0.044177602893473465,1.0000000000000002,0.7365349058162982,1.2249757263837435
uncertainty_alpha_1_cv_0.30,uncertainty,7,0.11297050668309441,0.46164084838622255,0.35312213177040935,0.07226651316027366,0.9999999999999999,0.8147629801566318,0.764928261883309
uncertainty_alpha_1_cv_0.30,uncertainty,8,0.05695832376332864,0.5734850407271432,0.26050082951909853,0.10905580599042947,0.9999999999999998,0.8339858702462417,0.45424171690476833
uncertainty_alpha_1_cv_0.30,uncertainty,9,0.02981537820670388,0.6455852610941579,0.172288395510752,0.15231096518838613,1.0,0.81787365660491,0.266871637092136
uncertainty_alpha_1_cv_0.30,uncertainty,10,0.016706728259660103,0.6767676329434179,0.10750084699864304,0.1990247917982788,0.9999999999999999,0.784268479942061,0.1588445454034159
uncertainty_alpha_1_cv_0.30,uncertainty,11,0.010138931931373218,0.6775143349090924,0.0657393023056792,0.24660743085385514,0.9999999999999999,0.7432536372147716,0.09703012750940536
uncertainty_alpha_1_cv_0.30,uncertainty,12,0.006713230852225872,0.6595618304037532,0.04040860778081041,0.2933163309632106,1.0,0.6999704381845636,0.06126583728484429
uncertainty_alpha_1_cv_0.30,uncertainty,13,0.00488738516520204,0.6315807838442177,0.02537906435390452,0.33815276663667576,1.0,0.6569598481981221,0.04018340171692808
uncertainty_alpha_1_cv_0.30,uncertainty,14,0.003927035847520249,0.5989760962827768,0.01647762634921132,0.38061924152049165,1.0,0.6154537226319882,0.027509655980381936
uncertainty_alpha_1_cv_0.30,uncertainty,15,0.003461594588806929,0.564853138110693,0.011167808882064856,0.42051745841843524,1.0,0.5760209469927579,0.019771172590841348
uncertainty_alpha_1_cv_0.30,uncertainty,16,0.0032940849396538747,0.5309168374867897,0.007972170342132478,0.4578169072314239,1.0,0.5388890078289222,0.015015855175869876
uncertainty_alpha_1_cv_0.30,uncertainty,17,0.003315257601545235,0.4980684051458577,0.006038983360609218,0.49257735389198787,1.0,0.504107388506467,0.01212480715142074
uncertainty_alpha_1_cv_0.30,uncertainty,18,0.00346239077917215,0.4667582189454239,0.004874468823224254,0.5249049214521797,1.0,0.47163268776864814,0.010443241544278422
uncertainty_alpha_1_cv_0.30,uncertainty,19,0.0036984420331074657,0.4371855705717344,0.004188417761166665,0.5549275696339915,1.0,0.4413739883329011,0.009580411713243907
uncertainty_alpha_1_cv_0.30,uncertainty,20,0.0040010215008212365,0.40941028808690094,0.003807218616834587,0.5827814717954432,0.9999999999999999,0.4132175067037355,0.009299274413999267
uncertainty_alpha_1_cv_0.30,uncertainty,21,0.0043563416231532206,0.38341521949708485,0.0036249578008317814,0.60860348107893,0.9999999999999999,0.3870401772979166,0.009454392044182644
uncertainty_alpha_1_cv_0.30,uncertainty,22,0.004755791565094346,0.35914149854514077,0.0035756936322750396,0.6325270162574897,1.0,0.3627171921774158,0.009956225183555633
uncertainty_alpha_1_cv_0.30,uncertainty,23,0.005193943067811645,0.3365086527388267,0.003617518292582445,0.6546798859007791,0.9999999999999998,0.34012617103140913,0.010750149403706707
uncertainty_alpha_1_cv_0.30,uncertainty,24,0.005667359973500176,0.3154261730901693,0.003723245150497269,0.6751832217858331,0.9999999999999998,0.31914941824066656,0.011803856078337938
uncertainty_alpha_1_cv_0.30,uncertainty,25,0.0061738704479773025,0.29580020614771735,0.003874871855299033,0.6941510515490061,0.9999999999999998,0.2996750780030164,0.01309962526991611
uncertainty_alpha_1_cv_0.30,uncertainty,26,0.006712112198415241,0.27753741794879844,0.0040602295698402985,0.7116902402829459,0.9999999999999999,0.28159764751863875,0.014629485277510764
uncertainty_alpha_1_cv_0.30,uncertainty,27,0.007281242043471358,0.26054719491830913,0.004270919707489887,0.7279006433307296,1.0,0.264818114625799,0.016392115481530987
uncertainty_alpha_1_cv_0.30,uncertainty,28,0.007880746547073061,0.24474285448926514,0.004501021959749946,0.7428753770039117,0.9999999999999998,0.24924387644901508,0.018390820721376235
uncertainty_alpha_1_cv_0.30,uncertainty,29,0.008510316082574318,0.23004226026906255,0.0047462721940789735,0.7567011514542841,0.9999999999999999,0.23478853246314152,0.020632175099164943
uncertainty_alpha_1_cv_0.30,uncertainty,30,0.009169759430569429,0.21636807707859107,0.005003531392618918,0.7694586320982205,1.0,0.22137160847120999,0.023125090633409347
uncertainty_alpha_1_cv_0.30,uncertainty,31,0.009858944808989927,0.2036478081773803,0.005270437715460793,0.7812228092981689,0.9999999999999999,0.20891824589284108,0.025880159293785097
uncertainty_alpha_1_cv_0.30,uncertainty,32,0.010577758452354445,0.19181370187882457,0.005545175568466087,0.7920633641003547,0.9999999999999998,0.19735887744729066,0.028909173401852013
uncertainty_alpha_1_cv_0.30,uncertainty,33,0.011326075095209357,0.18080258159862986,0.005826320492133027,0.8020450228140277,0.9999999999999999,0.18662890209076288,0.032224763831453944
uncertainty_alpha_1_cv_0.30,uncertainty,34,0.012103736769741453,0.17055563312912628,0.006112733780730959,0.8112278963204013,1.0,0.17666836690985724,0.03584011661522231
uncertainty_alpha_1_cv_0.30,uncertainty,35,0.012910537428494516,0.16101817040195945,0.006403490228817227,0.8196678019407287,1.0,0.16742166063077668,0.03976874294889704
uncertainty_alpha_1_cv_0.30,uncertainty,36,0.013746211839373176,0.15213939313586392,0.006697828106815864,0.827416566917947,0.9999999999999999,0.15883722124267977,0.04402428568145104
uncertainty_alpha_1_cv_0.30,uncertainty,37,0.014610427684834858,0.143872144782264,0.006995114199299844,0.8345223133336013,1.0,0.15086725898156386,0.048620351145013126
uncertainty_alpha_1_cv_0.30,uncertainty,38,0.015502780075843063,0.13617267598890137,0.0072948191761648285,0.8410297247590907,1.0,0.1434674951650662,0.05357035927500893
uncertainty_alpha_1_cv_0.30,uncertainty,39,0.016422787947290313,0.12900041673701645,0.007596500082927845,0.8469802952327653,0.9999999999999999,0.1365969168199443,0.058887407305158276
uncertainty_alpha_1_cv_0.30,uncertainty,40,0.01736989203554486,0.12231775896471836,0.007899787672894988,0.8524125613268417,1.0,0.13021754663761334,0.06458414329822396
uncertainty_alpha_1_cv_0.30,uncertainty,41,0.018343454001405992,0.11608985062019928,0.008204377220858063,0.8573623181575366,1.0,0.12429422784105734,0.0706726486167993
uncertainty_alpha_1_cv_0.30,uncertainty,42,0.01934275667289469,0.11028440150983958,0.008510021578945629,0.8618628202383201,1.0,0.11879442308878521,0.07716432661772539
uncertainty_alpha_1_cv_0.30,uncertainty,43,0.020367005016059942,0.10487150094539227,0.008816525959549812,0.8659449680789979,1.0,0.11368802690494208,0.0840697985636791
uncertainty_alpha_1_cv_0.30,uncertainty,44,0.021415327933525744,0.09982344694704719,0.009123743692932054,0.8696374814264949,0.9999999999999999,0.10894719063997924,0.0913988043086899
uncertainty_alpha_1_cv_0.30,uncertainty,45,0.02248678050380823,0.09511458662050207,0.009431572865331556,0.8729670600103581,0.9999999999999999,0.10454615948583362,0.09916010993100997
uncertainty_alpha_1_cv_0.30,uncertainty,46,0.023580346835547845,0.0907211672261891,0.009739953310393745,0.8759585326278693,1.0,0.10046112053658285,0.10736141970164208
uncertainty_alpha_1_cv_0.30,uncertainty,47,0.024694943200911347,0.08662119741847664,0.010048864022344773,0.8786349953582672,0.9999999999999999,0.09667006144082141,0.11600929474338242
uncertainty_alpha_1_cv_0.30,uncertainty,48,0.0258294215207987,0.0827943181026662,0.010358320718304224,0.8810179396582307,0.9999999999999999,0.09315263882097043,0.12510907699559468
uncertainty_alpha_1_cv_0.30,uncertainty,49,0.026982573136587126,0.07922168235535307,0.010668373461846953,0.8831273710462128,0.9999999999999999,0.08989005581720003,0.1346648183257886
uncertainty_alpha_1_cv_0.30,uncertainty,50,0.0281531326023774,0.07588584386254513,0.01097910449495832,0.884981919040119,0.9999999999999999,0.08686494835750344,0.14467921731021643
uncertainty_alpha_2_cv_0.05,uncertainty,0,0.98,0.01,0.01,0.0,1.0,0.02,1.0
uncertainty_alpha_2_cv_0.05,uncertainty,1,0.9488471483876719,0.01957438349293876,0.030562735594771434,0.0010157325246179902,1.0,0.050137119087710194,1.561363892037601
uncertainty_alpha_2_cv_0.05,uncertainty,2,0.883280477720683,0.0387752123034944,0.0749329674731863,0.0030113425026364357,1.0000000000000002,0.1137081797766807,1.9324966395202272
uncertainty_alpha_2_cv_0.05,uncertainty,3,0.7608922341644411,0.07853999353088682,0.1535609198456125,0.007006852459059584,1.0,0.2321009133764993,1.9551939456835168
uncertainty_alpha_2_cv_0.05,uncertainty,4,0.5716471825515254,0.16223434970374503,0.25091832988819274,0.015200137856536636,0.9999999999999998,0.4131526795919378,1.5466412035823047
uncertainty_alpha_2_cv_0.05,uncertainty,5,0.34999139281840147,0.32226719210561255,0.29584464882715233,0.031896766248833266,0.9999999999999997,0.6181118409327648,0.9180104462206594
uncertainty_alpha_2_cv_0.05,uncertainty,6,0.16871815072454,0.5401571284227988,0.22868504158827477,0.06243967926438604,0.9999999999999996,0.7688421700110736,0.4233676268533393
uncertainty_alpha_2_cv_0.05,uncertainty,7,0.06762594299413602,0.7055161066975514,0.11965629444113016,0.10720165586718208,0.9999999999999997,0.8251724011386815,0.1696010811166722
uncertainty_alpha_2_cv_0.05,uncertainty,8,0.02546096093579142,0.7644780796903455,0.05035740069120681,0.15970355868265596,0.9999999999999997,0.8148354803815523,0.0658716083940618
uncertainty_alpha_2_cv_0.05,uncertainty,9,0.010061157917604405,0.756437074585256,0.020005826568517134,0.21349594092862217,0.9999999999999998,0.7764429011537731,0.02644744320535327
uncertainty_alpha_2_cv_0.05,uncertainty,10,0.004594736506474456,0.7218170841666062,0.008212419169307603,0.26537576015761155,0.9999999999999998,0.7300295033359138,0.01137742421099589
uncertainty_alpha_2_cv_0.05,uncertainty,11,0.0026792071008310335,0.6793937845813475,0.0036986502296544052,0.3142283580881668,0.9999999999999998,0.6830924348110019,0.005444044843497602
uncertainty_alpha_2_cv_0.05,uncertainty,12,0.0020777082769871088,0.6361691207970485,0.0019510062771701017,0.35980216464879405,0.9999999999999998,0.6381201270742186,0.0030668044288690247
uncertainty_alpha_2_cv_0.05,uncertainty,13,0.0019949520687866057,0.5945677976591813,0.0012816544934128077,0.402155595778619,0.9999999999999998,0.5958494521525941,0.002155606977805883
uncertainty_alpha_2_cv_0.05,uncertainty,14,0.0021352057629357587,0.5553612623928559,0.0010527198369904,0.44145081200721764,0.9999999999999998,0.5564139822298463,0.001895558635931144
uncertainty_alpha_2_cv_0.05,uncertainty,15,0.0023826678457879646,0.5187237338114465,0.0010141338526209998,0.4778794644901442,0.9999999999999997,0.5197378676640675,0.001955055815876033
uncertainty_alpha_2_cv_0.05,uncertainty,16,0.0026897152414962064,0.4846111515150039,0.0010633752426910915,0.5116357580008084,0.9999999999999996,0.48567452675769496,0.0021942855408232775
uncertainty_alpha_2_cv_0.05,uncertainty,17,0.003035944911775855,0.4529009681384201,0.0011564206348083767,0.5429066663149953,0.9999999999999996,0.4540573887732285,0.002553363132699111
uncertainty_alpha_2_cv_0.05,uncertainty,18,0.0034123788944472834,0.4234455703181452,0.0012734827589276404,0.5718685680284795,0.9999999999999997,0.42471905307707286,0.0030074296395894307
uncertainty_alpha_2_cv_0.05,uncertainty,19,0.0038150607372082744,0.39609331178305907,0.0014052599762143098,0.598686367503518,0.9999999999999997,0.3974985717592734,0.0035478003147500076
uncertainty_alpha_2_cv_0.05,uncertainty,20,0.004242332175086834,0.3706968914069369,0.0015471770762034425,0.6235135993417724,0.9999999999999996,0.37224406848314034,0.004173698544736407
uncertainty_alpha_2_cv_0.05,uncertainty,21,0.004693620968839372,0.34711658820821045,0.0016968712005919365,0.6464929196223579,0.9999999999999996,0.3488134594088024,0.0048884762590893655
uncertainty_alpha_2_cv_0.05,uncertainty,22,0.005168877191467397,0.32522133469077324,0.0018530503300759412,0.6677567377876831,0.9999999999999997,0.3270743850208492,0.0056978129428005
uncertainty_alpha_2_cv_0.05,uncertainty,23,0.005668299477214211,0.30488886029391443,0.0020149555516566654,0.6874278846772144,0.9999999999999997,0.3069038158455711,0.006608819849023798
uncertainty_alpha_2_cv_0.05,uncertainty,24,0.006192196061685635,0.28600543322061456,0.002182099032734784,0.7056202716849648,0.9999999999999998,0.28818753225334937,0.007629571956598424
uncertainty_alpha_2_cv_0.05,uncertainty,25,0.006740910828554366,0.2684654348234764,0.0023541324480589603,0.72243952189991,0.9999999999999998,0.2708195672715354,0.008768847466739503
uncertainty_alpha_2_cv_0.05,uncertainty,26,0.00731478184776645,0.2521708731969031,0.0025307792549943506,0.7379835657003359,0.9999999999999998,0.25470165245189746,0.010035969749044873
uncertainty_alpha_2_cv_0.05,uncertainty,27,0.00791411675344803,0.23703088540419606,0.0027117992408134174,0.7523431986015422,0.9999999999999997,0.23974268464500947,0.011440699958527057
uncertainty_alpha_2_cv_0.05,uncertainty,28,0.008539177196764312,0.2229612512829145,0.0028969698937076627,0.7656026016266133,0.9999999999999998,0.22585822117662216,0.012993154088607581
uncertainty_alpha_2_cv_0.05,uncertainty,29,0.00919016841599583,0.20988392917720475,0.0030860768058198693,0.7778398256009793,0.9999999999999998,0.21297000598302462,0.01470373085694569
uncertainty_alpha_2_cv_0.05,uncertainty,30,0.009867231858514494,0.19772661782549728,0.0032789090568074723,0.7891272412591805,0.9999999999999998,0.20100552688230475,0.016583043258754662
uncertainty_alpha_2_cv_0.05,uncertainty,31,0.010570439752692047,0.18642234561304225,0.0034752574086611547,0.7995319572256043,0.9999999999999998,0.1898976030217034,0.018641850027328606
uncertainty_alpha_2_cv_0.05,uncertainty,32,0.011299791025485824,0.17590908690310325,0.003674914121542541,0.809116207949868,0.9999999999999997,0.17958400102464578,0.020890985146019257
uncertainty_alpha_2_cv_0.05,uncertainty,33,0.01205520824112767,0.1661294044510343,0.0038776736899621043,0.8179377136178756,0.9999999999999997,0.17000707814099641,0.02334128448106865
uncertainty_alpha_2_cv_0.05,uncertainty,34,0.012836535355869403,0.1570301165539259,0.004083334120542136,0.8260500139696623,0.9999999999999997,0.16111345067446803,0.026003509455078788
uncertainty_alpha_2_cv_0.05,uncertainty,35,0.01364353619332723,0.14856198749629512,0.004291698468477624,0.8335027778418997,0.9999999999999998,0.15285368596477275,0.02888826772450558
uncertainty_alpha_2_cv_0.05,uncertainty,36,0.014475893553232921,0.14067943980303457,0.004502576498469487,0.8403420901452627,0.9999999999999998,0.14518201630150407,0.03200593139106574
uncertainty_alpha_2_cv_0.05,uncertainty,37,0.015333208905396785,0.13334028686618954,0.004715786355350381,0.846610717873063,0.9999999999999997,0.13805607322153993,0.03536655324645278
uncertainty_alpha_2_cv_0.05,uncertainty,38,0.01621500262386517,0.12650548456983007,0.004931156174691838,0.8523483566316126,0.9999999999999997,0.1314366407445219,0.038979781718237495
uncertainty_alpha_2_cv_0.05,uncertainty,39,0.017120714740381515,0.12013890063053204,0.005148525551362942,0.8575918590777232,0.9999999999999997,0.12528742618189498,0.04285477496748875
uncertainty_alpha_2_cv_0.05,uncertainty,40,0.018049706130677773,0.11420710039586322,0.005367746908462123,0.8623754465649965,0.9999999999999997,0.11957484730432534,0.04700011549068758
uncertainty_alpha_2_cv_0.05,uncertainty,41,0.01900126017384019,0.10867914802827375,0.005588686609316419,0.8667309051885693,0.9999999999999997,0.11426783463759016,0.0514237248884439
uncertainty_alpha_2_cv_0.05,uncertainty,42,0.019974584747833868,0.10352642193437256,0.005811225951725849,0.8706877673660673,0.9999999999999996,0.10933764788609841,0.05613278082197895
uncertainty_alpha_2_cv_0.05,uncertainty,43,0.020968814612202305,0.09872244352413495,0.006035261883288139,0.8742734799803742,0.9999999999999996,0.10475770540742309,0.06113363555281816
uncertainty_alpha_2_cv_0.05,uncertainty,44,0.021983014048885672,0.09424271831183398,0.0062607075686893525,0.8775135600705906,0.9999999999999996,0.10050342588052333,0.06643173797230338
uncertainty_alpha_2_cv_0.05,uncertainty,45,0.023016179804115456,0.09006458856430515,0.006487492674183412,0.8804317389573956,0.9999999999999996,0.09655208123848856,0.07203155843599299
uncertainty_alpha_2_cv_0.05,uncertainty,46,0.02406724419171903,0.08616709662625763,0.006715563520335537,0.8830500956616874,0.9999999999999996,0.09288266014659316,0.07793651850037046
uncertainty_alpha_2_cv_0.05,uncertainty,47,0.025135078436900857,0.08253085826157028,0.006944882927857604,0.8853891803736709,0.9999999999999996,0.08947574118942789,0.08414892410117374
uncertainty_alpha_2_cv_0.05,uncertainty,48,0.026218496059862175,0.07913794520450475,0.00717543000382139,0.8874681287318112,0.9999999999999996,0.08631337520832613,0.09066990538203847
uncertainty_alpha_2_cv_0.05,uncertainty,49,0.027316256457346637,0.07597177640420819,0.007407199591217631,0.8893047675472271,0.9999999999999996,0.08337897599542582,0.09749936018091233
uncertainty_alpha_2_cv_0.05,uncertainty,50,0.02842706844990043,0.07301701722459775,0.007640201682566878,0.8909157126429346,0.9999999999999996,0.08065721890716462,0.10463590506670369
uncertainty_alpha_2_cv_0.15,uncertainty,0,0.98,0.01,0.01,0.0,1.0,0.02,1.0
uncertainty_alpha_2_cv_0.15,uncertainty,1,0.9488471483876719,0.01957438349293876,0.030562735594771434,0.0010157325246179902,1.0,0.050137119087710194,1.561363892037601
uncertainty_alpha_2_cv_0.15,uncertainty,2,0.883280477720683,0.0387752123034944,0.0749329674731863,0.0030113425026364357,1.0000000000000002,0.1137081797766807,1.9324966395202272
uncertainty_alpha_2_cv_0.15,uncertainty,3,0.7608922341644411,0.07853999353088682,0.1535609198456125,0.007006852459059584,1.0,0.2321009133764993,1.9551939456835168
uncertainty_alpha_2_cv_0.15,uncertainty,4,0.5716471825515254,0.16223434970374503,0.25091832988819274,0.015200137856536636,0.9999999999999998,0.4131526795919378,1.5466412035823047
uncertainty_alpha_2_cv_0.15,uncertainty,5,0.34999139281840147,0.32226719210561255,0.29584464882715233,0.031896766248833266,0.9999999999999997,0.6181118409327648,0.9180104462206594
uncertainty_alpha_2_cv_0.15,uncertainty,6,0.16871815072454,0.5401571284227988,0.22868504158827477,0.06243967926438604,0.9999999999999996,0.7688421700110736,0.4233676268533393
uncertainty_alpha_2_cv_0.15,uncertainty,7,0.06762594299413602,0.7055161066975514,0.11965629444113016,0.10720165586718208,0.9999999999999997,0.8251724011386815,0.1696010811166722
uncertainty_alpha_2_cv_0.15,uncertainty,8,0.02546096093579142,0.7644780796903455,0.05035740069120681,0.15970355868265596,0.9999999999999997,0.8148354803815523,0.0658716083940618
uncertainty_alpha_2_cv_0.15,uncertainty,9,0.010061157917604405,0.756437074585256,0.020005826568517134,0.21349594092862217,0.9999999999999998,0.7764429011537731,0.02644744320535327
uncertainty_alpha_2_cv_0.15,uncertainty,10,0.004594736506474456,0.7218170841666062,0.008212419169307603,0.26537576015761155,0.9999999999999998,0.7300295033359138,0.01137742421099589
uncertainty_alpha_2_cv_0.15,uncertainty,11,0.0026792071008310335,0.6793937845813475,0.0036986502296544052,0.3142283580881668,0.9999999999999998,0.6830924348110019,0.005444044843497602
uncertainty_alpha_2_cv_0.15,uncertainty,12,0.0020777082769871088,0.6361691207970485,0.0019510062771701017,0.35980216464879405,0.9999999999999998,0.6381201270742186,0.0030668044288690247
uncertainty_alpha_2_cv_0.15,uncertainty,13,0.0019949520687866057,0.5945677976591813,0.0012816544934128077,0.402155595778619,0.9999999999999998,0.5958494521525941,0.002155606977805883
uncertainty_alpha_2_cv_0.15,uncertainty,14,0.0021352057629357587,0.5553612623928559,0.0010527198369904,0.44145081200721764,0.9999999999999998,0.5564139822298463,0.001895558635931144
uncertainty_alpha_2_cv_0.15,uncertainty,15,0.0023826678457879646,0.5187237338114465,0.0010141338526209998,0.4778794644901442,0.9999999999999997,0.5197378676640675,0.001955055815876033
uncertainty_alpha_2_cv_0.15,uncertainty,16,0.0026897152414962064,0.4846111515150039,0.0010633752426910915,0.5116357580008084,0.9999999999999996,0.48567452675769496,0.0021942855408232775
uncertainty_alpha_2_cv_0.15,uncertainty,17,0.003035944911775855,0.4529009681384201,0.0011564206348083767,0.5429066663149953,0.9999999999999996,0.4540573887732285,0.002553363132699111
uncertainty_alpha_2_cv_0.15,uncertainty,18,0.0034123788944472834,0.4234455703181452,0.0012734827589276404,0.5718685680284795,0.9999999999999997,0.42471905307707286,0.0030074296395894307
uncertainty_alpha_2_cv_0.15,uncertainty,19,0.0038150607372082744,0.39609331178305907,0.0014052599762143098,0.598686367503518,0.9999999999999997,0.3974985717592734,0.0035478003147500076
uncertainty_alpha_2_cv_0.15,uncertainty,20,0.004242332175086834,0.3706968914069369,0.0015471770762034425,0.6235135993417724,0.9999999999999996,0.37224406848314034,0.004173698544736407
uncertainty_alpha_2_cv_0.15,uncertainty,21,0.004693620968839372,0.34711658820821045,0.0016968712005919365,0.6464929196223579,0.9999999999999996,0.3488134594088024,0.0048884762590893655
uncertainty_alpha_2_cv_0.15,uncertainty,22,0.005168877191467397,0.32522133469077324,0.0018530503300759412,0.6677567377876831,0.9999999999999997,0.3270743850208492,0.0056978129428005
uncertainty_alpha_2_cv_0.15,uncertainty,23,0.005668299477214211,0.30488886029391443,0.0020149555516566654,0.6874278846772144,0.9999999999999997,0.3069038158455711,0.006608819849023798
uncertainty_alpha_2_cv_0.15,uncertainty,24,0.006192196061685635,0.28600543322061456,0.002182099032734784,0.7056202716849648,0.9999999999999998,0.28818753225334937,0.007629571956598424
uncertainty_alpha_2_cv_0.15,uncertainty,25,0.006740910828554366,0.2684654348234764,0.0023541324480589603,0.72243952189991,0.9999999999999998,0.2708195672715354,0.008768847466739503
uncertainty_alpha_2_cv_0.15,uncertainty,26,0.00731478184776645,0.2521708731969031,0.0025307792549943506,0.7379835657003359,0.9999999999999998,0.25470165245189746,0.010035969749044873
uncertainty_alpha_2_cv_0.15,uncertainty,27,0.00791411675344803,0.23703088540419606,0.0027117992408134174,0.7523431986015422,0.9999999999999997,0.23974268464500947,0.011440699958527057
uncertainty_alpha_2_cv_0.15,uncertainty,28,0.008539177196764312,0.2229612512829145,0.0028969698937076627,0.7656026016266133,0.9999999999999998,0.22585822117662216,0.012993154088607581
uncertainty_alpha_2_cv_0.15,uncertainty,29,0.00919016841599583,0.20988392917720475,0.0030860768058198693,0.7778398256009793,0.9999999999999998,0.21297000598302462,0.01470373085694569
uncertainty_alpha_2_cv_0.15,uncertainty,30,0.009867231858514494,0.19772661782549728,0.0032789090568074723,0.7891272412591805,0.9999999999999998,0.20100552688230475,0.016583043258754662
uncertainty_alpha_2_cv_0.15,uncertainty,31,0.010570439752692047,0.18642234561304225,0.0034752574086611547,0.7995319572256043,0.9999999999999998,0.1898976030217034,0.018641850027328606
uncertainty_alpha_2_cv_0.15,uncertainty,32,0.011299791025485824,0.17590908690310325,0.003674914121542541,0.809116207949868,0.9999999999999997,0.17958400102464578,0.020890985146019257
uncertainty_alpha_2_cv_0.15,uncertainty,33,0.01205520824112767,0.1661294044510343,0.0038776736899621043,0.8179377136178756,0.9999999999999997,0.17000707814099641,0.02334128448106865
uncertainty_alpha_2_cv_0.15,uncertainty,34,0.012836535355869403,0.1570301165539259,0.004083334120542136,0.8260500139696623,0.9999999999999997,0.16111345067446803,0.026003509455078788
uncertainty_alpha_2_cv_0.15,uncertainty,35,0.01364353619332723,0.14856198749629512,0.004291698468477624,0.8335027778418997,0.9999999999999998,0.15285368596477275,0.02888826772450558
uncertainty_alpha_2_cv_0.15,uncertainty,36,0.014475893553232921,0.14067943980303457,0.004502576498469487,0.8403420901452627,0.9999999999999998,0.14518201630150407,0.03200593139106574
uncertainty_alpha_2_cv_0.15,uncertainty,37,0.015333208905396785,0.13334028686618954,0.004715786355350381,0.846610717873063,0.9999999999999997,0.13805607322153993,0.03536655324645278
uncertainty_alpha_2_cv_0.15,uncertainty,38,0.01621500262386517,0.12650548456983007,0.004931156174691838,0.8523483566316126,0.9999999999999997,0.1314366407445219,0.038979781718237495
uncertainty_alpha_2_cv_0.15,uncertainty,39,0.017120714740381515,0.12013890063053204,0.005148525551362942,0.8575918590777232,0.9999999999999997,0.12528742618189498,0.04285477496748875
uncertainty_alpha_2_cv_0.15,uncertainty,40,0.018049706130677773,0.11420710039586322,0.005367746908462123,0.8623754465649965,0.9999999999999997,0.11957484730432534,0.04700011549068758
uncertainty_alpha_2_cv_0.15,uncertainty,41,0.01900126017384019,0.10867914802827375,0.005588686609316419,0.8667309051885693,0.9999999999999997,0.11426783463759016,0.0514237248884439
uncertainty_alpha_2_cv_0.15,uncertainty,42,0.019974584747833868,0.10352642193437256,0.005811225951725849,0.8706877673660673,0.9999999999999996,0.10933764788609841,0.05613278082197895
uncertainty_alpha_2_cv_0.15,uncertainty,43,0.020968814612202305,0.09872244352413495,0.006035261883288139,0.8742734799803742,0.9999999999999996,0.10475770540742309,0.06113363555281816
uncertainty_alpha_2_cv_0.15,uncertainty,44,0.021983014048885672,0.09424271831183398,0.0062607075686893525,0.8775135600705906,0.9999999999999996,0.10050342588052333,0.06643173797230338
uncertainty_alpha_2_cv_0.15,uncertainty,45,0.023016179804115456,0.09006458856430515,0.006487492674183412,0.8804317389573956,0.9999999999999996,0.09655208123848856,0.07203155843599299
uncertainty_alpha_2_cv_0.15,uncertainty,46,0.02406724419171903,0.08616709662625763,0.006715563520335537,0.8830500956616874,0.9999999999999996,0.09288266014659316,0.07793651850037046
uncertainty_alpha_2_cv_0.15,uncertainty,47,0.025135078436900857,0.08253085826157028,0.006944882927857604,0.8853891803736709,0.9999999999999996,0.08947574118942789,0.08414892410117374
uncertainty_alpha_2_cv_0.15,uncertainty,48,0.026218496059862175,0.07913794520450475,0.00717543000382139,0.8874681287318112,0.9999999999999996,0.08631337520832613,0.09066990538203847
uncertainty_alpha_2_cv_0.15,uncertainty,49,0.027316256457346637,0.07597177640420819,0.007407199591217631,0.8893047675472271,0.9999999999999996,0.08337897599542582,0.09749936018091233
uncertainty_alpha_2_cv_0.15,uncertainty,50,0.02842706844990043,0.07301701722459775,0.007640201682566878,0.8909157126429346,0.9999999999999996,0.08065721890716462,0.10463590506670369
uncertainty_alpha_2_cv_0.30,uncertainty,0,0.98,0.01,0.01,0.0,1.0,0.02,1.0
uncertainty_alpha_2_cv_0.30,uncertainty,1,0.9488471483876719,0.01957438349293876,0.030562735594771434,0.0010157325246179902,1.0,0.050137119087710194,1.561363892037601
uncertainty_alpha_2_cv_0.30,uncertainty,2,0.883280477720683,0.0387752123034944,0.0749329674731863,0.0030113425026364357,1.0000000000000002,0.1137081797766807,1.9324966395202272
uncertainty_alpha_2_cv_0.30,uncertainty,3,0.7608922341644411,0.07853999353088682,0.1535609198456125,0.007006852459059584,1.0,0.2321009133764993,1.9551939456835168
uncertainty_alpha_2_cv_0.30,uncertainty,4,0.5716471825515254,0.16223434970374503,0.25091832988819274,0.015200137856536636,0.9999999999999998,0.4131526795919378,1.5466412035823047
uncertainty_alpha_2_cv_0.30,uncertainty,5,0.34999139281840147,0.32226719210561255,0.29584464882715233,0.031896766248833266,0.9999999999999997,0.6181118409327648,0.9180104462206594
uncertainty_alpha_2_cv_0.30,uncertainty,6,0.16871815072454,0.5401571284227988,0.22868504158827477,0.06243967926438604,0.9999999999999996,0.7688421700110736,0.4233676268533393
uncertainty_alpha_2_cv_0.30,uncertainty,7,0.06762594299413602,0.7055161066975514,0.11965629444113016,0.10720165586718208,0.9999999999999997,0.8251724011386815,0.1696010811166722
uncertainty_alpha_2_cv_0.30,uncertainty,8,0.02546096093579142,0.7644780796903455,0.05035740069120681,0.15970355868265596,0.9999999999999997,0.8148354803815523,0.0658716083940618
uncertainty_alpha_2_cv_0.30,uncertainty,9,0.010061157917604405,0.756437074585256,0.020005826568517134,0.21349594092862217,0.9999999999999998,0.7764429011537731,0.02644744320535327
uncertainty_alpha_2_cv_0.30,uncertainty,10,0.004594736506474456,0.7218170841666062,0.008212419169307603,0.26537576015761155,0.9999999999999998,0.7300295033359138,0.01137742421099589
uncertainty_alpha_2_cv_0.30,uncertainty,11,0.0026792071008310335,0.6793937845813475,0.0036986502296544052,0.3142283580881668,0.9999999999999998,0.6830924348110019,0.005444044843497602
uncertainty_alpha_2_cv_0.30,uncertainty,12,0.0020777082769871088,0.6361691207970485,0.0019510062771701017,0.35980216464879405,0.9999999999999998,0.6381201270742186,0.0030668044288690247
uncertainty_alpha_2_cv_0.30,uncertainty,13,0.0019949520687866057,0.5945677976591813,0.0012816544934128077,0.402155595778619,0.9999999999999998,0.5958494521525941,0.002155606977805883
uncertainty_alpha_2_cv_0.30,uncertainty,14,0.0021352057629357587,0.5553612623928559,0.0010527198369904,0.44145081200721764,0.9999999999999998,0.5564139822298463,0.001895558635931144
uncertainty_alpha_2_cv_0.30,uncertainty,15,0.0023826678457879646,0.5187237338114465,0.0010141338526209998,0.4778794644901442,0.9999999999999997,0.5197378676640675,0.001955055815876033
uncertainty_alpha_2_cv_0.30,uncertainty,16,0.0026897152414962064,0.4846111515150039,0.0010633752426910915,0.5116357580008084,0.9999999999999996,0.48567452675769496,0.0021942855408232775
uncertainty_alpha_2_cv_0.30,uncertainty,17,0.003035944911775855,0.4529009681384201,0.0011564206348083767,0.5429066663149953,0.9999999999999996,0.4540573887732285,0.002553363132699111
uncertainty_alpha_2_cv_0.30,uncertainty,18,0.0034123788944472834,0.4234455703181452,0.0012734827589276404,0.5718685680284795,0.9999999999999997,0.42471905307707286,0.0030074296395894307
uncertainty_alpha_2_cv_0.30,uncertainty,19,0.0038150607372082744,0.39609331178305907,0.0014052599762143098,0.598686367503518,0.9999999999999997,0.3974985717592734,0.0035478003147500076
uncertainty_alpha_2_cv_0.30,uncertainty,20,0.004242332175086834,0.3706968914069369,0.0015471770762034425,0.6235135993417724,0.9999999999999996,0.37224406848314034,0.004173698544736407
uncertainty_alpha_2_cv_0.30,uncertainty,21,0.004693620968839372,0.34711658820821045,0.0016968712005919365,0.6464929196223579,0.9999999999999996,0.3488134594088024,0.0048884762590893655
uncertainty_alpha_2_cv_0.30,uncertainty,22,0.005168877191467397,0.32522133469077324,0.0018530503300759412,0.6677567377876831,0.9999999999999997,0.3270743850208492,0.0056978129428005
uncertainty_alpha_2_cv_0.30,uncertainty,23,0.005668299477214211,0.30488886029391443,0.0020149555516566654,0.6874278846772144,0.9999999999999997,0.3069038158455711,0.006608819849023798
uncertainty_alpha_2_cv_0.30,uncertainty,24,0.006192196061685635,0.28600543322061456,0.002182099032734784,0.7056202716849648,0.9999999999999998,0.28818753225334937,0.007629571956598424
uncertainty_alpha_2_cv_0.30,uncertainty,25,0.006740910828554366,0.2684654348234764,0.0023541324480589603,0.72243952189991,0.9999999999999998,0.2708195672715354,0.008768847466739503
uncertainty_alpha_2_cv_0.30,uncertainty,26,0.00731478184776645,0.2521708731969031,0.0025307792549943506,0.7379835657003359,0.9999999999999998,0.25470165245189746,0.010035969749044873
uncertainty_alpha_2_cv_0.30,uncertainty,27,0.00791411675344803,0.23703088540419606,0.0027117992408134174,0.7523431986015422,0.9999999999999997,0.23974268464500947,0.011440699958527057
uncertainty_alpha_2_cv_0.30,uncertainty,28,0.008539177196764312,0.2229612512829145,0.0028969698937076627,0.7656026016266133,0.9999999999999998,0.22585822117662216,0.012993154088607581
uncertainty_alpha_2_cv_0.30,uncertainty,29,0.00919016841599583,0.20988392917720475,0.0030860768058198693,0.7778398256009793,0.9999999999999998,0.21297000598302462,0.01470373085694569
uncertainty_alpha_2_cv_0.30,uncertainty,30,0.009867231858514494,0.19772661782549728,0.0032789090568074723,0.7891272412591805,0.9999999999999998,0.20100552688230475,0.016583043258754662
uncertainty_alpha_2_cv_0.30,uncertainty,31,0.010570439752692047,0.18642234561304225,0.0034752574086611547,0.7995319572256043,0.9999999999999998,0.1898976030217034,0.018641850027328606
uncertainty_alpha_2_cv_0.30,uncertainty,32,0.011299791025485824,0.17590908690310325,0.003674914121542541,0.809116207949868,0.9999999999999997,0.17958400102464578,0.020890985146019257
uncertainty_alpha_2_cv_0.30,uncertainty,33,0.01205520824112767,0.1661294044510343,0.0038776736899621043,0.8179377136178756,0.9999999999999997,0.17000707814099641,0.02334128448106865
uncertainty_alpha_2_cv_0.30,uncertainty,34,0.012836535355869403,0.1570301165539259,0.004083334120542136,0.8260500139696623,0.9999999999999997,0.16111345067446803,0.026003509455078788
uncertainty_alpha_2_cv_0.30,uncertainty,35,0.01364353619332723,0.14856198749629512,0.004291698468477624,0.8335027778418997,0.9999999999999998,0.15285368596477275,0.02888826772450558
uncertainty_alpha_2_cv_0.30,uncertainty,36,0.014475893553232921,0.14067943980303457,0.004502576498469487,0.8403420901452627,0.9999999999999998,0.14518201630150407,0.03200593139106574
uncertainty_alpha_2_cv_0.30,uncertainty,37,0.015333208905396785,0.13334028686618954,0.004715786355350381,0.846610717873063,0.9999999999999997,0.13805607322153993,0.03536655324645278
uncertainty_alpha_2_cv_0.30,uncertainty,38,0.01621500262386517,0.12650548456983007,0.004931156174691838,0.8523483566316126,0.9999999999999997,0.1314366407445219,0.038979781718237495
uncertainty_alpha_2_cv_0.30,uncertainty,39,0.017120714740381515,0.12013890063053204,0.005148525551362942,0.8575918590777232,0.9999999999999997,0.12528742618189498,0.04285477496748875
uncertainty_alpha_2_cv_0.30,uncertainty,40,0.018049706130677773,0.11420710039586322,0.005367746908462123,0.8623754465649965,0.9999999999999997,0.11957484730432534,0.04700011549068758
uncertainty_alpha_2_cv_0.30,uncertainty,41,0.01900126017384019,0.10867914802827375,0.005588686609316419,0.8667309051885693,0.9999999999999997,0.11426783463759016,0.0514237248884439
uncertainty_alpha_2_cv_0.30,uncertainty,42,0.019974584747833868,0.10352642193437256,0.005811225951725849,0.8706877673660673,0.9999999999999996,0.10933764788609841,0.05613278082197895
uncertainty_alpha_2_cv_0.30,uncertainty,43,0.020968814612202305,0.09872244352413495,0.006035261883288139,0.8742734799803742,0.9999999999999996,0.10475770540742309,0.06113363555281816
uncertainty_alpha_2_cv_0.30,uncertainty,44,0.021983014048885672,0.09424271831183398,0.0062607075686893525,0.8775135600705906,0.9999999999999996,0.10050342588052333,0.06643173797230338
uncertainty_alpha_2_cv_0.30,uncertainty,45,0.023016179804115456,0.09006458856430515,0.006487492674183412,0.8804317389573956,0.9999999999999996,0.09655208123848856,0.07203155843599299
uncertainty_alpha_2_cv_0.30,uncertainty,46,0.02406724419171903,0.08616709662625763,0.006715563520335537,0.8830500956616874,0.9999999999999996,0.09288266014659316,0.07793651850037046
uncertainty_alpha_2_cv_0.30,uncertainty,47,0.025135078436900857,0.08253085826157028,0.006944882927857604,0.8853891803736709,0.9999999999999996,0.08947574118942789,0.08414892410117374
uncertainty_alpha_2_cv_0.30,uncertainty,48,0.026218496059862175,0.07913794520450475,0.00717543000382139,0.8874681287318112,0.9999999999999996,0.08631337520832613,0.09066990538203847
uncertainty_alpha_2_cv_0.30,uncertainty,49,0.027316256457346637,0.07597177640420819,0.007407199591217631,0.8893047675472271,0.9999999999999996,0.08337897599542582,0.09749936018091233
uncertainty_alpha_2_cv_0.30,uncertainty,50,0.02842706844990043,0.07301701722459775,0.007640201682566878,0.8909157126429346,0.9999999999999996,0.08065721890716462,0.10463590506670369
cost_cu_1_co_1,cost,0,0.98,0.01,0.01,0.0,1.0,0.02,1.0
cost_cu_1_co_1,cost,1,0.948929818098752,0.019304706862262735,0.030756284856909358,0.0010091901820757547,0.9999999999999999,0.050060991719172096,1.593201340810433
cost_cu_1_co_1,cost,2,0.8841705917902959,0.03687086502495302,0.07601575750687306,0.0029427856778778475,0.9999999999999999,0.11288662253182608,2.061675457178128
cost_cu_1_co_1,cost,3,0.7657207660807259,0.069032155527668,0.1586523454946643,0.006594732896941648,1.0,0.22768450102233231,2.2982383250523974
cost_cu_1_co_1,cost,4,0.5884172487580629,0.12472192256519171,0.2735555030814587,0.013305325595286549,0.9999999999999999,0.3982774256466504,2.193323334464093
cost_cu_1_co_1,cost,5,0.3870401768298029,0.21235127416370309,0.37554670305821086,0.025061845948283375,1.0000000000000002,0.587897977221914,1.7685163629802347
cost_cu_1_co_1,cost,6,0.21928749129022845,0.3310305353368459,0.4055043704794523,0.044177602893473465,1.0000000000000002,0.7365349058162982,1.2249757263837435
cost_cu_1_co_1,cost,7,0.11297050668309441,0.46164084838622255,0.35312213177040935,0.07226651316027366,0.9999999999999999,0.8147629801566318,0.764928261883309
cost_cu_1_co_1,cost,8,0.05695832376332864,0.5734850407271432,0.26050082951909853,0.10905580599042947,0.9999999999999998,0.8339858702462417,0.45424171690476833
cost_cu_1_co_1,cost,9,0.02981537820670388,0.6455852610941579,0.172288395510752,0.15231096518838613,1.0,0.81787365660491,0.266871637092136
cost_cu_1_co_1,cost,10,0.016706728259660103,0.6767676329434179,0.10750084699864304,0.1990247917982788,0.9999999999999999,0.784268479942061,0.1588445454034159
cost_cu_1_co_1,cost,11,0.010138931931373218,0.6775143349090924,0.0657393023056792,0.24660743085385514,0.9999999999999999,0.7432536372147716,0.09703012750940536
cost_cu_1_co_1,cost,12,0.006713230852225872,0.6595618304037532,0.04040860778081041,0.2933163309632106,1.0,0.6999704381845636,0.06126583728484429
cost_cu_1_co_1,cost,13,0.00488738516520204,0.6315807838442177,0.02537906435390452,0.33815276663667576,1.0,0.6569598481981221,0.04018340171692808
cost_cu_1_co_1,cost,14,0.003927035847520249,0.5989760962827768,0.01647762634921132,0.38061924152049165,1.0,0.6154537226319882,0.027509655980381936
cost_cu_1_co_1,cost,15,0.003461594588806929,0.564853138110693,0.011167808882064856,0.42051745841843524,1.0,0.5760209469927579,0.019771172590841348
cost_cu_1_co_1,cost,16,0.0032940849396538747,0.5309168374867897,0.007972170342132478,0.4578169072314239,1.0,0.5388890078289222,0.015015855175869876
cost_cu_1_co_1,cost,17,0.003315257601545235,0.4980684051458577,0.006038983360609218,0.49257735389198787,1.0,0.504107388506467,0.01212480715142074
cost_cu_1_co_1,cost,18,0.00346239077917215,0.4667582189454239,0.004874468823224254,0.5249049214521797,1.0,0.47163268776864814,0.010443241544278422
cost_cu_1_co_1,cost,19,0.0036984420331074657,0.4371855705717344,0.004188417761166665,0.5549275696339915,1.0,0.4413739883329011,0.009580411713243907
cost_cu_1_co_1,cost,20,0.0040010215008212365,0.40941028808690094,0.003807218616834587,0.5827814717954432,0.9999999999999999,0.4132175067037355,0.009299274413999267
cost_cu_1_co_1,cost,21,0.0043563416231532206,0.38341521949708485,0.0036249578008317814,0.60860348107893,0.9999999999999999,0.3870401772979166,0.009454392044182644
cost_cu_1_co_1,cost,22,0.004755791565094346,0.35914149854514077,0.0035756936322750396,0.6325270162574897,1.0,0.3627171921774158,0.009956225183555633
cost_cu_1_co_1,cost,23,0.005193943067811645,0.3365086527388267,0.003617518292582445,0.6546798859007791,0.9999999999999998,0.34012617103140913,0.010750149403706707
cost_cu_1_co_1,cost,24,0.005667359973500176,0.3154261730901693,0.003723245150497269,0.6751832217858331,0.9999999999999998,0.31914941824066656,0.011803856078337938
cost_cu_1_co_1,cost,25,0.0061738704479773025,0.29580020614771735,0.003874871855299033,0.6941510515490061,0.9999999999999998,0.2996750780030164,0.01309962526991611
cost_cu_1_co_1,cost,26,0.006712112198415241,0.27753741794879844,0.0040602295698402985,0.7116902402829459,0.9999999999999999,0.28159764751863875,0.014629485277510764
cost_cu_1_co_1,cost,27,0.007281242043471358,0.26054719491830913,0.004270919707489887,0.7279006433307296,1.0,0.264818114625799,0.016392115481530987
cost_cu_1_co_1,cost,28,0.007880746547073061,0.24474285448926514,0.004501021959749946,0.7428753770039117,0.9999999999999998,0.24924387644901508,0.018390820721376235
cost_cu_1_co_1,cost,29,0.008510316082574318,0.23004226026906255,0.0047462721940789735,0.7567011514542841,0.9999999999999999,0.23478853246314152,0.020632175099164943
cost_cu_1_co_1,cost,30,0.009169759430569429,0.21636807707859107,0.005003531392618918,0.7694586320982205,1.0,0.22137160847120999,0.023125090633409347
cost_cu_1_co_1,cost,31,0.009858944808989927,0.2036478081773803,0.005270437715460793,0.7812228092981689,0.9999999999999999,0.20891824589284108,0.025880159293785097
cost_cu_1_co_1,cost,32,0.010577758452354445,0.19181370187882457,0.005545175568466087,0.7920633641003547,0.9999999999999998,0.19735887744729066,0.028909173401852013
cost_cu_1_co_1,cost,33,0.011326075095209357,0.18080258159862986,0.005826320492133027,0.8020450228140277,0.9999999999999999,0.18662890209076288,0.032224763831453944
cost_cu_1_co_1,cost,34,0.012103736769741453,0.17055563312912628,0.006112733780730959,0.8112278963204013,1.0,0.17666836690985724,0.03584011661522231
cost_cu_1_co_1,cost,35,0.012910537428494516,0.16101817040195945,0.006403490228817227,0.8196678019407287,1.0,0.16742166063077668,0.03976874294889704
cost_cu_1_co_1,cost,36,0.013746211839373176,0.15213939313586392,0.006697828106815864,0.827416566917947,0.9999999999999999,0.15883722124267977,0.04402428568145104
cost_cu_1_co_1,cost,37,0.014610427684834858,0.143872144782264,0.006995114199299844,0.8345223133336013,1.0,0.15086725898156386,0.048620351145013126
cost_cu_1_co_1,cost,38,0.015502780075843063,0.13617267598890137,0.0072948191761648285,0.8410297247590907,1.0,0.1434674951650662,0.05357035927500893
cost_cu_1_co_1,cost,39,0.016422787947290313,0.12900041673701645,0.007596500082927845,0.8469802952327653,0.9999999999999999,0.1365969168199443,0.058887407305158276
cost_cu_1_co_1,cost,40,0.01736989203554486,0.12231775896471836,0.007899787672894988,0.8524125613268417,1.0,0.13021754663761334,0.06458414329822396
cost_cu_1_co_1,cost,41,0.018343454001405992,0.11608985062019928,0.008204377220858063,0.8573623181575366,1.0,0.12429422784105734,0.0706726486167993
cost_cu_1_co_1,cost,42,0.01934275667289469,0.11028440150983958,0.008510021578945629,0.8618628202383201,1.0,0.11879442308878521,0.07716432661772539
cost_cu_1_co_1,cost,43,0.020367005016059942,0.10487150094539227,0.008816525959549812,0.8659449680789979,1.0,0.11368802690494208,0.0840697985636791
cost_cu_1_co_1,cost,44,0.021415327933525744,0.09982344694704719,0.009123743692932054,0.8696374814264949,0.9999999999999999,0.10894719063997924,0.0913988043086899
cost_cu_1_co_1,cost,45,0.02248678050380823,0.09511458662050207,0.009431572865331556,0.8729670600103581,0.9999999999999999,0.10454615948583362,0.09916010993100997
cost_cu_1_co_1,cost,46,0.023580346835547845,0.0907211672261891,0.009739953310393745,0.8759585326278693,1.0,0.10046112053658285,0.10736141970164208
cost_cu_1_co_1,cost,47,0.024694943200911347,0.08662119741847664,0.010048864022344773,0.8786349953582672,0.9999999999999999,0.09667006144082141,0.11600929474338242
cost_cu_1_co_1,cost,48,0.0258294215207987,0.0827943181026662,0.010358320718304224,0.8810179396582307,0.9999999999999999,0.09315263882097043,0.12510907699559468
cost_cu_1_co_1,cost,49,0.026982573136587126,0.07922168235535307,0.010668373461846953,0.8831273710462128,0.9999999999999999,0.08989005581720003,0.1346648183257886
cost_cu_1_co_1,cost,50,0.0281531326023774,0.07588584386254513,0.01097910449495832,0.884981919040119,0.9999999999999999,0.08686494835750344,0.14467921731021643
cost_cu_5_co_1,cost,0,0.98,0.01,0.01,0.0,1.0,0.02,1.0
cost_cu_5_co_1,cost,1,0.948929818098752,0.019304706862262735,0.030756284856909358,0.0010091901820757547,0.9999999999999999,0.050060991719172096,1.593201340810433
cost_cu_5_co_1,cost,2,0.8841705917902959,0.03687086502495302,0.07601575750687306,0.0029427856778778475,0.9999999999999999,0.11288662253182608,2.061675457178128
cost_cu_5_co_1,cost,3,0.7657207660807259,0.069032155527668,0.1586523454946643,0.006594732896941648,1.0,0.22768450102233231,2.2982383250523974
cost_cu_5_co_1,cost,4,0.5884172487580629,0.12472192256519171,0.2735555030814587,0.013305325595286549,0.9999999999999999,0.3982774256466504,2.193323334464093
cost_cu_5_co_1,cost,5,0.3870401768298029,0.21235127416370309,0.37554670305821086,0.025061845948283375,1.0000000000000002,0.587897977221914,1.7685163629802347
cost_cu_5_co_1,cost,6,0.21928749129022845,0.3310305353368459,0.4055043704794523,0.044177602893473465,1.0000000000000002,0.7365349058162982,1.2249757263837435
cost_cu_5_co_1,cost,7,0.11297050668309441,0.46164084838622255,0.35312213177040935,0.07226651316027366,0.9999999999999999,0.8147629801566318,0.764928261883309
cost_cu_5_co_1,cost,8,0.05695832376332864,0.5734850407271432,0.26050082951909853,0.10905580599042947,0.9999999999999998,0.8339858702462417,0.45424171690476833
cost_cu_5_co_1,cost,9,0.02981537820670388,0.6455852610941579,0.172288395510752,0.15231096518838613,1.0,0.81787365660491,0.266871637092136
cost_cu_5_co_1,cost,10,0.016706728259660103,0.6767676329434179,0.10750084699864304,0.1990247917982788,0.9999999999999999,0.784268479942061,0.1588445454034159
cost_cu_5_co_1,cost,11,0.010138931931373218,0.6775143349090924,0.0657393023056792,0.24660743085385514,0.9999999999999999,0.7432536372147716,0.09703012750940536
cost_cu_5_co_1,cost,12,0.006713230852225872,0.6595618304037532,0.04040860778081041,0.2933163309632106,1.0,0.6999704381845636,0.06126583728484429
cost_cu_5_co_1,cost,13,0.00488738516520204,0.6315807838442177,0.02537906435390452,0.33815276663667576,1.0,0.6569598481981221,0.04018340171692808
cost_cu_5_co_1,cost,14,0.003927035847520249,0.5989760962827768,0.01647762634921132,0.38061924152049165,1.0,0.6154537226319882,0.027509655980381936
cost_cu_5_co_1,cost,15,0.003461594588806929,0.564853138110693,0.011167808882064856,0.42051745841843524,1.0,0.5760209469927579,0.019771172590841348
cost_cu_5_co_1,cost,16,0.0032940849396538747,0.5309168374867897,0.007972170342132478,0.4578169072314239,1.0,0.5388890078289222,0.015015855175869876
cost_cu_5_co_1,cost,17,0.003315257601545235,0.4980684051458577,0.006038983360609218,0.49257735389198787,1.0,0.504107388506467,0.01212480715142074
cost_cu_5_co_1,cost,18,0.00346239077917215,0.4667582189454239,0.004874468823224254,0.5249049214521797,1.0,0.47163268776864814,0.010443241544278422
cost_cu_5_co_1,cost,19,0.0036984420331074657,0.4371855705717344,0.004188417761166665,0.5549275696339915,1.0,0.4413739883329011,0.009580411713243907
cost_cu_5_co_1,cost,20,0.0040010215008212365,0.40941028808690094,0.003807218616834587,0.5827814717954432,0.9999999999999999,0.4132175067037355,0.009299274413999267
cost_cu_5_co_1,cost,21,0.0043563416231532206,0.38341521949708485,0.0036249578008317814,0.60860348107893,0.9999999999999999,0.3870401772979166,0.009454392044182644
cost_cu_5_co_1,cost,22,0.004755791565094346,0.35914149854514077,0.0035756936322750396,0.6325270162574897,1.0,0.3627171921774158,0.009956225183555633
cost_cu_5_co_1,cost,23,0.005193943067811645,0.3365086527388267,0.003617518292582445,0.6546798859007791,0.9999999999999998,0.34012617103140913,0.010750149403706707
cost_cu_5_co_1,cost,24,0.005667359973500176,0.3154261730901693,0.003723245150497269,0.6751832217858331,0.9999999999999998,0.31914941824066656,0.011803856078337938
cost_cu_5_co_1,cost,25,0.0061738704479773025,0.29580020614771735,0.003874871855299033,0.6941510515490061,0.9999999999999998,0.2996750780030164,0.01309962526991611
cost_cu_5_co_1,cost,26,0.006712112198415241,0.27753741794879844,0.0040602295698402985,0.7116902402829459,0.9999999999999999,0.28159764751863875,0.014629485277510764
cost_cu_5_co_1,cost,27,0.007281242043471358,0.26054719491830913,0.004270919707489887,0.7279006433307296,1.0,0.264818114625799,0.016392115481530987
cost_cu_5_co_1,cost,28,0.007880746547073061,0.24474285448926514,0.004501021959749946,0.7428753770039117,0.9999999999999998,0.24924387644901508,0.018390820721376235
cost_cu_5_co_1,cost,29,0.008510316082574318,0.23004226026906255,0.0047462721940789735,0.7567011514542841,0.9999999999999999,0.23478853246314152,0.020632175099164943
cost_cu_5_co_1,cost,30,0.009169759430569429,0.21636807707859107,0.005003531392618918,0.7694586320982205,1.0,0.22137160847120999,0.023125090633409347
cost_cu_5_co_1,cost,31,0.009858944808989927,0.2036478081773803,0.005270437715460793,0.7812228092981689,0.9999999999999999,0.20891824589284108,0.025880159293785097
cost_cu_5_co_1,cost,32,0.010577758452354445,0.19181370187882457,0.005545175568466087,0.7920633641003547,0.9999999999999998,0.19735887744729066,0.028909173401852013
cost_cu_5_co_1,cost,33,0.011326075095209357,0.18080258159862986,0.005826320492133027,0.8020450228140277,0.9999999999999999,0.18662890209076288,0.032224763831453944
cost_cu_5_co_1,cost,34,0.012103736769741453,0.17055563312912628,0.006112733780730959,0.8112278963204013,1.0,0.17666836690985724,0.03584011661522231
cost_cu_5_co_1,cost,35,0.012910537428494516,0.16101817040195945,0.006403490228817227,0.8196678019407287,1.0,0.16742166063077668,0.03976874294889704
cost_cu_5_co_1,cost,36,0.013746211839373176,0.15213939313586392,0.006697828106815864,0.827416566917947,0.9999999999999999,0.15883722124267977,0.04402428568145104
cost_cu_5_co_1,cost,37,0.014610427684834858,0.143872144782264,0.006995114199299844,0.8345223133336013,1.0,0.15086725898156386,0.048620351145013126
cost_cu_5_co_1,cost,38,0.015502780075843063,0.13617267598890137,0.0072948191761648285,0.8410297247590907,1.0,0.1434674951650662,0.05357035927500893
cost_cu_5_co_1,cost,39,0.016422787947290313,0.12900041673701645,0.007596500082927845,0.8469802952327653,0.9999999999999999,0.1365969168199443,0.058887407305158276
cost_cu_5_co_1,cost,40,0.01736989203554486,0.12231775896471836,0.007899787672894988,0.8524125613268417,1.0,0.13021754663761334,0.06458414329822396
cost_cu_5_co_1,cost,41,0.018343454001405992,0.11608985062019928,0.008204377220858063,0.8573623181575366,1.0,0.12429422784105734,0.0706726486167993
cost_cu_5_co_1,cost,42,0.01934275667289469,0.11028440150983958,0.008510021578945629,0.8618628202383201,1.0,0.11879442308878521,0.07716432661772539
cost_cu_5_co_1,cost,43,0.020367005016059942,0.10487150094539227,0.008816525959549812,0.8659449680789979,1.0,0.11368802690494208,0.0840697985636791
cost_cu_5_co_1,cost,44,0.021415327933525744,0.09982344694704719,0.009123743692932054,0.8696374814264949,0.9999999999999999,0.10894719063997924,0.0913988043086899
cost_cu_5_co_1,cost,45,0.02248678050380823,0.09511458662050207,0.009431572865331556,0.8729670600103581,0.9999999999999999,0.10454615948583362,0.09916010993100997
cost_cu_5_co_1,cost,46,0.023580346835547845,0.0907211672261891,0.009739953310393745,0.8759585326278693,1.0,0.10046112053658285,0.10736141970164208
cost_cu_5_co_1,cost,47,0.024694943200911347,0.08662119741847664,0.010048864022344773,0.8786349953582672,0.9999999999999999,0.09667006144082141,0.11600929474338242
cost_cu_5_co_1,cost,48,0.0258294215207987,0.0827943181026662,0.010358320718304224,0.8810179396582307,0.9999999999999999,0.09315263882097043,0.12510907699559468
cost_cu_5_co_1,cost,49,0.026982573136587126,0.07922168235535307,0.010668373461846953,0.8831273710462128,0.9999999999999999,0.08989005581720003,0.1346648183257886
cost_cu_5_co_1,cost,50,0.0281531326023774,0.07588584386254513,0.01097910449495832,0.884981919040119,0.9999999999999999,0.08686494835750344,0.14467921731021643
cost_cu_10_co_1,cost,0,0.98,0.01,0.01,0.0,1.0,0.02,1.0
cost_cu_10_co_1,cost,1,0.948929818098752,0.019304706862262735,0.030756284856909358,0.0010091901820757547,0.9999999999999999,0.050060991719172096,1.593201340810433
cost_cu_10_co_1,cost,2,0.8841705917902959,0.03687086502495302,0.07601575750687306,0.0029427856778778475,0.9999999999999999,0.11288662253182608,2.061675457178128
cost_cu_10_co_1,cost,3,0.7657207660807259,0.069032155527668,0.1586523454946643,0.006594732896941648,1.0,0.22768450102233231,2.2982383250523974
cost_cu_10_co_1,cost,4,0.5884172487580629,0.12472192256519171,0.2735555030814587,0.013305325595286549,0.9999999999999999,0.3982774256466504,2.193323334464093
cost_cu_10_co_1,cost,5,0.3870401768298029,0.21235127416370309,0.37554670305821086,0.025061845948283375,1.0000000000000002,0.587897977221914,1.7685163629802347
cost_cu_10_co_1,cost,6,0.21928749129022845,0.3310305353368459,0.4055043704794523,0.044177602893473465,1.0000000000000002,0.7365349058162982,1.2249757263837435
cost_cu_10_co_1,cost,7,0.11297050668309441,0.46164084838622255,0.35312213177040935,0.07226651316027366,0.9999999999999999,0.8147629801566318,0.764928261883309
cost_cu_10_co_1,cost,8,0.05695832376332864,0.5734850407271432,0.26050082951909853,0.10905580599042947,0.9999999999999998,0.8339858702462417,0.45424171690476833
cost_cu_10_co_1,cost,9,0.02981537820670388,0.6455852610941579,0.172288395510752,0.15231096518838613,1.0,0.81787365660491,0.266871637092136
cost_cu_10_co_1,cost,10,0.016706728259660103,0.6767676329434179,0.10750084699864304,0.1990247917982788,0.9999999999999999,0.784268479942061,0.1588445454034159
cost_cu_10_co_1,cost,11,0.010138931931373218,0.6775143349090924,0.0657393023056792,0.24660743085385514,0.9999999999999999,0.7432536372147716,0.09703012750940536
cost_cu_10_co_1,cost,12,0.006713230852225872,0.6595618304037532,0.04040860778081041,0.2933163309632106,1.0,0.6999704381845636,0.06126583728484429
cost_cu_10_co_1,cost,13,0.00488738516520204,0.6315807838442177,0.02537906435390452,0.33815276663667576,1.0,0.6569598481981221,0.04018340171692808
cost_cu_10_co_1,cost,14,0.003927035847520249,0.5989760962827768,0.01647762634921132,0.38061924152049165,1.0,0.6154537226319882,0.027509655980381936
cost_cu_10_co_1,cost,15,0.003461594588806929,0.564853138110693,0.011167808882064856,0.42051745841843524,1.0,0.5760209469927579,0.019771172590841348
cost_cu_10_co_1,cost,16,0.0032940849396538747,0.5309168374867897,0.007972170342132478,0.4578169072314239,1.0,0.5388890078289222,0.015015855175869876
cost_cu_10_co_1,cost,17,0.003315257601545235,0.4980684051458577,0.006038983360609218,0.49257735389198787,1.0,0.504107388506467,0.01212480715142074
cost_cu_10_co_1,cost,18,0.00346239077917215,0.4667582189454239,0.004874468823224254,0.5249049214521797,1.0,0.47163268776864814,0.010443241544278422
cost_cu_10_co_1,cost,19,0.0036984420331074657,0.4371855705717344,0.004188417761166665,0.5549275696339915,1.0,0.4413739883329011,0.009580411713243907
cost_cu_10_co_1,cost,20,0.0040010215008212365,0.40941028808690094,0.003807218616834587,0.5827814717954432,0.9999999999999999,0.4132175067037355,0.009299274413999267
cost_cu_10_co_1,cost,21,0.0043563416231532206,0.38341521949708485,0.0036249578008317814,0.60860348107893,0.9999999999999999,0.3870401772979166,0.009454392044182644
cost_cu_10_co_1,cost,22,0.004755791565094346,0.35914149854514077,0.0035756936322750396,0.6325270162574897,1.0,0.3627171921774158,0.009956225183555633
cost_cu_10_co_1,cost,23,0.005193943067811645,0.3365086527388267,0.003617518292582445,0.6546798859007791,0.9999999999999998,0.34012617103140913,0.010750149403706707
cost_cu_10_co_1,cost,24,0.005667359973500176,0.3154261730901693,0.003723245150497269,0.6751832217858331,0.9999999999999998,0.31914941824066656,0.011803856078337938
cost_cu_10_co_1,cost,25,0.0061738704479773025,0.29580020614771735,0.003874871855299033,0.6941510515490061,0.9999999999999998,0.2996750780030164,0.01309962526991611
cost_cu_10_co_1,cost,26,0.006712112198415241,0.27753741794879844,0.0040602295698402985,0.7116902402829459,0.9999999999999999,0.28159764751863875,0.014629485277510764
cost_cu_10_co_1,cost,27,0.007281242043471358,0.26054719491830913,0.004270919707489887,0.7279006433307296,1.0,0.264818114625799,0.016392115481530987
cost_cu_10_co_1,cost,28,0.007880746547073061,0.24474285448926514,0.004501021959749946,0.7428753770039117,0.9999999999999998,0.24924387644901508,0.018390820721376235
cost_cu_10_co_1,cost,29,0.008510316082574318,0.23004226026906255,0.0047462721940789735,0.7567011514542841,0.9999999999999999,0.23478853246314152,0.020632175099164943
cost_cu_10_co_1,cost,30,0.009169759430569429,0.21636807707859107,0.005003531392618918,0.7694586320982205,1.0,0.22137160847120999,0.023125090633409347
cost_cu_10_co_1,cost,31,0.009858944808989927,0.2036478081773803,0.005270437715460793,0.7812228092981689,0.9999999999999999,0.20891824589284108,0.025880159293785097
cost_cu_10_co_1,cost,32,0.010577758452354445,0.19181370187882457,0.005545175568466087,0.7920633641003547,0.9999999999999998,0.19735887744729066,0.028909173401852013
cost_cu_10_co_1,cost,33,0.011326075095209357,0.18080258159862986,0.005826320492133027,0.8020450228140277,0.9999999999999999,0.18662890209076288,0.032224763831453944
cost_cu_10_co_1,cost,34,0.012103736769741453,0.17055563312912628,0.006112733780730959,0.8112278963204013,1.0,0.17666836690985724,0.03584011661522231
cost_cu_10_co_1,cost,35,0.012910537428494516,0.16101817040195945,0.006403490228817227,0.8196678019407287,1.0,0.16742166063077668,0.03976874294889704
cost_cu_10_co_1,cost,36,0.013746211839373176,0.15213939313586392,0.006697828106815864,0.827416566917947,0.9999999999999999,0.15883722124267977,0.04402428568145104
cost_cu_10_co_1,cost,37,0.014610427684834858,0.143872144782264,0.006995114199299844,0.8345223133336013,1.0,0.15086725898156386,0.048620351145013126
cost_cu_10_co_1,cost,38,0.015502780075843063,0.13617267598890137,0.0072948191761648285,0.8410297247590907,1.0,0.1434674951650662,0.05357035927500893
cost_cu_10_co_1,cost,39,0.016422787947290313,0.12900041673701645,0.007596500082927845,0.8469802952327653,0.9999999999999999,0.1365969168199443,0.058887407305158276
cost_cu_10_co_1,cost,40,0.01736989203554486,0.12231775896471836,0.007899787672894988,0.8524125613268417,1.0,0.13021754663761334,0.06458414329822396
cost_cu_10_co_1,cost,41,0.018343454001405992,0.11608985062019928,0.008204377220858063,0.8573623181575366,1.0,0.12429422784105734,0.0706726486167993
cost_cu_10_co_1,cost,42,0.01934275667289469,0.11028440150983958,0.008510021578945629,0.8618628202383201,1.0,0.11879442308878521,0.07716432661772539
cost_cu_10_co_1,cost,43,0.020367005016059942,0.10487150094539227,0.008816525959549812,0.8659449680789979,1.0,0.11368802690494208,0.0840697985636791
cost_cu_10_co_1,cost,44,0.021415327933525744,0.09982344694704719,0.009123743692932054,0.8696374814264949,0.9999999999999999,0.10894719063997924,0.0913988043086899
cost_cu_10_co_1,cost,45,0.02248678050380823,0.09511458662050207,0.009431572865331556,0.8729670600103581,0.9999999999999999,0.10454615948583362,0.09916010993100997
cost_cu_10_co_1,cost,46,0.023580346835547845,0.0907211672261891,0.009739953310393745,0.8759585326278693,1.0,0.10046112053658285,0.10736141970164208
cost_cu_10_co_1,cost,47,0.024694943200911347,0.08662119741847664,0.010048864022344773,0.8786349953582672,0.9999999999999999,0.09667006144082141,0.11600929474338242
cost_cu_10_co_1,cost,48,0.0258294215207987,0.0827943181026662,0.010358320718304224,0.8810179396582307,0.9999999999999999,0.09315263882097043,0.12510907699559468
cost_cu_10_co_1,cost,49,0.026982573136587126,0.07922168235535307,0.010668373461846953,0.8831273710462128,0.9999999999999999,0.08989005581720003,0.1346648183257886
cost_cu_10_co_1,cost,50,0.0281531326023774,0.07588584386254513,0.01097910449495832,0.884981919040119,0.9999999999999999,0.08686494835750344,0.14467921731021643
service_pw_0.25,service_seeking,0,0.98,0.01,0.01,0.0,1.0,0.02,1.0
service_pw_0.25,service_seeking,1,0.948929818098752,0.019304706862262735,0.030756284856909358,0.0010091901820757547,0.9999999999999999,0.050060991719172096,1.593201340810433
service_pw_0.25,service_seeking,2,0.8841705917902959,0.03687086502495302,0.07601575750687306,0.0029427856778778475,0.9999999999999999,0.11288662253182608,2.061675457178128
service_pw_0.25,service_seeking,3,0.7657207660807259,0.069032155527668,0.1586523454946643,0.006594732896941648,1.0,0.22768450102233231,2.2982383250523974
service_pw_0.25,service_seeking,4,0.5884172487580629,0.12472192256519171,0.2735555030814587,0.013305325595286549,0.9999999999999999,0.3982774256466504,2.193323334464093
service_pw_0.25,service_seeking,5,0.3870401768298029,0.21235127416370309,0.37554670305821086,0.025061845948283375,1.0000000000000002,0.587897977221914,1.7685163629802347
service_pw_0.25,service_seeking,6,0.21928749129022845,0.3310305353368459,0.4055043704794523,0.044177602893473465,1.0000000000000002,0.7365349058162982,1.2249757263837435
service_pw_0.25,service_seeking,7,0.11297050668309441,0.46164084838622255,0.35312213177040935,0.07226651316027366,0.9999999999999999,0.8147629801566318,0.764928261883309
service_pw_0.25,service_seeking,8,0.05695832376332864,0.5734850407271432,0.26050082951909853,0.10905580599042947,0.9999999999999998,0.8339858702462417,0.45424171690476833
service_pw_0.25,service_seeking,9,0.02981537820670388,0.6455852610941579,0.172288395510752,0.15231096518838613,1.0,0.81787365660491,0.266871637092136
service_pw_0.25,service_seeking,10,0.016706728259660103,0.6767676329434179,0.10750084699864304,0.1990247917982788,0.9999999999999999,0.784268479942061,0.1588445454034159
service_pw_0.25,service_seeking,11,0.010138931931373218,0.6775143349090924,0.0657393023056792,0.24660743085385514,0.9999999999999999,0.7432536372147716,0.09703012750940536
service_pw_0.25,service_seeking,12,0.006713230852225872,0.6595618304037532,0.04040860778081041,0.2933163309632106,1.0,0.6999704381845636,0.06126583728484429
service_pw_0.25,service_seeking,13,0.00488738516520204,0.6315807838442177,0.02537906435390452,0.33815276663667576,1.0,0.6569598481981221,0.04018340171692808
service_pw_0.25,service_seeking,14,0.003927035847520249,0.5989760962827768,0.01647762634921132,0.38061924152049165,1.0,0.6154537226319882,0.027509655980381936
service_pw_0.25,service_seeking,15,0.003461594588806929,0.564853138110693,0.011167808882064856,0.42051745841843524,1.0,0.5760209469927579,0.019771172590841348
service_pw_0.25,service_seeking,16,0.0032940849396538747,0.5309168374867897,0.007972170342132478,0.4578169072314239,1.0,0.5388890078289222,0.015015855175869876
service_pw_0.25,service_seeking,17,0.003315257601545235,0.4980684051458577,0.006038983360609218,0.49257735389198787,1.0,0.504107388506467,0.01212480715142074
service_pw_0.25,service_seeking,18,0.00346239077917215,0.4667582189454239,0.004874468823224254,0.5249049214521797,1.0,0.47163268776864814,0.010443241544278422
service_pw_0.25,service_seeking,19,0.0036984420331074657,0.4371855705717344,0.004188417761166665,0.5549275696339915,1.0,0.4413739883329011,0.009580411713243907
service_pw_0.25,service_seeking,20,0.0040010215008212365,0.40941028808690094,0.003807218616834587,0.5827814717954432,0.9999999999999999,0.4132175067037355,0.009299274413999267
service_pw_0.25,service_seeking,21,0.0043563416231532206,0.38341521949708485,0.0036249578008317814,0.60860348107893,0.9999999999999999,0.3870401772979166,0.009454392044182644
service_pw_0.25,service_seeking,22,0.004755791565094346,0.35914149854514077,0.0035756936322750396,0.6325270162574897,1.0,0.3627171921774158,0.009956225183555633
service_pw_0.25,service_seeking,23,0.005193943067811645,0.3365086527388267,0.003617518292582445,0.6546798859007791,0.9999999999999998,0.34012617103140913,0.010750149403706707
service_pw_0.25,service_seeking,24,0.005667359973500176,0.3154261730901693,0.003723245150497269,0.6751832217858331,0.9999999999999998,0.31914941824066656,0.011803856078337938
service_pw_0.25,service_seeking,25,0.0061738704479773025,0.29580020614771735,0.003874871855299033,0.6941510515490061,0.9999999999999998,0.2996750780030164,0.01309962526991611
service_pw_0.25,service_seeking,26,0.006712112198415241,0.27753741794879844,0.0040602295698402985,0.7116902402829459,0.9999999999999999,0.28159764751863875,0.014629485277510764
service_pw_0.25,service_seeking,27,0.007281242043471358,0.26054719491830913,0.004270919707489887,0.7279006433307296,1.0,0.264818114625799,0.016392115481530987
service_pw_0.25,service_seeking,28,0.007880746547073061,0.24474285448926514,0.004501021959749946,0.7428753770039117,0.9999999999999998,0.24924387644901508,0.018390820721376235
service_pw_0.25,service_seeking,29,0.008510316082574318,0.23004226026906255,0.0047462721940789735,0.7567011514542841,0.9999999999999999,0.23478853246314152,0.020632175099164943
service_pw_0.25,service_seeking,30,0.009169759430569429,0.21636807707859107,0.005003531392618918,0.7694586320982205,1.0,0.22137160847120999,0.023125090633409347
service_pw_0.25,service_seeking,31,0.009858944808989927,0.2036478081773803,0.005270437715460793,0.7812228092981689,0.9999999999999999,0.20891824589284108,0.025880159293785097
service_pw_0.25,service_seeking,32,0.010577758452354445,0.19181370187882457,0.005545175568466087,0.7920633641003547,0.9999999999999998,0.19735887744729066,0.028909173401852013
service_pw_0.25,service_seeking,33,0.011326075095209357,0.18080258159862986,0.005826320492133027,0.8020450228140277,0.9999999999999999,0.18662890209076288,0.032224763831453944
service_pw_0.25,service_seeking,34,0.012103736769741453,0.17055563312912628,0.006112733780730959,0.8112278963204013,1.0,0.17666836690985724,0.03584011661522231
service_pw_0.25,service_seeking,35,0.012910537428494516,0.16101817040195945,0.006403490228817227,0.8196678019407287,1.0,0.16742166063077668,0.03976874294889704
service_pw_0.25,service_seeking,36,0.013746211839373176,0.15213939313586392,0.006697828106815864,0.827416566917947,0.9999999999999999,0.15883722124267977,0.04402428568145104
service_pw_0.25,service_seeking,37,0.014610427684834858,0.143872144782264,0.006995114199299844,0.8345223133336013,1.0,0.15086725898156386,0.048620351145013126
service_pw_0.25,service_seeking,38,0.015502780075843063,0.13617267598890137,0.0072948191761648285,0.8410297247590907,1.0,0.1434674951650662,0.05357035927500893
service_pw_0.25,service_seeking,39,0.016422787947290313,0.12900041673701645,0.007596500082927845,0.8469802952327653,0.9999999999999999,0.1365969168199443,0.058887407305158276
service_pw_0.25,service_seeking,40,0.01736989203554486,0.12231775896471836,0.007899787672894988,0.8524125613268417,1.0,0.13021754663761334,0.06458414329822396
service_pw_0.25,service_seeking,41,0.018343454001405992,0.11608985062019928,0.008204377220858063,0.8573623181575366,1.0,0.12429422784105734,0.0706726486167993
service_pw_0.25,service_seeking,42,0.01934275667289469,0.11028440150983958,0.008510021578945629,0.8618628202383201,1.0,0.11879442308878521,0.07716432661772539
service_pw_0.25,service_seeking,43,0.020367005016059942,0.10487150094539227,0.008816525959549812,0.8659449680789979,1.0,0.11368802690494208,0.0840697985636791
service_pw_0.25,service_seeking,44,0.021415327933525744,0.09982344694704719,0.009123743692932054,0.8696374814264949,0.9999999999999999,0.10894719063997924,0.0913988043086899
service_pw_0.25,service_seeking,45,0.02248678050380823,0.09511458662050207,0.009431572865331556,0.8729670600103581,0.9999999999999999,0.10454615948583362,0.09916010993100997
service_pw_0.25,service_seeking,46,0.023580346835547845,0.0907211672261891,0.009739953310393745,0.8759585326278693,1.0,0.10046112053658285,0.10736141970164208
service_pw_0.25,service_seeking,47,0.024694943200911347,0.08662119741847664,0.010048864022344773,0.8786349953582672,0.9999999999999999,0.09667006144082141,0.11600929474338242
service_pw_0.25,service_seeking,48,0.0258294215207987,0.0827943181026662,0.010358320718304224,0.8810179396582307,0.9999999999999999,0.09315263882097043,0.12510907699559468
service_pw_0.25,service_seeking,49,0.026982573136587126,0.07922168235535307,0.010668373461846953,0.8831273710462128,0.9999999999999999,0.08989005581720003,0.1346648183257886
service_pw_0.25,service_seeking,50,0.0281531326023774,0.07588584386254513,0.01097910449495832,0.884981919040119,0.9999999999999999,0.08686494835750344,0.14467921731021643
service_pw_0.50,service_seeking,0,0.98,0.01,0.01,0.0,1.0,0.02,1.0
service_pw_0.50,service_seeking,1,0.948929818098752,0.019304706862262735,0.030756284856909358,0.0010091901820757547,0.9999999999999999,0.050060991719172096,1.593201340810433
service_pw_0.50,service_seeking,2,0.8841705917902959,0.03687086502495302,0.07601575750687306,0.0029427856778778475,0.9999999999999999,0.11288662253182608,2.061675457178128
service_pw_0.50,service_seeking,3,0.7657207660807259,0.069032155527668,0.1586523454946643,0.006594732896941648,1.0,0.22768450102233231,2.2982383250523974
service_pw_0.50,service_seeking,4,0.5884172487580629,0.12472192256519171,0.2735555030814587,0.013305325595286549,0.9999999999999999,0.3982774256466504,2.193323334464093
service_pw_0.50,service_seeking,5,0.3870401768298029,0.21235127416370309,0.37554670305821086,0.025061845948283375,1.0000000000000002,0.587897977221914,1.7685163629802347
service_pw_0.50,service_seeking,6,0.21928749129022845,0.3310305353368459,0.4055043704794523,0.044177602893473465,1.0000000000000002,0.7365349058162982,1.2249757263837435
service_pw_0.50,service_seeking,7,0.11297050668309441,0.46164084838622255,0.35312213177040935,0.07226651316027366,0.9999999999999999,0.8147629801566318,0.764928261883309
service_pw_0.50,service_seeking,8,0.05695832376332864,0.5734850407271432,0.26050082951909853,0.10905580599042947,0.9999999999999998,0.8339858702462417,0.45424171690476833
service_pw_0.50,service_seeking,9,0.02981537820670388,0.6455852610941579,0.172288395510752,0.15231096518838613,1.0,0.81787365660491,0.266871637092136
service_pw_0.50,service_seeking,10,0.016706728259660103,0.6767676329434179,0.10750084699864304,0.1990247917982788,0.9999999999999999,0.784268479942061,0.1588445454034159
service_pw_0.50,service_seeking,11,0.010138931931373218,0.6775143349090924,0.0657393023056792,0.24660743085385514,0.9999999999999999,0.7432536372147716,0.09703012750940536
service_pw_0.50,service_seeking,12,0.006713230852225872,0.6595618304037532,0.04040860778081041,0.2933163309632106,1.0,0.6999704381845636,0.06126583728484429
service_pw_0.50,service_seeking,13,0.00488738516520204,0.6315807838442177,0.02537906435390452,0.33815276663667576,1.0,0.6569598481981221,0.04018340171692808
service_pw_0.50,service_seeking,14,0.003927035847520249,0.5989760962827768,0.01647762634921132,0.38061924152049165,1.0,0.6154537226319882,0.027509655980381936
service_pw_0.50,service_seeking,15,0.003461594588806929,0.564853138110693,0.011167808882064856,0.42051745841843524,1.0,0.5760209469927579,0.019771172590841348
service_pw_0.50,service_seeking,16,0.0032940849396538747,0.5309168374867897,0.007972170342132478,0.4578169072314239,1.0,0.5388890078289222,0.015015855175869876
service_pw_0.50,service_seeking,17,0.003315257601545235,0.4980684051458577,0.006038983360609218,0.49257735389198787,1.0,0.504107388506467,0.01212480715142074
service_pw_0.50,service_seeking,18,0.00346239077917215,0.4667582189454239,0.004874468823224254,0.5249049214521797,1.0,0.47163268776864814,0.010443241544278422
service_pw_0.50,service_seeking,19,0.0036984420331074657,0.4371855705717344,0.004188417761166665,0.5549275696339915,1.0,0.4413739883329011,0.009580411713243907
service_pw_0.50,service_seeking,20,0.0040010215008212365,0.40941028808690094,0.003807218616834587,0.5827814717954432,0.9999999999999999,0.4132175067037355,0.009299274413999267
service_pw_0.50,service_seeking,21,0.0043563416231532206,0.38341521949708485,0.0036249578008317814,0.60860348107893,0.9999999999999999,0.3870401772979166,0.009454392044182644
service_pw_0.50,service_seeking,22,0.004755791565094346,0.35914149854514077,0.0035756936322750396,0.6325270162574897,1.0,0.3627171921774158,0.009956225183555633
service_pw_0.50,service_seeking,23,0.005193943067811645,0.3365086527388267,0.003617518292582445,0.6546798859007791,0.9999999999999998,0.34012617103140913,0.010750149403706707
service_pw_0.50,service_seeking,24,0.005667359973500176,0.3154261730901693,0.003723245150497269,0.6751832217858331,0.9999999999999998,0.31914941824066656,0.011803856078337938
service_pw_0.50,service_seeking,25,0.0061738704479773025,0.29580020614771735,0.003874871855299033,0.6941510515490061,0.9999999999999998,0.2996750780030164,0.01309962526991611
service_pw_0.50,service_seeking,26,0.006712112198415241,0.27753741794879844,0.0040602295698402985,0.7116902402829459,0.9999999999999999,0.28159764751863875,0.014629485277510764
service_pw_0.50,service_seeking,27,0.007281242043471358,0.26054719491830913,0.004270919707489887,0.7279006433307296,1.0,0.264818114625799,0.016392115481530987
service_pw_0.50,service_seeking,28,0.007880746547073061,0.24474285448926514,0.004501021959749946,0.7428753770039117,0.9999999999999998,0.24924387644901508,0.018390820721376235
service_pw_0.50,service_seeking,29,0.008510316082574318,0.23004226026906255,0.0047462721940789735,0.7567011514542841,0.9999999999999999,0.23478853246314152,0.020632175099164943
service_pw_0.50,service_seeking,30,0.009169759430569429,0.21636807707859107,0.005003531392618918,0.7694586320982205,1.0,0.22137160847120999,0.023125090633409347
service_pw_0.50,service_seeking,31,0.009858944808989927,0.2036478081773803,0.005270437715460793,0.7812228092981689,0.9999999999999999,0.20891824589284108,0.025880159293785097
service_pw_0.50,service_seeking,32,0.010577758452354445,0.19181370187882457,0.005545175568466087,0.7920633641003547,0.9999999999999998,0.19735887744729066,0.028909173401852013
service_pw_0.50,service_seeking,33,0.011326075095209357,0.18080258159862986,0.005826320492133027,0.8020450228140277,0.9999999999999999,0.18662890209076288,0.032224763831453944
service_pw_0.50,service_seeking,34,0.012103736769741453,0.17055563312912628,0.006112733780730959,0.8112278963204013,1.0,0.17666836690985724,0.03584011661522231
service_pw_0.50,service_seeking,35,0.012910537428494516,0.16101817040195945,0.006403490228817227,0.8196678019407287,1.0,0.16742166063077668,0.03976874294889704
service_pw_0.50,service_seeking,36,0.013746211839373176,0.15213939313586392,0.006697828106815864,0.827416566917947,0.9999999999999999,0.15883722124267977,0.04402428568145104
service_pw_0.50,service_seeking,37,0.014610427684834858,0.143872144782264,0.006995114199299844,0.8345223133336013,1.0,0.15086725898156386,0.048620351145013126
service_pw_0.50,service_seeking,38,0.015502780075843063,0.13617267598890137,0.0072948191761648285,0.8410297247590907,1.0,0.1434674951650662,0.05357035927500893
service_pw_0.50,service_seeking,39,0.016422787947290313,0.12900041673701645,0.007596500082927845,0.8469802952327653,0.9999999999999999,0.1365969168199443,0.058887407305158276
service_pw_0.50,service_seeking,40,0.01736989203554486,0.12231775896471836,0.007899787672894988,0.8524125613268417,1.0,0.13021754663761334,0.06458414329822396
service_pw_0.50,service_seeking,41,0.018343454001405992,0.11608985062019928,0.008204377220858063,0.8573623181575366,1.0,0.12429422784105734,0.0706726486167993
service_pw_0.50,service_seeking,42,0.01934275667289469,0.11028440150983958,0.008510021578945629,0.8618628202383201,1.0,0.11879442308878521,0.07716432661772539
service_pw_0.50,service_seeking,43,0.020367005016059942,0.10487150094539227,0.008816525959549812,0.8659449680789979,1.0,0.11368802690494208,0.0840697985636791
service_pw_0.50,service_seeking,44,0.021415327933525744,0.09982344694704719,0.009123743692932054,0.8696374814264949,0.9999999999999999,0.10894719063997924,0.0913988043086899
service_pw_0.50,service_seeking,45,0.02248678050380823,0.09511458662050207,0.009431572865331556,0.8729670600103581,0.9999999999999999,0.10454615948583362,0.09916010993100997
service_pw_0.50,service_seeking,46,0.023580346835547845,0.0907211672261891,0.009739953310393745,0.8759585326278693,1.0,0.10046112053658285,0.10736141970164208
service_pw_0.50,service_seeking,47,0.024694943200911347,0.08662119741847664,0.010048864022344773,0.8786349953582672,0.9999999999999999,0.09667006144082141,0.11600929474338242
service_pw_0.50,service_seeking,48,0.0258294215207987,0.0827943181026662,0.010358320718304224,0.8810179396582307,0.9999999999999999,0.09315263882097043,0.12510907699559468
service_pw_0.50,service_seeking,49,0.026982573136587126,0.07922168235535307,0.010668373461846953,0.8831273710462128,0.9999999999999999,0.08989005581720003,0.1346648183257886
service_pw_0.50,service_seeking,50,0.0281531326023774,0.07588584386254513,0.01097910449495832,0.884981919040119,0.9999999999999999,0.08686494835750344,0.14467921731021643
service_pw_0.75,service_seeking,0,0.98,0.01,0.01,0.0,1.0,0.02,1.0
service_pw_0.75,service_seeking,1,0.948929818098752,0.019304706862262735,0.030756284856909358,0.0010091901820757547,0.9999999999999999,0.050060991719172096,1.593201340810433
service_pw_0.75,service_seeking,2,0.8841705917902959,0.03687086502495302,0.07601575750687306,0.0029427856778778475,0.9999999999999999,0.11288662253182608,2.061675457178128
service_pw_0.75,service_seeking,3,0.7657207660807259,0.069032155527668,0.1586523454946643,0.006594732896941648,1.0,0.22768450102233231,2.2982383250523974
service_pw_0.75,service_seeking,4,0.5884172487580629,0.12472192256519171,0.2735555030814587,0.013305325595286549,0.9999999999999999,0.3982774256466504,2.193323334464093
service_pw_0.75,service_seeking,5,0.3870401768298029,0.21235127416370309,0.37554670305821086,0.025061845948283375,1.0000000000000002,0.587897977221914,1.7685163629802347
service_pw_0.75,service_seeking,6,0.21928749129022845,0.3310305353368459,0.4055043704794523,0.044177602893473465,1.0000000000000002,0.7365349058162982,1.2249757263837435
service_pw_0.75,service_seeking,7,0.11297050668309441,0.46164084838622255,0.35312213177040935,0.07226651316027366,0.9999999999999999,0.8147629801566318,0.764928261883309
service_pw_0.75,service_seeking,8,0.05695832376332864,0.5734850407271432,0.26050082951909853,0.10905580599042947,0.9999999999999998,0.8339858702462417,0.45424171690476833
service_pw_0.75,service_seeking,9,0.02981537820670388,0.6455852610941579,0.172288395510752,0.15231096518838613,1.0,0.81787365660491,0.266871637092136
service_pw_0.75,service_seeking,10,0.016706728259660103,0.6767676329434179,0.10750084699864304,0.1990247917982788,0.9999999999999999,0.784268479942061,0.1588445454034159
service_pw_0.75,service_seeking,11,0.010138931931373218,0.6775143349090924,0.0657393023056792,0.24660743085385514,0.9999999999999999,0.7432536372147716,0.09703012750940536
service_pw_0.75,service_seeking,12,0.006713230852225872,0.6595618304037532,0.04040860778081041,0.2933163309632106,1.0,0.6999704381845636,0.06126583728484429
service_pw_0.75,service_seeking,13,0.00488738516520204,0.6315807838442177,0.02537906435390452,0.33815276663667576,1.0,0.6569598481981221,0.04018340171692808
service_pw_0.75,service_seeking,14,0.003927035847520249,0.5989760962827768,0.01647762634921132,0.38061924152049165,1.0,0.6154537226319882,0.027509655980381936
service_pw_0.75,service_seeking,15,0.003461594588806929,0.564853138110693,0.011167808882064856,0.42051745841843524,1.0,0.5760209469927579,0.019771172590841348
service_pw_0.75,service_seeking,16,0.0032940849396538747,0.5309168374867897,0.007972170342132478,0.4578169072314239,1.0,0.5388890078289222,0.015015855175869876
service_pw_0.75,service_seeking,17,0.003315257601545235,0.4980684051458577,0.006038983360609218,0.49257735389198787,1.0,0.504107388506467,0.01212480715142074
service_pw_0.75,service_seeking,18,0.00346239077917215,0.4667582189454239,0.004874468823224254,0.5249049214521797,1.0,0.47163268776864814,0.010443241544278422
service_pw_0.75,service_seeking,19,0.0036984420331074657,0.4371855705717344,0.004188417761166665,0.5549275696339915,1.0,0.4413739883329011,0.009580411713243907
service_pw_0.75,service_seeking,20,0.0040010215008212365,0.40941028808690094,0.003807218616834587,0.5827814717954432,0.9999999999999999,0.4132175067037355,0.009299274413999267
service_pw_0.75,service_seeking,21,0.0043563416231532206,0.38341521949708485,0.0036249578008317814,0.60860348107893,0.9999999999999999,0.3870401772979166,0.009454392044182644
service_pw_0.75,service_seeking,22,0.004755791565094346,0.35914149854514077,0.0035756936322750396,0.6325270162574897,1.0,0.3627171921774158,0.009956225183555633
service_pw_0.75,service_seeking,23,0.005193943067811645,0.3365086527388267,0.003617518292582445,0.6546798859007791,0.9999999999999998,0.34012617103140913,0.010750149403706707
service_pw_0.75,service_seeking,24,0.005667359973500176,0.3154261730901693,0.003723245150497269,0.6751832217858331,0.9999999999999998,0.31914941824066656,0.011803856078337938
service_pw_0.75,service_seeking,25,0.0061738704479773025,0.29580020614771735,0.003874871855299033,0.6941510515490061,0.9999999999999998,0.2996750780030164,0.01309962526991611
service_pw_0.75,service_seeking,26,0.006712112198415241,0.27753741794879844,0.0040602295698402985,0.7116902402829459,0.9999999999999999,0.28159764751863875,0.014629485277510764
service_pw_0.75,service_seeking,27,0.007281242043471358,0.26054719491830913,0.004270919707489887,0.7279006433307296,1.0,0.264818114625799,0.016392115481530987
service_pw_0.75,service_seeking,28,0.007880746547073061,0.24474285448926514,0.004501021959749946,0.7428753770039117,0.9999999999999998,0.24924387644901508,0.018390820721376235
service_pw_0.75,service_seeking,29,0.008510316082574318,0.23004226026906255,0.0047462721940789735,0.7567011514542841,0.9999999999999999,0.23478853246314152,0.020632175099164943
service_pw_0.75,service_seeking,30,0.009169759430569429,0.21636807707859107,0.005003531392618918,0.7694586320982205,1.0,0.22137160847120999,0.023125090633409347
service_pw_0.75,service_seeking,31,0.009858944808989927,0.2036478081773803,0.005270437715460793,0.7812228092981689,0.9999999999999999,0.20891824589284108,0.025880159293785097
service_pw_0.75,service_seeking,32,0.010577758452354445,0.19181370187882457,0.005545175568466087,0.7920633641003547,0.9999999999999998,0.19735887744729066,0.028909173401852013
service_pw_0.75,service_seeking,33,0.011326075095209357,0.18080258159862986,0.005826320492133027,0.8020450228140277,0.9999999999999999,0.18662890209076288,0.032224763831453944
service_pw_0.75,service_seeking,34,0.012103736769741453,0.17055563312912628,0.006112733780730959,0.8112278963204013,1.0,0.17666836690985724,0.03584011661522231
service_pw_0.75,service_seeking,35,0.012910537428494516,0.16101817040195945,0.006403490228817227,0.8196678019407287,1.0,0.16742166063077668,0.03976874294889704
service_pw_0.75,service_seeking,36,0.013746211839373176,0.15213939313586392,0.006697828106815864,0.827416566917947,0.9999999999999999,0.15883722124267977,0.04402428568145104
service_pw_0.75,service_seeking,37,0.014610427684834858,0.143872144782264,0.006995114199299844,0.8345223133336013,1.0,0.15086725898156386,0.048620351145013126
service_pw_0.75,service_seeking,38,0.015502780075843063,0.13617267598890137,0.0072948191761648285,0.8410297247590907,1.0,0.1434674951650662,0.05357035927500893
service_pw_0.75,service_seeking,39,0.016422787947290313,0.12900041673701645,0.007596500082927845,0.8469802952327653,0.9999999999999999,0.1365969168199443,0.058887407305158276
service_pw_0.75,service_seeking,40,0.01736989203554486,0.12231775896471836,0.007899787672894988,0.8524125613268417,1.0,0.13021754663761334,0.06458414329822396
service_pw_0.75,service_seeking,41,0.018343454001405992,0.11608985062019928,0.008204377220858063,0.8573623181575366,1.0,0.12429422784105734,0.0706726486167993
service_pw_0.75,service_seeking,42,0.01934275667289469,0.11028440150983958,0.008510021578945629,0.8618628202383201,1.0,0.11879442308878521,0.07716432661772539
service_pw_0.75,service_seeking,43,0.020367005016059942,0.10487150094539227,0.008816525959549812,0.8659449680789979,1.0,0.11368802690494208,0.0840697985636791
service_pw_0.75,service_seeking,44,0.021415327933525744,0.09982344694704719,0.009123743692932054,0.8696374814264949,0.9999999999999999,0.10894719063997924,0.0913988043086899
service_pw_0.75,service_seeking,45,0.02248678050380823,0.09511458662050207,0.009431572865331556,0.8729670600103581,0.9999999999999999,0.10454615948583362,0.09916010993100997
service_pw_0.75,service_seeking,46,0.023580346835547845,0.0907211672261891,0.009739953310393745,0.8759585326278693,1.0,0.10046112053658285,0.10736141970164208
service_pw_0.75,service_seeking,47,0.024694943200911347,0.08662119741847664,0.010048864022344773,0.8786349953582672,0.9999999999999999,0.09667006144082141,0.11600929474338242
service_pw_0.75,service_seeking,48,0.0258294215207987,0.0827943181026662,0.010358320718304224,0.8810179396582307,0.9999999999999999,0.09315263882097043,0.12510907699559468
service_pw_0.75,service_seeking,49,0.026982573136587126,0.07922168235535307,0.010668373461846953,0.8831273710462128,0.9999999999999999,0.08989005581720003,0.1346648183257886
service_pw_0.75,service_seeking,50,0.0281531326023774,0.07588584386254513,0.01097910449495832,0.884981919040119,0.9999999999999999,0.08686494835750344,0.14467921731021643
service_pw_1.00,service_seeking,0,0.98,0.01,0.01,0.0,1.0,0.02,1.0
service_pw_1.00,service_seeking,1,0.948929818098752,0.019304706862262735,0.030756284856909358,0.0010091901820757547,0.9999999999999999,0.050060991719172096,1.593201340810433
service_pw_1.00,service_seeking,2,0.8841705917902959,0.03687086502495302,0.07601575750687306,0.0029427856778778475,0.9999999999999999,0.11288662253182608,2.061675457178128
service_pw_1.00,service_seeking,3,0.7657207660807259,0.069032155527668,0.1586523454946643,0.006594732896941648,1.0,0.22768450102233231,2.2982383250523974
service_pw_1.00,service_seeking,4,0.5884172487580629,0.12472192256519171,0.2735555030814587,0.013305325595286549,0.9999999999999999,0.3982774256466504,2.193323334464093
service_pw_1.00,service_seeking,5,0.3870401768298029,0.21235127416370309,0.37554670305821086,0.025061845948283375,1.0000000000000002,0.587897977221914,1.7685163629802347
service_pw_1.00,service_seeking,6,0.21928749129022845,0.3310305353368459,0.4055043704794523,0.044177602893473465,1.0000000000000002,0.7365349058162982,1.2249757263837435
service_pw_1.00,service_seeking,7,0.11297050668309441,0.46164084838622255,0.35312213177040935,0.07226651316027366,0.9999999999999999,0.8147629801566318,0.764928261883309
service_pw_1.00,service_seeking,8,0.05695832376332864,0.5734850407271432,0.26050082951909853,0.10905580599042947,0.9999999999999998,0.8339858702462417,0.45424171690476833
service_pw_1.00,service_seeking,9,0.02981537820670388,0.6455852610941579,0.172288395510752,0.15231096518838613,1.0,0.81787365660491,0.266871637092136
service_pw_1.00,service_seeking,10,0.016706728259660103,0.6767676329434179,0.10750084699864304,0.1990247917982788,0.9999999999999999,0.784268479942061,0.1588445454034159
service_pw_1.00,service_seeking,11,0.010138931931373218,0.6775143349090924,0.0657393023056792,0.24660743085385514,0.9999999999999999,0.7432536372147716,0.09703012750940536
service_pw_1.00,service_seeking,12,0.006713230852225872,0.6595618304037532,0.04040860778081041,0.2933163309632106,1.0,0.6999704381845636,0.06126583728484429
service_pw_1.00,service_seeking,13,0.00488738516520204,0.6315807838442177,0.02537906435390452,0.33815276663667576,1.0,0.6569598481981221,0.04018340171692808
service_pw_1.00,service_seeking,14,0.003927035847520249,0.5989760962827768,0.01647762634921132,0.38061924152049165,1.0,0.6154537226319882,0.027509655980381936
service_pw_1.00,service_seeking,15,0.003461594588806929,0.564853138110693,0.011167808882064856,0.42051745841843524,1.0,0.5760209469927579,0.019771172590841348
service_pw_1.00,service_seeking,16,0.0032940849396538747,0.5309168374867897,0.007972170342132478,0.4578169072314239,1.0,0.5388890078289222,0.015015855175869876
service_pw_1.00,service_seeking,17,0.003315257601545235,0.4980684051458577,0.006038983360609218,0.49257735389198787,1.0,0.504107388506467,0.01212480715142074
service_pw_1.00,service_seeking,18,0.00346239077917215,0.4667582189454239,0.004874468823224254,0.5249049214521797,1.0,0.47163268776864814,0.010443241544278422
service_pw_1.00,service_seeking,19,0.0036984420331074657,0.4371855705717344,0.004188417761166665,0.5549275696339915,1.0,0.4413739883329011,0.009580411713243907
service_pw_1.00,service_seeking,20,0.0040010215008212365,0.40941028808690094,0.003807218616834587,0.5827814717954432,0.9999999999999999,0.4132175067037355,0.009299274413999267
service_pw_1.00,service_seeking,21,0.0043563416231532206,0.38341521949708485,0.0036249578008317814,0.60860348107893,0.9999999999999999,0.3870401772979166,0.009454392044182644
service_pw_1.00,service_seeking,22,0.004755791565094346,0.35914149854514077,0.0035756936322750396,0.6325270162574897,1.0,0.3627171921774158,0.009956225183555633
service_pw_1.00,service_seeking,23,0.005193943067811645,0.3365086527388267,0.003617518292582445,0.6546798859007791,0.9999999999999998,0.34012617103140913,0.010750149403706707
service_pw_1.00,service_seeking,24,0.005667359973500176,0.3154261730901693,0.003723245150497269,0.6751832217858331,0.9999999999999998,0.31914941824066656,0.011803856078337938
service_pw_1.00,service_seeking,25,0.0061738704479773025,0.29580020614771735,0.003874871855299033,0.6941510515490061,0.9999999999999998,0.2996750780030164,0.01309962526991611
service_pw_1.00,service_seeking,26,0.006712112198415241,0.27753741794879844,0.0040602295698402985,0.7116902402829459,0.9999999999999999,0.28159764751863875,0.014629485277510764
service_pw_1.00,service_seeking,27,0.007281242043471358,0.26054719491830913,0.004270919707489887,0.7279006433307296,1.0,0.264818114625799,0.016392115481530987
service_pw_1.00,service_seeking,28,0.007880746547073061,0.24474285448926514,0.004501021959749946,0.7428753770039117,0.9999999999999998,0.24924387644901508,0.018390820721376235
service_pw_1.00,service_seeking,29,0.008510316082574318,0.23004226026906255,0.0047462721940789735,0.7567011514542841,0.9999999999999999,0.23478853246314152,0.020632175099164943
service_pw_1.00,service_seeking,30,0.009169759430569429,0.21636807707859107,0.005003531392618918,0.7694586320982205,1.0,0.22137160847120999,0.023125090633409347
service_pw_1.00,service_seeking,31,0.009858944808989927,0.2036478081773803,0.005270437715460793,0.7812228092981689,0.9999999999999999,0.20891824589284108,0.025880159293785097
service_pw_1.00,service_seeking,32,0.010577758452354445,0.19181370187882457,0.005545175568466087,0.7920633641003547,0.9999999999999998,0.19735887744729066,0.028909173401852013
service_pw_1.00,service_seeking,33,0.011326075095209357,0.18080258159862986,0.005826320492133027,0.8020450228140277,0.9999999999999999,0.18662890209076288,0.032224763831453944
service_pw_1.00,service_seeking,34,0.012103736769741453,0.17055563312912628,0.006112733780730959,0.8112278963204013,1.0,0.17666836690985724,0.03584011661522231
service_pw_1.00,service_seeking,35,0.012910537428494516,0.16101817040195945,0.006403490228817227,0.8196678019407287,1.0,0.16742166063077668,0.03976874294889704
service_pw_1.00,service_seeking,36,0.013746211839373176,0.15213939313586392,0.006697828106815864,0.827416566917947,0.9999999999999999,0.15883722124267977,0.04402428568145104
service_pw_1.00,service_seeking,37,0.014610427684834858,0.143872144782264,0.006995114199299844,0.8345223133336013,1.0,0.15086725898156386,0.048620351145013126
service_pw_1.00,service_seeking,38,0.015502780075843063,0.13617267598890137,0.0072948191761648285,0.8410297247590907,1.0,0.1434674951650662,0.05357035927500893
service_pw_1.00,service_seeking,39,0.016422787947290313,0.12900041673701645,0.007596500082927845,0.8469802952327653,0.9999999999999999,0.1365969168199443,0.058887407305158276
service_pw_1.00,service_seeking,40,0.01736989203554486,0.12231775896471836,0.007899787672894988,0.8524125613268417,1.0,0.13021754663761334,0.06458414329822396
service_pw_1.00,service_seeking,41,0.018343454001405992,0.11608985062019928,0.008204377220858063,0.8573623181575366,1.0,0.12429422784105734,0.0706726486167993
service_pw_1.00,service_seeking,42,0.01934275667289469,0.11028440150983958,0.008510021578945629,0.8618628202383201,1.0,0.11879442308878521,0.07716432661772539
service_pw_1.00,service_seeking,43,0.020367005016059942,0.10487150094539227,0.008816525959549812,0.8659449680789979,1.0,0.11368802690494208,0.0840697985636791
service_pw_1.00,service_seeking,44,0.021415327933525744,0.09982344694704719,0.009123743692932054,0.8696374814264949,0.9999999999999999,0.10894719063997924,0.0913988043086899
service_pw_1.00,service_seeking,45,0.02248678050380823,0.09511458662050207,0.009431572865331556,0.8729670600103581,0.9999999999999999,0.10454615948583362,0.09916010993100997
service_pw_1.00,service_seeking,46,0.023580346835547845,0.0907211672261891,0.009739953310393745,0.8759585326278693,1.0,0.10046112053658285,0.10736141970164208
service_pw_1.00,service_seeking,47,0.024694943200911347,0.08662119741847664,0.010048864022344773,0.8786349953582672,0.9999999999999999,0.09667006144082141,0.11600929474338242
service_pw_1.00,service_seeking,48,0.0258294215207987,0.0827943181026662,0.010358320718304224,0.8810179396582307,0.9999999999999999,0.09315263882097043,0.12510907699559468
service_pw_1.00,service_seeking,49,0.026982573136587126,0.07922168235535307,0.010668373461846953,0.8831273710462128,0.9999999999999999,0.08989005581720003,0.1346648183257886
service_pw_1.00,service_seeking,50,0.0281531326023774,0.07588584386254513,0.01097910449495832,0.884981919040119,0.9999999999999999,0.08686494835750344,0.14467921731021643
initial_ip_0.010_iw_0.001,initial_condition,0,0.989,0.01,0.001,0.0,1.0,0.011,0.1
initial_ip_0.010_iw_0.001,initial_condition,1,0.9650050936023087,0.01930470686003024,0.014681009355815589,0.0010091901818454643,1.0,0.033985716215845826,0.7604885928732819
initial_ip_0.010_iw_0.001,initial_condition,2,0.9110179177951535,0.036870865025098454,0.049168431501851524,0.002942785677896375,1.0,0.08603929652694997,1.3335307286222324
initial_ip_0.010_iw_0.001,initial_condition,3,0.8049425765684642,0.06903215566386525,0.11943053485391322,0.006594732913756956,0.9999999999999997,0.18846269051777848,1.7300710618896247
initial_ip_0.010_iw_0.001,initial_condition,4,0.6339589292641987,0.12472192254134865,0.2280138226018388,0.01330532559261349,0.9999999999999996,0.35273574514318745,1.8281775806193665
initial_ip_0.010_iw_0.001,initial_condition,5,0.425515365963586,0.21235127412785879,0.3370715139695015,0.025061845939053404,0.9999999999999997,0.5494227880973603,1.5873298399262132
initial_ip_0.010_iw_0.001,initial_condition,6,0.2424459583759495,0.3310305353055616,0.38234590342795755,0.04417760289053102,0.9999999999999996,0.7133764387335191,1.1550170230520538
initial_ip_0.010_iw_0.001,initial_condition,7,0.12350465764451557,0.46164084836715485,0.34258798083331543,0.07226651315501394,0.9999999999999998,0.8042288292004702,0.7421093303269524
initial_ip_0.010_iw_0.001,initial_condition,8,0.0609345600095136,0.5734850407154485,0.25652459329165767,0.1090558059833799,0.9999999999999997,0.8300096340071061,0.4473082558032057
initial_ip_0.010_iw_0.001,initial_condition,9,0.03117402839728025,0.645585261119115,0.17092974530758456,0.15231096517601989,0.9999999999999996,0.8165150064266995,0.26476711226535704
initial_ip_0.010_iw_0.001,initial_condition,10,0.017155358540682477,0.6767676329478025,0.10705221672157884,0.19902479178993604,0.9999999999999999,0.7838198496693813,0.15818164390529524
initial_ip_0.010_iw_0.001,initial_condition,11,0.010288335396852094,0.6775143349193822,0.06558989883856353,0.24660743084520195,0.9999999999999998,0.7431042337579457,0.0968096104510735
initial_ip_0.010_iw_0.001,initial_condition,12,0.006764666303083048,0.6595618304084682,0.04035717233243362,0.29331633095601495,0.9999999999999998,0.6999190027409018,0.06118785301362926
initial_ip_0.010_iw_0.001,initial_condition,13,0.004905924753952003,0.631580783846605,0.025360524769236448,0.3381527666302062,0.9999999999999997,0.6569413086158414,0.040154047459740126
initial_ip_0.010_iw_0.001,initial_condition,14,0.003934070341765203,0.5989760962954916,0.016470591849858517,0.38061924151288434,0.9999999999999998,0.6154466881453502,0.02749791177264796
initial_ip_0.010_iw_0.001,initial_condition,15,0.003464408099247833,0.5648531381233232,0.011164995366088698,0.42051745841134003,0.9999999999999998,0.5760181334894119,0.019766191621389328
initial_ip_0.010_iw_0.001,initial_condition,16,0.0032952701086843305,0.5309168374916009,0.00797098517356811,0.4578169072261463,0.9999999999999997,0.538887822665169,0.015013622870256418
initial_ip_0.010_iw_0.001,initial_condition,17,0.00331578237482324,0.4980684051496417,0.00603845858832532,0.4925773538872094,0.9999999999999996,0.504106863737967,0.012123753536446668
initial_ip_0.010_iw_0.001,initial_condition,18,0.0034626344076821693,0.4667582189517093,0.004874225193489177,0.524904921447119,0.9999999999999997,0.4716324441451985,0.01044271958281995
initial_ip_0.010_iw_0.001,initial_condition,19,0.003698560296833328,0.4371855705796514,0.004188299494769047,0.5549275696287459,0.9999999999999998,0.44137387007442047,0.009580141195455982
initial_ip_0.010_iw_0.001,initial_condition,20,0.004001081361006742,0.4094102880932448,0.003807158754997659,0.5827814717907506,0.9999999999999998,0.41321744684824246,0.009299128199070961
initial_ip_0.010_iw_0.001,initial_condition,21,0.004356373125818075,0.3834152195040191,0.0036249262958914508,0.6086034810742712,0.9999999999999998,0.38704014579991053,0.00945430987476347
initial_ip_0.010_iw_0.001,initial_condition,22,0.004755808764081592,0.3591414985496558,0.0035756764326185485,0.6325270162536438,0.9999999999999998,0.36271717498227435,0.009956177292399882
initial_ip_0.010_iw_0.001,initial_condition,23,0.005193952800464376,0.33650865273990427,0.0036175085614527933,0.6546798858981784,0.9999999999999998,0.3401261613013571,0.010750120485754206
initial_ip_0.010_iw_0.001,initial_condition,24,0.005667365642371808,0.3154261730931603,0.0037232394816155232,0.6751832217828522,0.9999999999999998,0.3191494125747758,0.01180383810609107
initial_ip_0.010_iw_0.001,initial_condition,25,0.006173873847747786,0.2958002061509427,0.003874868455222178,0.6941510515460871,0.9999999999999998,0.2996750746061649,0.01309961377526859
initial_ip_0.010_iw_0.001,initial_condition,26,0.006712114292606451,0.2775374179519994,0.004060227475225652,0.7116902402801684,0.9999999999999998,0.28159764542722504,0.0146294777301988
initial_ip_0.010_iw_0.001,initial_condition,27,0.007281243378827019,0.2605471949205293,0.004270918372206156,0.7279006433284374,0.9999999999999999,0.26481811329273547,0.016392110356470535
initial_ip_0.010_iw_0.001,initial_condition,28,0.007880747411566096,0.2447428544915509,0.004501021095163982,0.7428753770017189,0.9999999999999999,0.24924387558671487,0.018390817188574417
initial_ip_0.010_iw_0.001,initial_condition,29,0.00851031665356686,0.23004226027131108,0.004746271622913517,0.7567011514522084,0.9999999999999999,0.2347885318942246,0.020632172616091408
initial_ip_0.010_iw_0.001,initial_condition,30,0.00916975981578137,0.21636807708071876,0.005003531007211061,0.7694586320962888,1.0,0.22137160808792983,0.023125088851921684
initial_ip_0.010_iw_0.001,initial_condition,31,0.009858945079879269,0.2036478081791391,0.005270437444496091,0.7812228092964855,1.0,0.2089182456236352,0.025880157963006127
initial_ip_0.010_iw_0.001,initial_condition,32,0.010577758639464564,0.19181370188061522,0.0055451753811848244,0.7920633640987353,1.0,0.19735887726180004,0.02890917242521152
initial_ip_0.010_iw_0.001,initial_condition,33,0.011326075227552837,0.18080258160033266,0.005826320359595729,0.8020450228125188,1.0,0.1866289019599284,0.032224763098100635
initial_ip_0.010_iw_0.001,initial_condition,34,0.012103736869120784,0.1705556331305905,0.0061127336812158446,0.8112278963190729,1.0,0.17666836681180634,0.03584011603143865
initial_ip_0.010_iw_0.001,initial_condition,35,0.012910537499363954,0.16101817040340471,0.006403490157764439,0.8196678019394669,1.0,0.16742166056116917,0.03976874250726822
initial_ip_0.010_iw_0.001,initial_condition,36,0.013746211890701358,0.15213939313724587,0.00669782805528436,0.8274165669167685,1.0,0.15883722119253021,0.04402428534233871
initial_ip_0.010_iw_0.001,initial_condition,37,0.014610427728309536,0.14387214478341726,0.00699511415567767,0.8345223133325956,1.0,0.15086725893909492,0.048620350841422424
initial_ip_0.010_iw_0.001,initial_condition,38,0.015502780105482079,0.13617267599007907,0.007294819146327384,0.8410297247581116,1.0,0.14346749513640644,0.05357035905543086
initial_ip_0.010_iw_0.001,initial_condition,39,0.016422787975197903,0.12900041673799187,0.007596500054867081,0.8469802952319433,1.0000000000000002,0.13659691679285896,0.05888740708718841
initial_ip_0.010_iw_0.001,initial_condition,40,0.0173698920528316,0.1223177589657424,0.00789978765540312,0.8524125613260229,1.0,0.1302175466211455,0.06458414315467977
initial_ip_0.010_iw_0.001,initial_condition,41,0.01834345402055608,0.11608985062103583,0.008204377201542988,0.8573623181568653,1.0000000000000002,0.12429422782257882,0.07067264844990963
initial_ip_0.010_iw_0.001,initial_condition,42,0.01934275668313871,0.11028440151073073,0.008510021568489713,0.8618628202376409,1.0,0.11879442307922045,0.07716432652229321
initial_ip_0.010_iw_0.001,initial_condition,43,0.02036700503190418,0.10487150094608319,0.008816525943540725,0.8659449680784721,1.0000000000000002,0.11368802688962391,0.08406979841047092
initial_ip_0.010_iw_0.001,initial_condition,44,0.02141532793686217,0.09982344694786968,0.009123743689359887,0.8696374814259085,1.0000000000000002,0.10894719063722957,0.09139880427215197
initial_ip_0.010_iw_0.001,initial_condition,45,0.022486780512461498,0.09511458662116716,0.00943157285647899,0.8729670600098924,1.0,0.10454615947764614,0.09916010983724395
initial_ip_0.010_iw_0.001,initial_condition,46,0.02358034683771877,0.09072116722688231,0.009739953307987652,0.8759585326274114,1.0000000000000002,0.10046112053486997,0.10736141967429988
initial_ip_0.010_iw_0.001,initial_condition,47,0.024694943201564543,0.08662119741913263,0.010048864021449094,0.8786349953578538,1.0,0.09667006144058173,0.11600929473216369
initial_ip_0.010_iw_0.001,initial_condition,48,0.02582942153424636,0.08279431810311907,0.010358320704696519,0.8810179396579382,1.0000000000000002,0.09315263880781559,0.1251090768305548
initial_ip_0.010_iw_0.001,initial_condition,49,0.026982573132033963,0.07922168235596842,0.010668373466118307,0.8831273710458794,1.0,0.08989005582208673,0.13466481837865907
initial_ip_0.010_iw_0.001,initial_condition,50,0.028153132604768996,0.07588584386304213,0.010979104492337155,0.8849819190398518,1.0,0.08686494835537929,0.144679217274728
initial_ip_0.010_iw_0.010,initial_condition,0,0.98,0.01,0.01,0.0,1.0,0.02,1.0
initial_ip_0.010_iw_0.010,initial_condition,1,0.948929818098752,0.019304706862262735,0.030756284856909358,0.0010091901820757547,0.9999999999999999,0.050060991719172096,1.593201340810433
initial_ip_0.010_iw_0.010,initial_condition,2,0.8841705917902959,0.03687086502495302,0.07601575750687306,0.0029427856778778475,0.9999999999999999,0.11288662253182608,2.061675457178128
initial_ip_0.010_iw_0.010,initial_condition,3,0.7657207660807259,0.069032155527668,0.1586523454946643,0.006594732896941648,1.0,0.22768450102233231,2.2982383250523974
initial_ip_0.010_iw_0.010,initial_condition,4,0.5884172487580629,0.12472192256519171,0.2735555030814587,0.013305325595286549,0.9999999999999999,0.3982774256466504,2.193323334464093
initial_ip_0.010_iw_0.010,initial_condition,5,0.3870401768298029,0.21235127416370309,0.37554670305821086,0.025061845948283375,1.0000000000000002,0.587897977221914,1.7685163629802347
initial_ip_0.010_iw_0.010,initial_condition,6,0.21928749129022845,0.3310305353368459,0.4055043704794523,0.044177602893473465,1.0000000000000002,0.7365349058162982,1.2249757263837435
initial_ip_0.010_iw_0.010,initial_condition,7,0.11297050668309441,0.46164084838622255,0.35312213177040935,0.07226651316027366,0.9999999999999999,0.8147629801566318,0.764928261883309
initial_ip_0.010_iw_0.010,initial_condition,8,0.05695832376332864,0.5734850407271432,0.26050082951909853,0.10905580599042947,0.9999999999999998,0.8339858702462417,0.45424171690476833
initial_ip_0.010_iw_0.010,initial_condition,9,0.02981537820670388,0.6455852610941579,0.172288395510752,0.15231096518838613,1.0,0.81787365660491,0.266871637092136
initial_ip_0.010_iw_0.010,initial_condition,10,0.016706728259660103,0.6767676329434179,0.10750084699864304,0.1990247917982788,0.9999999999999999,0.784268479942061,0.1588445454034159
initial_ip_0.010_iw_0.010,initial_condition,11,0.010138931931373218,0.6775143349090924,0.0657393023056792,0.24660743085385514,0.9999999999999999,0.7432536372147716,0.09703012750940536
initial_ip_0.010_iw_0.010,initial_condition,12,0.006713230852225872,0.6595618304037532,0.04040860778081041,0.2933163309632106,1.0,0.6999704381845636,0.06126583728484429
initial_ip_0.010_iw_0.010,initial_condition,13,0.00488738516520204,0.6315807838442177,0.02537906435390452,0.33815276663667576,1.0,0.6569598481981221,0.04018340171692808
initial_ip_0.010_iw_0.010,initial_condition,14,0.003927035847520249,0.5989760962827768,0.01647762634921132,0.38061924152049165,1.0,0.6154537226319882,0.027509655980381936
initial_ip_0.010_iw_0.010,initial_condition,15,0.003461594588806929,0.564853138110693,0.011167808882064856,0.42051745841843524,1.0,0.5760209469927579,0.019771172590841348
initial_ip_0.010_iw_0.010,initial_condition,16,0.0032940849396538747,0.5309168374867897,0.007972170342132478,0.4578169072314239,1.0,0.5388890078289222,0.015015855175869876
initial_ip_0.010_iw_0.010,initial_condition,17,0.003315257601545235,0.4980684051458577,0.006038983360609218,0.49257735389198787,1.0,0.504107388506467,0.01212480715142074
initial_ip_0.010_iw_0.010,initial_condition,18,0.00346239077917215,0.4667582189454239,0.004874468823224254,0.5249049214521797,1.0,0.47163268776864814,0.010443241544278422
initial_ip_0.010_iw_0.010,initial_condition,19,0.0036984420331074657,0.4371855705717344,0.004188417761166665,0.5549275696339915,1.0,0.4413739883329011,0.009580411713243907
initial_ip_0.010_iw_0.010,initial_condition,20,0.0040010215008212365,0.40941028808690094,0.003807218616834587,0.5827814717954432,0.9999999999999999,0.4132175067037355,0.009299274413999267
initial_ip_0.010_iw_0.010,initial_condition,21,0.0043563416231532206,0.38341521949708485,0.0036249578008317814,0.60860348107893,0.9999999999999999,0.3870401772979166,0.009454392044182644
initial_ip_0.010_iw_0.010,initial_condition,22,0.004755791565094346,0.35914149854514077,0.0035756936322750396,0.6325270162574897,1.0,0.3627171921774158,0.009956225183555633
initial_ip_0.010_iw_0.010,initial_condition,23,0.005193943067811645,0.3365086527388267,0.003617518292582445,0.6546798859007791,0.9999999999999998,0.34012617103140913,0.010750149403706707
initial_ip_0.010_iw_0.010,initial_condition,24,0.005667359973500176,0.3154261730901693,0.003723245150497269,0.6751832217858331,0.9999999999999998,0.31914941824066656,0.011803856078337938
initial_ip_0.010_iw_0.010,initial_condition,25,0.0061738704479773025,0.29580020614771735,0.003874871855299033,0.6941510515490061,0.9999999999999998,0.2996750780030164,0.01309962526991611
initial_ip_0.010_iw_0.010,initial_condition,26,0.006712112198415241,0.27753741794879844,0.0040602295698402985,0.7116902402829459,0.9999999999999999,0.28159764751863875,0.014629485277510764
initial_ip_0.010_iw_0.010,initial_condition,27,0.007281242043471358,0.26054719491830913,0.004270919707489887,0.7279006433307296,1.0,0.264818114625799,0.016392115481530987
initial_ip_0.010_iw_0.010,initial_condition,28,0.007880746547073061,0.24474285448926514,0.004501021959749946,0.7428753770039117,0.9999999999999998,0.24924387644901508,0.018390820721376235
initial_ip_0.010_iw_0.010,initial_condition,29,0.008510316082574318,0.23004226026906255,0.0047462721940789735,0.7567011514542841,0.9999999999999999,0.23478853246314152,0.020632175099164943
initial_ip_0.010_iw_0.010,initial_condition,30,0.009169759430569429,0.21636807707859107,0.005003531392618918,0.7694586320982205,1.0,0.22137160847120999,0.023125090633409347
initial_ip_0.010_iw_0.010,initial_condition,31,0.009858944808989927,0.2036478081773803,0.005270437715460793,0.7812228092981689,0.9999999999999999,0.20891824589284108,0.025880159293785097
initial_ip_0.010_iw_0.010,initial_condition,32,0.010577758452354445,0.19181370187882457,0.005545175568466087,0.7920633641003547,0.9999999999999998,0.19735887744729066,0.028909173401852013
initial_ip_0.010_iw_0.010,initial_condition,33,0.011326075095209357,0.18080258159862986,0.005826320492133027,0.8020450228140277,0.9999999999999999,0.18662890209076288,0.032224763831453944
initial_ip_0.010_iw_0.010,initial_condition,34,0.012103736769741453,0.17055563312912628,0.006112733780730959,0.8112278963204013,1.0,0.17666836690985724,0.03584011661522231
initial_ip_0.010_iw_0.010,initial_condition,35,0.012910537428494516,0.16101817040195945,0.006403490228817227,0.8196678019407287,1.0,0.16742166063077668,0.03976874294889704
initial_ip_0.010_iw_0.010,initial_condition,36,0.013746211839373176,0.15213939313586392,0.006697828106815864,0.827416566917947,0.9999999999999999,0.15883722124267977,0.04402428568145104
initial_ip_0.010_iw_0.010,initial_condition,37,0.014610427684834858,0.143872144782264,0.006995114199299844,0.8345223133336013,1.0,0.15086725898156386,0.048620351145013126
initial_ip_0.010_iw_0.010,initial_condition,38,0.015502780075843063,0.13617267598890137,0.0072948191761648285,0.8410297247590907,1.0,0.1434674951650662,0.05357035927500893
initial_ip_0.010_iw_0.010,initial_condition,39,0.016422787947290313,0.12900041673701645,0.007596500082927845,0.8469802952327653,0.9999999999999999,0.1365969168199443,0.058887407305158276
initial_ip_0.010_iw_0.010,initial_condition,40,0.01736989203554486,0.12231775896471836,0.007899787672894988,0.8524125613268417,1.0,0.13021754663761334,0.06458414329822396
initial_ip_0.010_iw_0.010,initial_condition,41,0.018343454001405992,0.11608985062019928,0.008204377220858063,0.8573623181575366,1.0,0.12429422784105734,0.0706726486167993
initial_ip_0.010_iw_0.010,initial_condition,42,0.01934275667289469,0.11028440150983958,0.008510021578945629,0.8618628202383201,1.0,0.11879442308878521,0.07716432661772539
initial_ip_0.010_iw_0.010,initial_condition,43,0.020367005016059942,0.10487150094539227,0.008816525959549812,0.8659449680789979,1.0,0.11368802690494208,0.0840697985636791
initial_ip_0.010_iw_0.010,initial_condition,44,0.021415327933525744,0.09982344694704719,0.009123743692932054,0.8696374814264949,0.9999999999999999,0.10894719063997924,0.0913988043086899
initial_ip_0.010_iw_0.010,initial_condition,45,0.02248678050380823,0.09511458662050207,0.009431572865331556,0.8729670600103581,0.9999999999999999,0.10454615948583362,0.09916010993100997
initial_ip_0.010_iw_0.010,initial_condition,46,0.023580346835547845,0.0907211672261891,0.009739953310393745,0.8759585326278693,1.0,0.10046112053658285,0.10736141970164208
initial_ip_0.010_iw_0.010,initial_condition,47,0.024694943200911347,0.08662119741847664,0.010048864022344773,0.8786349953582672,0.9999999999999999,0.09667006144082141,0.11600929474338242
initial_ip_0.010_iw_0.010,initial_condition,48,0.0258294215207987,0.0827943181026662,0.010358320718304224,0.8810179396582307,0.9999999999999999,0.09315263882097043,0.12510907699559468
initial_ip_0.010_iw_0.010,initial_condition,49,0.026982573136587126,0.07922168235535307,0.010668373461846953,0.8831273710462128,0.9999999999999999,0.08989005581720003,0.1346648183257886
initial_ip_0.010_iw_0.010,initial_condition,50,0.0281531326023774,0.07588584386254513,0.01097910449495832,0.884981919040119,0.9999999999999999,0.08686494835750344,0.14467921731021643
initial_ip_0.001_iw_0.010,initial_condition,0,0.989,0.001,0.01,0.0,1.0,0.011,10.0
initial_ip_0.001_iw_0.010,initial_condition,1,0.9781178592453534,0.0019493295791336409,0.01983140357294661,0.00010140760256634117,1.0,0.02178073315208025,10.173448238424859
initial_ip_0.001_iw_0.010,initial_condition,2,0.957109862183218,0.003795690613878252,0.03879589367409762,0.00029855352880620674,1.0000000000000002,0.042591584287975874,10.221036860129615
initial_ip_0.001_iw_0.010,initial_condition,3,0.9178556950381537,0.007375045738887397,0.07408766083638638,0.0006815983865726339,1.0,0.08146270657527377,10.045722217793768
initial_ip_0.001_iw_0.010,initial_condition,4,0.8487032559732498,0.014270446193431163,0.13560241268451156,0.0014238851488075717,1.0000000000000002,0.14987285887794272,9.502324653796094
initial_ip_0.001_iw_0.010,initial_condition,5,0.7385312482132359,0.027394198320740908,0.231220540013145,0.0028540134528785514,1.0000000000000002,0.2586147383338859,8.440493030894118
initial_ip_0.001_iw_0.010,initial_condition,6,0.5881891598284325,0.05180521053557341,0.3544274386019308,0.0055781910340634315,1.0000000000000002,0.40623264913750423,6.84154035738459
initial_ip_0.001_iw_0.010,initial_condition,7,0.4210468054818062,0.09532339710715736,0.4729715225852198,0.01065827482581704,1.0000000000000002,0.5682949196923771,4.961756892209066
initial_ip_0.001_iw_0.010,initial_condition,8,0.2724812976931184,0.1672918674786197,0.5404450604665673,0.019781774361694978,1.0000000000000004,0.7077369279451869,3.230551900770893
initial_ip_0.001_iw_0.010,initial_condition,9,0.1640585250442356,0.27250811004663844,0.528245703834647,0.035187661074479445,1.0000000000000004,0.8007538138812854,1.9384586526406142
initial_ip_0.001_iw_0.010,initial_condition,10,0.0952105361115458,0.40083355281068045,0.44498293546566997,0.0589729756121043,1.0000000000000004,0.8458164882763504,1.1101439296820592
initial_ip_0.001_iw_0.010,initial_condition,11,0.054776179743208885,0.5248413177545032,0.32853924663336415,0.0918432558689245,1.0000000000000009,0.8533805643878674,0.6259782443177232
initial_ip_0.001_iw_0.010,initial_condition,12,0.03183934808265174,0.6165981657215728,0.21917276116481368,0.1323897250309625,1.0000000000000007,0.8357709268863864,0.35545477322062285
initial_ip_0.001_iw_0.010,initial_condition,13,0.018983874985257235,0.6659108085946349,0.13731140372063036,0.1777939126994782,1.0000000000000007,0.8032222123152652,0.20620089349565882
initial_ip_0.001_iw_0.010,initial_condition,14,0.01179174291173989,0.6793191360790736,0.08371218772686131,0.22517693328232585,1.0000000000000007,0.7630313238059349,0.12322954452606075
initial_ip_0.001_iw_0.010,initial_condition,15,0.007761453860578502,0.6688506985131486,0.05099107208386942,0.27239677554240416,1.0000000000000007,0.719841770597018,0.07623685255502055
initial_ip_0.001_iw_0.010,initial_condition,16,0.005508061802241938,0.6447651094446751,0.03158898604634715,0.3181378427067364,1.0000000000000007,0.6763540954910223,0.04899301401956162
initial_ip_0.001_iw_0.010,initial_condition,17,0.004270433695139844,0.613881680298079,0.02014955449979823,0.3616983315069835,1.0000000000000004,0.6340312347978773,0.03282318913640545
initial_ip_0.001_iw_0.010,initial_condition,18,0.0036284309530451807,0.5802464865120155,0.01336466548409005,0.40276041705084986,1.0000000000000007,0.5936111519961056,0.023032738318551287
initial_ip_0.001_iw_0.010,initial_condition,19,0.003347135742747787,0.5461248756605087,0.009300808416581274,0.4412271801801627,1.0000000000000004,0.55542568407709,0.017030552591717135
initial_ip_0.001_iw_0.010,initial_condition,20,0.0032928223719054005,0.5127373631443304,0.0068469476444810475,0.47712286683928373,1.0000000000000004,0.5195843107888114,0.013353713102732676
initial_ip_0.001_iw_0.010,initial_condition,21,0.0033878198493414993,0.48071335923003083,0.00536330369698694,0.5105355172236413,1.0000000000000007,0.4860766629270178,0.011156968272272404
initial_ip_0.001_iw_0.010,initial_condition,22,0.003586086566659167,0.4503521146031269,0.004477044970721017,0.5415847538594935,1.0000000000000004,0.45482915957384795,0.009941210056638495
initial_ip_0.001_iw_0.010,initial_condition,23,0.0038598005714624148,0.4217691552214392,0.003967201555116532,0.5704038426519824,1.0000000000000004,0.42573635677655575,0.009406096927675172
initial_ip_0.001_iw_0.010,initial_condition,24,0.004191860736596048,0.3949781408287697,0.0037002584619858572,0.5971297399726488,1.0000000000000004,0.39867839929075555,0.009368261378266974
initial_ip_0.001_iw_0.010,initial_condition,25,0.004571606993160912,0.3699368918833501,0.003593888036269888,0.6218976130872196,1.0000000000000004,0.37353077991961997,0.009714867900774618
initial_ip_0.001_iw_0.010,initial_condition,26,0.004992325486328216,0.3465735208815479,0.0035962677253861533,0.6448378859067382,1.0000000000000004,0.35016978860693404,0.010376637304080965
initial_ip_0.001_iw_0.010,initial_condition,27,0.0054497627651878666,0.32480141598482704,0.003674096895699192,0.6660747243542865,1.0000000000000007,0.32847551288052623,0.011311825364304525
initial_ip_0.001_iw_0.010,initial_condition,28,0.005941221973110689,0.30452789623382254,0.003805532317632803,0.6857253494754345,1.0000000000000004,0.30833342855145535,0.012496498234469921
initial_ip_0.001_iw_0.010,initial_condition,29,0.006465001523629316,0.28565922135710786,0.0039759484982204475,0.7038998286210429,1.0000000000000007,0.28963516985532833,0.013918502190587578
initial_ip_0.001_iw_0.010,initial_condition,30,0.007020039094339128,0.2681034708806555,0.00417534809549895,0.720701141929507,1.0000000000000004,0.27227881897615447,0.015573644316442209
initial_ip_0.001_iw_0.010,initial_condition,31,0.007605681465832606,0.2517721610484232,0.004396752600446355,0.7362254048852984,1.0000000000000007,0.25616891364886957,0.017463219849793998
initial_ip_0.001_iw_0.010,initial_condition,32,0.008221532496130763,0.23658110567932378,0.004635185858358761,0.7505621759661872,1.0000000000000004,0.24121629153768254,0.019592375498665434
initial_ip_0.001_iw_0.010,initial_condition,33,0.008867350929475508,0.222450820526841,0.004887021803580949,0.763794806740103,1.0000000000000004,0.22733784233042195,0.021968998774680983
initial_ip_0.001_iw_0.010,initial_condition,34,0.00954298029379171,0.2093066511904147,0.005149559868943951,0.7760008086468501,1.0000000000000004,0.21445621105935864,0.024602944243081837
initial_ip_0.001_iw_0.010,initial_condition,35,0.010248300087446987,0.19707873426713154,0.00542074472279713,0.7872522209226248,1.0000000000000004,0.20249947898992868,0.027505477660768562
initial_ip_0.001_iw_0.010,initial_condition,36,0.010983191166350931,0.18570185941303458,0.005698979042924468,0.7976159703776905,1.0000000000000004,0.19140083845595904,0.030688863649172764
initial_ip_0.001_iw_0.010,initial_condition,37,0.011747510945629463,0.17511527447114492,0.0059829969633004385,0.8071542176199257,1.0000000000000004,0.18109827143444535,0.03416604851501005
initial_ip_0.001_iw_0.010,initial_condition,38,0.012541075502636502,0.16526246013516876,0.006271777623293059,0.8159246867389023,1.0000000000000007,0.17153423775846183,0.03795040699601924
initial_ip_0.001_iw_0.010,initial_condition,39,0.01336364660773948,0.15609089083384667,0.006564485570747313,0.8239809769876671,1.0000000000000007,0.162655376404594,0.0420555327455654
initial_ip_0.001_iw_0.010,initial_condition,40,0.01421492239813578,0.14755179234272953,0.0068604293003366535,0.8313728559587986,1.0000000000000004,0.15441222164306617,0.04649505906645596
initial_ip_0.001_iw_0.010,initial_condition,41,0.015094530831541986,0.13959990269031608,0.007159032126547017,0.8381465343515955,1.0000000000000004,0.14675893481686308,0.051282500836898025
initial_ip_0.001_iw_0.010,initial_condition,42,0.01600202525567103,0.13219324039087707,0.007459811556525375,0.8443449227969271,1.0000000000000004,0.13965305194740243,0.05643111201804076
initial_ip_0.001_iw_0.010,initial_condition,43,0.016936881649315005,0.12529288238992628,0.007762364531240591,0.8500078714295186,1.0000000000000004,0.13305524692116688,0.061953754939432185
initial_ip_0.001_iw_0.010,initial_condition,44,0.01789849728108478,0.1188627530351039,0.008066356659133368,0.8551723930246785,1.0000000000000004,0.12692910969423726,0.06786277831501278
initial_ip_0.001_iw_0.010,initial_condition,45,0.018886190392799696,0.11286942469063004,0.008371514339556154,0.8598728705770147,1.0000000000000004,0.12124093903018619,0.0741699035190628
initial_ip_0.001_iw_0.010,initial_condition,46,0.019899200915138773,0.10728193014995958,0.0086776187086997,0.8641412502262026,1.0000000000000007,0.11595954885865928,0.0808861165768555
initial_ip_0.001_iw_0.010,initial_condition,47,0.02093669182163216,0.10207158671649133,0.008984501036575464,0.8680072204253017,1.0000000000000007,0.1110560877530668,0.08802156727053084
initial_ip_0.001_iw_0.010,initial_condition,48,0.021997751246340982,0.09721183162485099,0.009292038895867405,0.8714983782329412,1.0000000000000004,0.1065038705207184,0.09558547288488711
initial_ip_0.001_iw_0.010,initial_condition,49,0.023081395010055624,0.09267806836987576,0.009600153046664991,0.8746403835734042,1.0000000000000007,0.10227822141654075,0.10358602866377221
initial_ip_0.001_iw_0.010,initial_condition,50,0.024186569654431375,0.08844752343507174,0.009908804633941951,0.8774571022765555,1.0000000000000004,0.09835632806901369,0.11203032316914882
